{
	"label": "Strength of Thousands",
	"entries": [
		{
			"id": "Abendego Brutes",
			"name": "Abendego Brutes"
		},
		{
			"id": "Abendego Jailers",
			"name": "Abendego Jailers"
		},
		{
			"id": "Abendego Priest",
			"name": "Abendego Priest"
		},
		{
			"id": "Agitated Carnivorous Plants",
			"name": "Agitated Carnivorous Plants"
		},
		{
			"id": "Ajbal Kimon",
			"name": "Ajbal Kimon"
		},
		{
			"id": "Alapolo",
			"name": "Alapolo"
		},
		{
			"id": "Alate Ant",
			"name": "Alate Ant"
		},
		{
			"id": "Anadi Fateweaver",
			"name": "Anadi Fateweaver"
		},
		{
			"id": "Anadi Lurker",
			"name": "Anadi Lurker"
		},
		{
			"id": "Anadi Seeker",
			"name": "Anadi Seeker"
		},
		{
			"id": "Ancient Rivener",
			"name": "Ancient Rivener"
		},
		{
			"id": "Apocalypse Ant Swarm",
			"name": "Apocalypse Ant Swarm"
		},
		{
			"id": "Aspect of Hunger",
			"name": "Aspect of Hunger"
		},
		{
			"id": "Aspect of Immortality",
			"name": "Aspect of Immortality"
		},
		{
			"id": "Aspect of Insects",
			"name": "Aspect of Insects"
		},
		{
			"id": "Auto-Turret",
			"name": "Auto-Turret"
		},
		{
			"id": "Avatar Of Walkena",
			"name": "Avatar Of Walkena"
		},
		{
			"id": "Ba'aupa Mdoudu",
			"name": "Ba'aupa Mdoudu"
		},
		{
			"id": "Bharlen Sajor",
			"name": "Bharlen Sajor"
		},
		{
			"id": "Biloko Reavers",
			"name": "Biloko Reavers"
		},
		{
			"id": "Binji",
			"name": "Binji"
		},
		{
			"id": "Bog Mummy Amalgamation",
			"name": "Bog Mummy Amalgamation"
		},
		{
			"id": "Boggard Hunter",
			"name": "Boggard Hunter"
		},
		{
			"id": "Boulder Deadfall Trap",
			"name": "Boulder Deadfall Trap"
		},
		{
			"id": "Bramblehand Champion Construct",
			"name": "Bramblehand Champion Construct"
		},
		{
			"id": "Cataclysm Beetle",
			"name": "Cataclysm Beetle"
		},
		{
			"id": "Centipede Carcasses Trap",
			"name": "Centipede Carcasses Trap"
		},
		{
			"id": "Chromatic Ooze",
			"name": "Chromatic Ooze"
		},
		{
			"id": "Clockwork Clock Tower",
			"name": "Clockwork Clock Tower"
		},
		{
			"id": "Contemplative",
			"name": "Contemplative"
		},
		{
			"id": "Contemplative Meditant",
			"name": "Contemplative Meditant"
		},
		{
			"id": "Contemplative Mentor",
			"name": "Contemplative Mentor"
		},
		{
			"id": "Cookie",
			"name": "Cookie"
		},
		{
			"id": "Crawling Slurry",
			"name": "Crawling Slurry"
		},
		{
			"id": "Crimson Acolyte",
			"name": "Crimson Acolyte"
		},
		{
			"id": "Cyclops Bully",
			"name": "Cyclops Bully"
		},
		{
			"id": "Damibwa",
			"name": "Damibwa"
		},
		{
			"id": "Deathly Dream",
			"name": "Deathly Dream"
		},
		{
			"id": "Dimari-Diji",
			"name": "Dimari-Diji"
		},
		{
			"id": "Drenchdead",
			"name": "Drenchdead"
		},
		{
			"id": "Dwandek",
			"name": "Dwandek"
		},
		{
			"id": "Electrified Water Ward",
			"name": "Electrified Water Ward"
		},
		{
			"id": "Entropy Choir",
			"name": "Entropy Choir"
		},
		{
			"id": "Fire-pot Ubanu",
			"name": "Fire-pot Ubanu"
		},
		{
			"id": "Flensing Chute",
			"name": "Flensing Chute"
		},
		{
			"id": "Formian Mageslayer",
			"name": "Formian Mageslayer"
		},
		{
			"id": "Formian Queen",
			"name": "Formian Queen"
		},
		{
			"id": "Formian Worker",
			"name": "Formian Worker"
		},
		{
			"id": "Froglegs",
			"name": "Froglegs"
		},
		{
			"id": "Gambulami",
			"name": "Gambulami"
		},
		{
			"id": "Gbahali",
			"name": "Gbahali"
		},
		{
			"id": "Giant Goliath Beetle",
			"name": "Giant Goliath Beetle"
		},
		{
			"id": "Giant Mining Bee",
			"name": "Giant Mining Bee"
		},
		{
			"id": "Giant Silverfish",
			"name": "Giant Silverfish"
		},
		{
			"id": "Giant Tsetse Fly",
			"name": "Giant Tsetse Fly"
		},
		{
			"id": "Giant Worker Bee",
			"name": "Giant Worker Bee"
		},
		{
			"id": "Gluttonworm",
			"name": "Gluttonworm"
		},
		{
			"id": "Gnagrif",
			"name": "Gnagrif"
		},
		{
			"id": "Gold Defender",
			"name": "Gold Defender"
		},
		{
			"id": "Gold Defender Garrison",
			"name": "Gold Defender Garrison"
		},
		{
			"id": "Golgopo",
			"name": "Golgopo"
		},
		{
			"id": "Grave Karinas",
			"name": "Grave Karinas"
		},
		{
			"id": "Graveknight Captain",
			"name": "Graveknight Captain"
		},
		{
			"id": "Graveknight Champion",
			"name": "Graveknight Champion"
		},
		{
			"id": "Great Grodair",
			"name": "Great Grodair"
		},
		{
			"id": "Grippli Jinxer",
			"name": "Grippli Jinxer"
		},
		{
			"id": "Grippli Skirmisher",
			"name": "Grippli Skirmisher"
		},
		{
			"id": "Grouloop",
			"name": "Grouloop"
		},
		{
			"id": "Halbrux Far-sight",
			"name": "Halbrux Far-sight"
		},
		{
			"id": "Hivebound Arboreal",
			"name": "Hivebound Arboreal"
		},
		{
			"id": "I'iko Dragon",
			"name": "I'iko Dragon"
		},
		{
			"id": "Ikeshti Brood-Minder",
			"name": "Ikeshti Brood-Minder"
		},
		{
			"id": "Iobane Magus",
			"name": "Iobane Magus"
		},
		{
			"id": "Ironclad Annihilator Beetle",
			"name": "Ironclad Annihilator Beetle"
		},
		{
			"id": "Ixamè",
			"name": "Ixamè"
		},
		{
			"id": "Jackal Guard",
			"name": "Jackal Guard"
		},
		{
			"id": "Karumzek",
			"name": "Karumzek"
		},
		{
			"id": "Karumzek Swarm",
			"name": "Karumzek Swarm"
		},
		{
			"id": "Khefak Scuttler",
			"name": "Khefak Scuttler"
		},
		{
			"id": "Kilia Mwibo",
			"name": "Kilia Mwibo"
		},
		{
			"id": "King of Biting Ants",
			"name": "King of Biting Ants"
		},
		{
			"id": "Kiru",
			"name": "Kiru"
		},
		{
			"id": "Kolbo",
			"name": "Kolbo"
		},
		{
			"id": "Kreekoss",
			"name": "Kreekoss"
		},
		{
			"id": "Kurshkin",
			"name": "Kurshkin"
		},
		{
			"id": "Lignified Adamantine Golem",
			"name": "Lignified Adamantine Golem"
		},
		{
			"id": "Living Sun-spires",
			"name": "Living Sun-spires"
		},
		{
			"id": "Loakan",
			"name": "Loakan"
		},
		{
			"id": "Mashkudu The Bully",
			"name": "Mashkudu The Bully"
		},
		{
			"id": "Mpeshi",
			"name": "Mpeshi"
		},
		{
			"id": "Mpondo",
			"name": "Mpondo"
		},
		{
			"id": "Mutated Sewer Ooze",
			"name": "Mutated Sewer Ooze"
		},
		{
			"id": "Nairu",
			"name": "Nairu"
		},
		{
			"id": "Nkiruka",
			"name": "Nkiruka"
		},
		{
			"id": "Norgorberite Spy",
			"name": "Norgorberite Spy"
		},
		{
			"id": "Old Thrasher",
			"name": "Old Thrasher"
		},
		{
			"id": "Onyiji",
			"name": "Onyiji"
		},
		{
			"id": "Pugwampi (SoT)",
			"name": "Pugwampi (SoT)"
		},
		{
			"id": "Ravager Of Tindalos",
			"name": "Ravager Of Tindalos"
		},
		{
			"id": "Reborn Sun Hunter",
			"name": "Reborn Sun Hunter"
		},
		{
			"id": "Reborn Sun Mage",
			"name": "Reborn Sun Mage"
		},
		{
			"id": "Reborn Sun Warrior",
			"name": "Reborn Sun Warrior"
		},
		{
			"id": "Red Commander Ant",
			"name": "Red Commander Ant"
		},
		{
			"id": "Red Guard Ant",
			"name": "Red Guard Ant"
		},
		{
			"id": "Red Queen",
			"name": "Red Queen"
		},
		{
			"id": "Reth",
			"name": "Reth"
		},
		{
			"id": "Riding Frog",
			"name": "Riding Frog"
		},
		{
			"id": "Rigged Ramen Cart",
			"name": "Rigged Ramen Cart"
		},
		{
			"id": "Salathiss",
			"name": "Salathiss"
		},
		{
			"id": "Sand Racer",
			"name": "Sand Racer"
		},
		{
			"id": "Screaming Sulfur",
			"name": "Screaming Sulfur"
		},
		{
			"id": "Scrit",
			"name": "Scrit"
		},
		{
			"id": "Serpent Ward",
			"name": "Serpent Ward"
		},
		{
			"id": "Serpentfolk Granitescale",
			"name": "Serpentfolk Granitescale"
		},
		{
			"id": "Serpentfolk Venom Caller",
			"name": "Serpentfolk Venom Caller"
		},
		{
			"id": "Shianshi Waymaker",
			"name": "Shianshi Waymaker"
		},
		{
			"id": "Shieldbearer Construct",
			"name": "Shieldbearer Construct"
		},
		{
			"id": "Shobhad Enforcer",
			"name": "Shobhad Enforcer"
		},
		{
			"id": "Shobhad Sniper",
			"name": "Shobhad Sniper"
		},
		{
			"id": "Sicklehand Construct",
			"name": "Sicklehand Construct"
		},
		{
			"id": "Silverfish Swarm",
			"name": "Silverfish Swarm"
		},
		{
			"id": "Skartitch Chip-Tooth",
			"name": "Skartitch Chip-Tooth"
		},
		{
			"id": "Slana",
			"name": "Slana"
		},
		{
			"id": "Soul Swarm",
			"name": "Soul Swarm"
		},
		{
			"id": "Sparkeater",
			"name": "Sparkeater"
		},
		{
			"id": "Spawn of Taon",
			"name": "Spawn of Taon"
		},
		{
			"id": "Spellskein",
			"name": "Spellskein"
		},
		{
			"id": "Spellskein (Consecrate)",
			"name": "Spellskein (Consecrate)"
		},
		{
			"id": "Spellskein (Control Weather)",
			"name": "Spellskein (Control Weather)"
		},
		{
			"id": "Spellskein (Heroes' Feast)",
			"name": "Spellskein (Heroes' Feast)"
		},
		{
			"id": "Spider Summoning Rune",
			"name": "Spider Summoning Rune"
		},
		{
			"id": "Ssumzili",
			"name": "Ssumzili"
		},
		{
			"id": "Stinger Ward Trap",
			"name": "Stinger Ward Trap"
		},
		{
			"id": "Stone Ghost",
			"name": "Stone Ghost"
		},
		{
			"id": "Sun Warrior Brigade",
			"name": "Sun Warrior Brigade"
		},
		{
			"id": "Sunburst Corpse",
			"name": "Sunburst Corpse"
		},
		{
			"id": "Ta'apundo",
			"name": "Ta'apundo"
		},
		{
			"id": "Takulu Ot",
			"name": "Takulu Ot"
		},
		{
			"id": "Taon",
			"name": "Taon"
		},
		{
			"id": "Tatterthread",
			"name": "Tatterthread"
		},
		{
			"id": "Terwa Chosen",
			"name": "Terwa Chosen"
		},
		{
			"id": "Terwa Prodigy",
			"name": "Terwa Prodigy"
		},
		{
			"id": "Terwa Star Reader",
			"name": "Terwa Star Reader"
		},
		{
			"id": "Thasteron Khefak",
			"name": "Thasteron Khefak"
		},
		{
			"id": "Thiarvo the Quick",
			"name": "Thiarvo the Quick"
		},
		{
			"id": "Thorn Guardian",
			"name": "Thorn Guardian"
		},
		{
			"id": "Tollvych",
			"name": "Tollvych"
		},
		{
			"id": "Umbo",
			"name": "Umbo"
		},
		{
			"id": "Unshadowed Anchor Root",
			"name": "Unshadowed Anchor Root"
		},
		{
			"id": "Unshadowed Haibram",
			"name": "Unshadowed Haibram"
		},
		{
			"id": "Unshadowed Koride",
			"name": "Unshadowed Koride"
		},
		{
			"id": "Unshadowed Mariama",
			"name": "Unshadowed Mariama"
		},
		{
			"id": "Unshadowed Okoro",
			"name": "Unshadowed Okoro"
		},
		{
			"id": "Urbel",
			"name": "Urbel"
		},
		{
			"id": "Venom Pool",
			"name": "Venom Pool"
		},
		{
			"id": "Wereant Disciple",
			"name": "Wereant Disciple"
		},
		{
			"id": "Wereant Poisoner",
			"name": "Wereant Poisoner"
		},
		{
			"id": "Wereant Sentinel",
			"name": "Wereant Sentinel"
		},
		{
			"id": "Worknesh",
			"name": "Worknesh"
		},
		{
			"id": "Yonsuu",
			"name": "Yonsuu"
		},
		{
			"id": "Yorulu",
			"name": "Yorulu"
		}
	]
}