{
	"label": "April Fool's Bestiary",
	"entries": [
		{
			"id": "Blarghest",
			"name": "Blarghest"
		},
		{
			"id": "Cacaodaemon",
			"name": "Cacaodaemon"
		},
		{
			"id": "Demom",
			"name": "Demom"
		},
		{
			"id": "Floolf",
			"name": "Floolf"
		},
		{
			"id": "Nonsequitaur",
			"name": "Nonsequitaur"
		},
		{
			"id": "Nosferotter",
			"name": "Nosferotter"
		},
		{
			"id": "Psstpsstmitl",
			"name": "Psstpsstmitl"
		},
		{
			"id": "Squirrelwind",
			"name": "Squirrelwind"
		},
		{
			"id": "Weredigo",
			"name": "Weredigo"
		}
	]
}