{
	"label": "Non-Iconic Pregens",
	"entries": [
		{
			"id": "Booker Kaar",
			"name": "Booker Kaar"
		},
		{
			"id": "Doc Featherton",
			"name": "Doc Featherton"
		},
		{
			"id": "Ekene",
			"name": "Ekene"
		},
		{
			"id": "Elsir Syniras",
			"name": "Elsir Syniras"
		},
		{
			"id": "Eteleon",
			"name": "Eteleon"
		},
		{
			"id": "Ezren (Beginner Box)",
			"name": "Ezren (Beginner Box)"
		},
		{
			"id": "Grimmnir",
			"name": "Grimmnir"
		},
		{
			"id": "Izni",
			"name": "Izni"
		},
		{
			"id": "Jadren Tagar",
			"name": "Jadren Tagar"
		},
		{
			"id": "Jaithe",
			"name": "Jaithe"
		},
		{
			"id": "Kaako Ashfeather",
			"name": "Kaako Ashfeather"
		},
		{
			"id": "Kalaggi Nakutu",
			"name": "Kalaggi Nakutu"
		},
		{
			"id": "Kangir",
			"name": "Kangir"
		},
		{
			"id": "Kellsti",
			"name": "Kellsti"
		},
		{
			"id": "Kyra (Beginner Box)",
			"name": "Kyra (Beginner Box)"
		},
		{
			"id": "Lavanna Saltspray",
			"name": "Lavanna Saltspray"
		},
		{
			"id": "Melvok",
			"name": "Melvok"
		},
		{
			"id": "Merisiel (Beginner Box)",
			"name": "Merisiel (Beginner Box)"
		},
		{
			"id": "Muruwa",
			"name": "Muruwa"
		},
		{
			"id": "Oraka",
			"name": "Oraka"
		},
		{
			"id": "Precious",
			"name": "Precious"
		},
		{
			"id": "Quizrel",
			"name": "Quizrel"
		},
		{
			"id": "Rhin",
			"name": "Rhin"
		},
		{
			"id": "Savshin Starwatcher",
			"name": "Savshin Starwatcher"
		},
		{
			"id": "Simeek",
			"name": "Simeek"
		},
		{
			"id": "Takemiru",
			"name": "Takemiru"
		},
		{
			"id": "Ufi",
			"name": "Ufi"
		},
		{
			"id": "Valeros (Beginner Box)",
			"name": "Valeros (Beginner Box)"
		},
		{
			"id": "Yacob",
			"name": "Yacob"
		},
		{
			"id": "Zakzak",
			"name": "Zakzak"
		},
		{
			"id": "Zane Ikundi",
			"name": "Zane Ikundi"
		},
		{
			"id": "Zathri",
			"name": "Zathri"
		},
		{
			"id": "Zeah",
			"name": "Zeah"
		},
		{
			"id": "Zerryd",
			"name": "Zerryd"
		},
		{
			"id": "Zindarel",
			"name": "Zindarel"
		}
	]
}