{
	"label": "Hero Point Deck",
	"entries": [
		{
			"id": "Ancestral Might",
			"name": "Ancestral Might",
			"description": "<p>Play during your turn.</p>\n<hr />\n<p>Until the start of your next turn, you gain a +2 status bonus to checks based on the ability scores that are boosted by your ancestry (ignoring free boosts). If your ancestry only grants free boosts, select one ability score to gain the bonus to instead.</p>"
		},
		{
			"id": "Aura of Protection",
			"name": "Aura of Protection",
			"description": "<p>Play this after Casting a Spell from your spell slots.</p>\n<hr />\n<p>You surround yourself with an aura of residual magic power. Until the start of your next turn, you gain resistance to all damage equal to the level of the spell that you just cast.</p>"
		},
		{
			"id": "Battle Cry",
			"name": "Battle Cry",
			"description": "<p>Play after making a successful melee attack.</p>\n<hr />\n<p>You unleash a terrifying battle cry. Attempt an Intimidation check to @Compendium[pf2e.actionspf2e.2u915NdUyQan6uKF]{Demoralize} and compare the result against all enemies within 30 feet.</p>"
		},
		{
			"id": "Called Foe",
			"name": "Called Foe",
			"description": "<p>Play before you make a Strike.</p>\n<hr />\n<p>Designate a foe that you can see. You gain a +2 status bonus to attack rolls made against that foe, but you take a -4 status penalty to attack rolls made against any other creature. This lasts until the end of your next turn or until you critically hit the designated foe, whichever comes first.</p>"
		},
		{
			"id": "Catch your Breath",
			"name": "Catch your Breath",
			"description": "<p>Play at the end of your turn.</p>\n<hr />\n<p>Select yourself or an ally within 30 feet. The creature you choose must have fewer than half their total Hit Points. The creature gains a number of temporary Hit Points equal to twice your level, which last until the end of the combat.</p>"
		},
		{
			"id": "Channel Life Force",
			"name": "Channel Life Force",
			"description": "<p>Play on your turn after you have spent all of your Focus Points.</p>\n<hr />\n<p>Gain 1 Focus Point that must be spent by the end of your turn or it's lost. If you use this Focus Point, you become @Compendium[pf2e.conditionitems.4D2KBtexWXa6oUMR]{Drained 1}.</p>"
		},
		{
			"id": "Class Might",
			"name": "Class Might",
			"description": "<p>Play during your turn.</p>\n<hr />\n<p>Until the start of your next turn you gain a +2 status bonus to checks based on the key ability score of your class. If your class grants a choice for its key ability, select one of those ability scores to gain the bonus.</p>"
		},
		{
			"id": "Critical Moment",
			"name": "Critical Moment",
			"description": "<p>Play this after rolling a check.</p>\n<hr />\n<p>Reroll the check twice and take the best result. This is a fortune effect. If you still fail this check, you become @Compendium[pf2e.conditionitems.3uh1r86TzbQvosxv]{Doomed 1}.</p>"
		},
		{
			"id": "Cut Through the Fog",
			"name": "Cut Through the Fog",
			"description": "<p>Play before you attempt a Will save.</p>\n<hr />\n<p>You succeed at the saving throw without needing to roll. You gain the @Compendium[pf2e.conditionitems.e1XGnhKNSQIm5IXg]{Stupefied 1} condition, which lasts until the next time you get a full night's rest.</p>"
		},
		{
			"id": "Daring Attempt",
			"name": "Daring Attempt",
			"description": "<p>Play at the start of your turn.</p>\n<hr />\n<p>Select one untrained skill. You are trained in that skill until the end of your next turn. If you use that skill before the end of your next turn and succeed at your skill check, you keep this benefit until the end of the combat, or for 1 minute if not in combat.</p>"
		},
		{
			"id": "Desperate Swing",
			"name": "Desperate Swing",
			"description": "<p>Play during your turn.</p>\n<hr />\n<p>Make a Strike, ignoring the multiple attack penalty. If you roll a critical success, you get a normal success instead. If the attack fails, you release your weapon, or drop @Compendium[pf2e.conditionitems.j91X7x0XSomq8d60]{Prone} if you were using an unarmed attack or otherwise can't release your weapon.</p>"
		},
		{
			"id": "Distract Foe",
			"name": "Distract Foe",
			"description": "<p>Play this when a foe within 30 feet makes a melee attack against another creature.</p>\n<hr />\n<p>That foe is @Compendium[pf2e.conditionitems.AdPVz7rbaVSRxHFg]{Fascinated} with you and it can't end this condition until it takes a hostile action against you or the combat ends.</p>"
		},
		{
			"id": "Dive Out of Danger",
			"name": "Dive Out of Danger",
			"description": "<p>Play before you attempt a Reflex save.</p>\n<hr />\n<p>You succeed at the saving throw without needing to roll. You gain the @Compendium[pf2e.conditionitems.i3OJZU2nk64Df3xm]{Clumsy 1} condition, which lasts until the next time you get a full night's rest.</p>"
		},
		{
			"id": "Drain Power",
			"name": "Drain Power",
			"description": "<p>Play when you Activate a magic item that Casts a Spell.</p>\n<hr />\n<p>Heighten the spell by 1 level. This can't heighten the item's spell above half your level, rounded up. If the item wasn't consumed on use, you can't use the item again for 24 hours.</p>"
		},
		{
			"id": "Endure the Onslaught",
			"name": "Endure the Onslaught",
			"description": "<p>Play at any time.</p>\n<hr />\n<p>Give a creature you can see resistance 5 to all damage until the start of your next turn. If you are 7th level or higher, the resistance is 10, and if you are 12th level or higher, the resistance is 15.</p>"
		},
		{
			"id": "Flash of Insight",
			"name": "Flash of Insight",
			"description": "<p>Play at the start of your turn.</p>\n<hr />\n<p>Until the end of your turn, you gain @Compendium[pf2e.feats-srd.H3I2X0f7v4EzwxuN]{Automatic Knowledge} for any one skill. If you already have Automatic Knowledge, when you use that feat to attempt a Recall Knowledge check this turn, use an outcome one degree of success better than the result of your roll. If you use this to learn about a creature, you gain twice the number of clues about its abilities.</p>"
		},
		{
			"id": "Fluid Motion",
			"name": "Fluid Motion",
			"description": "<p>Play at the start of your turn.</p>\n<hr />\n<p>For the rest of your turn, you gain a climb Speed and a swim Speed equal to half your Speed. If you make a horizontal @Compendium[pf2e.actionspf2e.d5I6018Mci2SWokk]{Leap}, increase the distance jumped by 10 feet.</p>"
		},
		{
			"id": "Grazing Blow",
			"name": "Grazing Blow",
			"description": "<p>Play after a foe hit you with a Strike.</p>\n<hr />\n<p>If the foe rolled a critical success, it gets a success instead. If the foe rolled a success, it deals minimum damage instead of rolling for damage.</p>"
		},
		{
			"id": "Hasty Block",
			"name": "Hasty Block",
			"description": "<p>Play when you are hit by a physical attack, and you have a shield within reach and a free hand.</p>\n<hr />\n<p>You Interact to draw and wield the shield and then use it to Shield Block against the attack. After the attack and block are resolved, the shield is torn from your grip and lands in an adjacent space.</p>"
		},
		{
			"id": "Healing Prayer",
			"name": "Healing Prayer",
			"description": "<p>Play during your turn.</p>\n<hr />\n<p>Select yourself or an ally within reach. The target regains [[/r {1d8+8}[healing]]]{1d8+8 Hit Points}. If you are 7th level or higher, the target regains [[/r {2d8+16}[healing]]]{2d8+16 Hit Points}. If you are 12th level or higher, the target regains [[/r {3d8+24}[healing]]]{3d8+24 Hit Points}.</p>"
		},
		{
			"id": "Hold the Line",
			"name": "Hold the Line",
			"description": "<p>Play during your turn.</p>\n<hr />\n<p>Until the start of your next turn, each time an enemy would leave a space adjacent to you while using a move action, it must succeed at an Acrobatics or Athletics check against your Fortitude DC or the move action is disrupted.</p>"
		},
		{
			"id": "I Hope This Works",
			"name": "I Hope This Works",
			"description": "<p>Play at the start of your turn.</p>\n<hr />\n<p>Once during your turn, you can Activate an item to @Compendium[pf2e.actionspf2e.aBQ8ajvEBByv45yz]{Cast a Spell}, even if you can't normally cast spells or don't have that spell on your spell list. After casting this spell, your turn ends.</p>"
		},
		{
			"id": "Impossible Shot",
			"name": "Impossible Shot",
			"description": "<p>Play when making a ranged attack, either with a Strike or a spell.</p>\n<hr />\n<p>If you're attempting a Strike, double the range increment of the weapon or unarmed attack. If you're Casting a Spell, increase the range of the spell by half.</p>"
		},
		{
			"id": "Last Ounce of Strength",
			"name": "Last Ounce of Strength",
			"description": "<p>Play at the start of a turn when you are dying.</p>\n<hr />\n<p>You regain consciousness and can act normally on your turn, but you can't regain Hit Points or remove the dying condition during this turn. At the end of your turn, you fall @Compendium[pf2e.conditionitems.fBnFDH2MTzgFijKf]{Unconscious} and your dying condition increases by 1. Do not attempt a recovery check this turn.</p>"
		},
		{
			"id": "Last Second Sidestep",
			"name": "Last Second Sidestep",
			"description": "<p>Play when you are targeted by a ranged Strike.</p>\n<hr />\n<p>The Strike automatically misses.</p>"
		},
		{
			"id": "Last Stand",
			"name": "Last Stand",
			"description": "<p>Play when you take damage.</p>\n<hr />\n<p>Until the start of your next turn, any damage that would reduce you to 0 Hit Points leaves you with 1 Hit Point remaining and gives you the @Compendium[pf2e.conditionitems.3uh1r86TzbQvosxv]{Doomed 1} condition, or increases your doomed value by 1 if you're already doomed. As usual, you die when your doomed condition equals the dying value that would kill you (usually doomed 4).</p>"
		},
		{
			"id": "Magical Reverberation",
			"name": "Magical Reverberation",
			"description": "<p>Play this after Casting a Spell.</p>\n<hr />\n<p>The spell's power reverberates in your mind. You can Cast this Spell one additional time without having it prepared or expending a spell slot. If you don't Cast the Spell by the end of your next turn, it is lost. After Casting the Spell again, you become @Compendium[pf2e.conditionitems.e1XGnhKNSQIm5IXg]{Stupefied 2} for 1 minute.</p>"
		},
		{
			"id": "Make Way!",
			"name": "Make Way!",
			"description": "<p>Play at the start of a Stride.</p>\n<hr />\n<p>During the Stride, you must move in a straight line, but you can attempt to @Compendium[pf2e.actionspf2e.7blmbDrQFNfdT731]{Shove} any creature in your way, moving it to an adjacent space out of the way of your movement. Your multiple attack penalty doesn't apply to any of these free Shove attempts, nor do they increase your multiple attack penalty. If you fail to Shove a creature out of your way, your movement ends.</p>"
		},
		{
			"id": "Misdirected Attack",
			"name": "Misdirected Attack",
			"description": "<p>Play after a foe critically fails on a melee Strike against you.</p>\n<hr />\n<p>That foe rerolls the attack, targeting one of its allies within reach.</p>"
		},
		{
			"id": "Opportune Distraction",
			"name": "Opportune Distraction",
			"description": "<p>Play at the start of your turn.</p>\n<hr />\n<p>Until the end of your turn, you gain the benefits of greater cover after taking the @Compendium[pf2e.actionspf2e.XMcnh4cSI32tljXa]{Hide} or @Compendium[pf2e.actionspf2e.VMozDqMMuK5kpoX4]{Sneak} action, allowing you to Hide or Sneak in the open. This effect ends if you do anything other than Hide, Sneak, or Step.</p>"
		},
		{
			"id": "Pierce Resistance",
			"name": "Pierce Resistance",
			"description": "<p>Play after you learn about a foe's resistance.</p>\n<hr />\n<p>Until the end of your next turn, the foe loses a resistance of your choice. You must be aware of the resistance, either from seeing it shrug off damage from an attack or due to a successful Recall Knowledge check.</p>"
		},
		{
			"id": "Press On",
			"name": "Press On",
			"description": "<p>Play at the start of your turn.</p>\n<hr />\n<p>Until the end of your turn, ignore penalties to checks and DCs from conditions.</p>"
		},
		{
			"id": "Protect the Innocent",
			"name": "Protect the Innocent",
			"description": "<p>Play when an incapacitated ally or noncombatant NPC within sight takes damage from an attack or effect.</p>\n<hr />\n<p>Prevent all of the damage. You take half of the damage they would have taken (in addition to the damage you would normally take from the attack or effect, if any). You can only use this to prevent damage to an ally if that ally is unable to act, such as when they are @Compendium[pf2e.conditionitems.fBnFDH2MTzgFijKf]{Unconscious} or @Compendium[pf2e.conditionitems.6uEgoh53GbXuHpTF]{Paralyzed}.</p>"
		},
		{
			"id": "Push Through the Pain",
			"name": "Push Through the Pain",
			"description": "<p>Play before you attempt a Fortitude save.</p>\n<hr />\n<p>You succeed at the saving throw without needing to roll. You gain the @Compendium[pf2e.conditionitems.4D2KBtexWXa6oUMR]{Drained 1} condition.</p>"
		},
		{
			"id": "Rage and Fury",
			"name": "Rage and Fury",
			"description": "<p>Play when an ally is knocked @Compendium[pf2e.conditionitems.fBnFDH2MTzgFijKf]{Unconscious} or when you take damage from a critical hit.</p>\n<hr />\n<p>At the start of your next turn, you enter a rage (+2 damage to melee strikes, -1 AC penalty, no concentrate actions unless they have the rage trait, or use the stats for your rage class feature if you have one). At the end of that turn, if you don't have the rage class feature, the rage ends and you are @Compendium[pf2e.conditionitems.HL2l2VRSaQHu9lUw]{Fatigued}.</p>"
		},
		{
			"id": "Rampage",
			"name": "Rampage",
			"description": "<p>Play at the start of your turn.</p>\n<hr />\n<p>Make a Strike against each foe within reach. The multiple attack penalty applies as normal. At the end of these attacks, your turn ends and you are @Compendium[pf2e.conditionitems.HL2l2VRSaQHu9lUw]{Fatigued}.</p>"
		},
		{
			"id": "Reckless Charge",
			"name": "Reckless Charge",
			"description": "<p>Play after taking two consecutive Stride actions.</p>\n<hr />\n<p>Make a melee Strike. You are @Compendium[pf2e.conditionitems.AJh5ex99aV6VTggg]{Flat-Footed} until the start of your next turn.</p>"
		},
		{
			"id": "Rending Swipe",
			"name": "Rending Swipe",
			"description": "<p>Play after making two successful consecutive melee Strikes against the same target with two different weapons.</p>\n<hr />\n<p>The target takes @Localize[PF2E.PersistentDamage.Bleed1d6.success] and is @Compendium[pf2e.conditionitems.fesd1n5eVhpCSS18]{Sickened 1} until the bleeding stops. If you are 7th level or higher, increase the bleed to [[/r {2d6}[persistent,bleed]]]. If you are 12th level or higher, increase the bleed to [[/r {3d6}[persistent,bleed]]].</p>"
		},
		{
			"id": "Reverse Strike",
			"name": "Reverse Strike",
			"description": "<p>Play after you fail an attack roll.</p>\n<hr />\n<p>You get a success on the attack roll rather than a failure.</p>"
		},
		{
			"id": "Roll Back",
			"name": "Roll Back",
			"description": "<p>Play after an attack or effect causes you to become @Compendium[pf2e.conditionitems.kWc1fhmv9LBiTuei]{Grabbed} or knocks you @Compendium[pf2e.conditionitems.j91X7x0XSomq8d60]{Prone}.</p>\n<hr />\n<p>You roll backward from the attack, landing on your feet. Take a Step away from the source of the attack (if any), and you're no longer prone or grabbed.</p>"
		},
		{
			"id": "Run and Shoot",
			"name": "Run and Shoot",
			"description": "<p>Play when you take a Stride action.</p>\n<hr />\n<p>You make a ranged Strike at any point during this movement.</p>"
		},
		{
			"id": "Shake it Off",
			"name": "Shake it Off",
			"description": "<p>Play at any time.</p>\n<hr />\n<p>All persistent damage affecting you immediately comes to an end.</p>"
		},
		{
			"id": "Shoot Through",
			"name": "Shoot Through",
			"description": "<p>Play when you are about to make your attack roll for a ranged Strike.</p>\n<hr />\n<p>If the path of the Strike goes through another creature's space before reaching the target, the target is @Compendium[pf2e.conditionitems.AJh5ex99aV6VTggg]{Flat-Footed} against the attack, and the other creature doesn't provide cover.</p>"
		},
		{
			"id": "Spark of Courage",
			"name": "Spark of Courage",
			"description": "<p>Play when you have the @Compendium[pf2e.conditionitems.TBSHQspnbcqxsmjL]{Frightened} condition.</p>\n<hr />\n<p>You lose that condition and instead gain a +2 status bonus to attack rolls and skill checks until the end of your next turn.</p>"
		},
		{
			"id": "Stay in the Fight",
			"name": "Stay in the Fight",
			"description": "<p>Play at the start of a turn when you or an ally is affected by an ongoing incapacitation effect.</p>\n<hr />\n<p>The creature ignores that incapacitation effect until the end of their turn. This turn doesn't count as part of the duration for that effect.</p>"
		},
		{
			"id": "Stoke the Magical Flame",
			"name": "Stoke the Magical Flame",
			"description": "<p>Play when you or an ally is Casting a Spell.</p>\n<hr />\n<p>Heighten that spell by 1 level. This can't heighten a spell above the highest level of spell you or the ally can cast.</p>"
		},
		{
			"id": "Strike True",
			"name": "Strike True",
			"description": "<p>Play when you or an ally are about to make a Strike.</p>\n<hr />\n<p>The target rolls twice and takes the higher result. This strike deals an extra die of damage on a hit if the attacker has fewer than half their maximum Hit Points, or two extra dice if they have fewer than one quarter their maximum Hit Points. This is a fortune effect.</p>"
		},
		{
			"id": "Surge of Magic",
			"name": "Surge of Magic",
			"description": "<p>Play during your turn.</p>\n<hr />\n<p>Until the end of your turn, you can Activate one magic item that you have already activated once today. This activation doesn't count against the item's frequency limit if the limit is once per day, or a shorter increment of time. If the item is a wand, activating it this way doesn't overcharge it.</p>"
		},
		{
			"id": "Surge of Speed",
			"name": "Surge of Speed",
			"description": "<p>Play at the start of a creature's turn.</p>\n<hr />\n<p>That creature is @Compendium[pf2e.conditionitems.nlCjDvLMf2EkV2dl]{Quickened} on its turn and can use the extra action only to take a single action with the move trait.</p>"
		},
		{
			"id": "Tuck and Roll",
			"name": "Tuck and Roll",
			"description": "<p>Play after a creature or hazard hits you with a Strike.</p>\n<hr />\n<p>You take the minimum amount of damage and fall @Compendium[pf2e.conditionitems.j91X7x0XSomq8d60]{Prone}.</p>"
		},
		{
			"id": "Tumble Through",
			"name": "Tumble Through",
			"description": "<p>Play after you end your movement adjacent to a creature that is larger than you.</p>\n<hr />\n<p>Move to the opposite side of that creature. This movement doesn't trigger any reactions based on movement.</p>"
		},
		{
			"id": "Warding Sign",
			"name": "Warding Sign",
			"description": "<p>Play at any time.</p>\n<hr />\n<p>Select a creature within sight. That creature is immune to misfortune effects for 1 round. If the creature was already affected by a misfortune effect, it ignores that effect for the duration, then the effect returns.</p>"
		}
	]
}