{
	"label": "Heritages",
	"entries": [
		{
			"id": "Aasimar",
			"name": "Aasimar",
			"description": "<p>You descend from celestials or were touched by the celestial realms, gaining an air of awe and grace, as well as features distinctive to your celestial forebears. You gain the aasimar trait, in addition to the traits from your ancestry. You also gain @Compendium[pf2e.ancestryfeatures.DRtaqOHXTRtGRIUT]{Low-Light Vision}, or you gain @Compendium[pf2e.ancestryfeatures.HHVQDp61ehcpdiU8]{Darkvision} if your ancestry already has low-light vision. You can choose from aasimar feats and feats from your ancestry whenever you gain an ancestry feat.</p>"
		},
		{
			"id": "Adaptive Anadi",
			"name": "Adaptive Anadi",
			"description": "<p>You descend from a line of anadi who worked to perfect their transformation magic, allowing them to integrate into a wider variety of cultures. Choose a common, Medium humanoid ancestry. Your human form is replaced with a form that matches this choice. You also gain the @Compendium[pf2e.feats-srd.ihN8gkHSdPG9Trte]{Adopted Ancestry} feat for your chosen humanoid ancestry.</p>"
		},
		{
			"id": "Ancient Elf",
			"name": "Ancient Elf",
			"description": "<p>In your long life, you've dabbled in many paths and many styles. typical ancient elf is at least 100 years old, though you might be younger at the GM's discretion. Choose a class other than your own. You gain the multiclass dedication feat for that class, even though you don't meet its level prerequisite. You must still meet its other prerequisites to gain the feat.</p>"
		},
		{
			"id": "Ancient Scale Azarketi",
			"name": "Ancient Scale Azarketi",
			"description": "<p>Your lineage stems from azarketis who remain dedicated to their deep-sea roots. Divorced from land society, you're a foreigner to any world above a thousand fathoms deep. You gain @Compendium[pf2e.ancestryfeatures.HHVQDp61ehcpdiU8]{Darkvision}.</p>\n<p>Your body is dotted with phosphorescent spots that emit a guiding light and help you communicate. The spots - located primarily on your face, arms, and hands - illuminate a 10-foot radius around you with dim light. You can activate, deactivate, or change the arrangement of lights as an action, which has the concentration trait.</p>"
		},
		{
			"id": "Ancient-Blooded Dwarf",
			"name": "Ancient-Blooded Dwarf",
			"description": "<p>Dwarven heroes of old could shrug off their enemies' magic, and some of that resistance manifests in you. You gain the @Compendium[pf2e.actionspf2e.8w6esW689NNbbq3i]{Call on Ancient Blood} reaction.</p>"
		},
		{
			"id": "Ant Gnoll",
			"name": "Ant Gnoll",
			"description": "<p>You're a sharp-featured, big-eared gnoll about three feet tall. Many are skeptical that you are in fact a gnoll. Your size is Small instead of Medium. You are trained in Deception (or another skill if you were already trained in Deception). You gain a +1 circumstance bonus to Deception checks to Lie when specifically claiming innocence, to Deception DCs against Sense Motive checks to uncover such lies, and to initiative checks when you roll Deception for initiative.</p>\n<hr />\n<p><em>Note: If you are already trained in the skill provided by this feat, you need to manually select an alternative skill.</em></p>"
		},
		{
			"id": "Anvil Dwarf",
			"name": "Anvil Dwarf",
			"description": "<p>You are a descendant of a famed crafter and have your own amazing talent. Other dwarves might consider this a blessing from your ancestors or from the Forgefather himself, depending on where you grew up. You become trained in Crafting (or another skill if you were already trained in Crafting) and gain the @Compendium[pf2e.feats-srd.QLeMH5mQgh28sa5o]{Specialty Crafting} skill feat, but you can pick two different specialties instead of one.</p>"
		},
		{
			"id": "Aphorite",
			"name": "Aphorite",
			"description": "<p>You were born with a connection to Axis, the Plane of Law. You gain the aphorite trait, in addition to the traits from your ancestry. You also gain @Compendium[pf2e.ancestryfeatures.DRtaqOHXTRtGRIUT]{Low-Light Vision}, or you gain @Compendium[pf2e.ancestryfeatures.HHVQDp61ehcpdiU8]{Darkvision} if your ancestry already has low‑light vision. You can choose from aphorite feats and feats from your ancestry whenever you gain an ancestry feat.</p>"
		},
		{
			"id": "Arctic Elf",
			"name": "Arctic Elf",
			"description": "<p>You dwell deep in the frozen north and have gained incredible resilience against cold environments, granting you cold resistance equal to half your level (minimum 1). You treat environmental cold effects as if they were one step less extreme (incredible cold becomes extreme, extreme cold becomes severe, and so on).</p>"
		},
		{
			"id": "Artisan Android",
			"name": "Artisan Android",
			"description": "<p>Your body was originally designed to create works of art, complex tools, or maintain advanced machinery. You become trained in Crafting (or another skill if you're already trained in Crafting), and you gain the @Compendium[pf2e.feats-srd.QLeMH5mQgh28sa5o]{Specialty Crafting} skill feat in a specialty of your choice.</p>"
		},
		{
			"id": "Badlands Orc",
			"name": "Badlands Orc",
			"description": "<p>You come from sun-scorched badlands, where long legs and an ability to withstand the elements helped you thrive. You can @Compendium[pf2e.actionspf2e.JuqmIAnkL9hVGai8]{Hustle} twice as long while exploring before you have to stop, and you treat environmental heat effects as if they were one step less extreme (incredible heat becomes extreme, extreme heat becomes severe, and so on).</p>"
		},
		{
			"id": "Battle-Ready Orc",
			"name": "Battle-Ready Orc",
			"description": "<p>You descend from a line of terrifying battlefield commanders. You become trained in Intimidation, and you gain the @Compendium[pf2e.feats-srd.xQMz6eDgX75WX2ce]{Intimidating Glare} skill feat.</p>"
		},
		{
			"id": "Beastkin",
			"name": "Beastkin",
			"description": "<p>The blood of a beast flows through your veins, granting you the ferocity and might of animals. Only creatures with the humanoid trait can take the beastkin versatile heritage. Choose a type of animal such as bat, eagle, shark, spider, tyrannosaurus, wasp, or wolf. This is the type of animal tied to your heritage and is known as your inherent animal. A beastkin's hybrid form is their natural shape. You gain the beast and beastkin traits, in addition to the traits from your ancestry.</p>\n<p>You gain the @Compendium[pf2e.actionspf2e.0b3TTeQGFOiy6ykz]{Change Shape (Beastkin)} ability. You can choose from beastkin feats and feats from your ancestry whenever you gain an ancestry feat.</p>"
		},
		{
			"id": "Benthic Azarketi",
			"name": "Benthic Azarketi",
			"description": "<p>Your heritage traces to azarketis living deep beneath the sea, and you can handle the chilling depths more easily than most. You gain resistance to cold equal to half your level, and you don't treat environmental cold as one degree more severe when you are wet. You adapt to pressure changes from being deep underwater automatically without ill effect.</p>"
		},
		{
			"id": "Bloodhound Shoony",
			"name": "Bloodhound Shoony",
			"description": "<p>Your ancestors were famous trackers, and you carry in your blood that same gift of the hunt.</p>\n<p>You gain a special sense: imprecise scent with a range of 30 feet. This means you can use your sense of smell to determine the location of a creature, but it remains @Compendium[pf2e.conditionitems.iU0fEDdBp3rXpTMC]{Hidden}.</p>\n<p>In addition, you gain a +2 circumstance bonus to Survival checks to @Compendium[pf2e.actionspf2e.EA5vuSgJfiHH7plD]{Track} creatures that you have previously sensed with your scent.</p>"
		},
		{
			"id": "Bright Fetchling",
			"name": "Bright Fetchling",
			"description": "<p>Your body proves that shadow can't exist without light. Perhaps your eyes glow brighter or your veins occasionally pulse with light. You emit dim light within 5 feet of you. You can activate or suppress this ability as an action, which has the concentrate trait. Additionally, you can force fragments of your shadow to glow and cast <em>@Compendium[pf2e.spells-srd.kl2q6JvBZwed4B6v]{Dancing Lights}</em> and <em>@Compendium[pf2e.spells-srd.WBmvzNDfpwka3qT4]{Light}</em> as occult innate cantrips. Cantrips are heightened to a spell level equal to half your level rounded up.</p>"
		},
		{
			"id": "Cactus Leshy",
			"name": "Cactus Leshy",
			"description": "<p>Spines cover your body. You gain a spine unarmed attack that deals [[/r {1d6}[piercing]]]{1d6 piercing damage}. Your spines are in the brawling group and have the finesse and unarmed traits.</p>"
		},
		{
			"id": "Caveclimber Kobold",
			"name": "Caveclimber Kobold",
			"description": "<p>You live in a vertically-oriented home, and you're a consummate climber. You gain the @Compendium[pf2e.feats-srd.09PurtIanNUPfNRq]{Combat Climber} skill feat, even if you don't meet the prerequisites. You can use your clawed feet and tail to Climb, leaving your hands free. Additionally, if you succeed at an Athletics check to Climb, you critically succeed instead.</p>"
		},
		{
			"id": "Cavern Elf",
			"name": "Cavern Elf",
			"description": "<p>You were born or spent many years in underground tunnels or caverns where light is scarce. You gain @Compendium[pf2e.ancestryfeatures.HHVQDp61ehcpdiU8]{Darkvision}.</p>"
		},
		{
			"id": "Cavern Kobold",
			"name": "Cavern Kobold",
			"description": "<p>You hatched into a warren among narrow tunnels and countless kin. Your body is flexible.</p>\n<p>When @Compendium[pf2e.actionspf2e.pprgrYQ1QnIDGZiy]{Climbing} rock walls, stalactites, and other natural stone features, you move at half your Speed on a success and at full Speed on a critical success (and you move at full Speed on a success if you have @Compendium[pf2e.feats-srd.P04Hw8E6WAWARKHP]{Quick Climb}). This doesn't affect you if you're using a climb Speed.</p>\n<p>If you roll a success on an Acrobatics check to @Compendium[pf2e.actionspf2e.kMcV8e5EZUxa6evt]{Squeeze}, you get a critical success instead.</p>"
		},
		{
			"id": "Celestial Envoy Kitsune",
			"name": "Celestial Envoy Kitsune",
			"description": "<p>Whether due to Daikitsu's grace or faithful forebears, you have a strong connection to the divine, affording you certain protections. You gain the @Compendium[pf2e.actionspf2e.Aq2mXT2hLlstFL5C]{Invoke Celestial Privilege} reaction. Your alternate form is a common Medium humanoid ancestry prevalent where you grew up (typically human), called a tailless form.</p>"
		},
		{
			"id": "Chameleon Gnome",
			"name": "Chameleon Gnome",
			"description": "<p>The color of your hair and skin is mutable, possibly due to latent magic. You can slowly change the vibrancy and the exact color, and the coloration can be different across your body, allowing you to create patterns or other colorful designs.</p>\n<p>It takes a single action for minor localized shifts and up to an hour for dramatic shifts throughout your body. While you're asleep, the colors shift on their own in tune with your dreams, giving you an unusual coloration each morning.</p>\n<p>When you're in an area where your coloration is roughly similar to the environment (for instance, forest green in a forest), you can use the single action to make minor localized shifts designed to help you blend into your surroundings. This grants you a +2 circumstance bonus to Stealth checks until your surroundings shift in coloration or pattern.</p>"
		},
		{
			"id": "Changeling",
			"name": "Changeling",
			"description": "<p>Your mother was a hag. Your heterochromatic eyes are the most obvious signifier of this parentage, but you likely also have a slighter build, paler skin, and darker hair than most members of your other parent's ancestry. You gain the changeling trait. You also gain @Compendium[pf2e.ancestryfeatures.DRtaqOHXTRtGRIUT]{Low-Light Vision}, or you gain @Compendium[pf2e.ancestryfeatures.HHVQDp61ehcpdiU8]{Darkvision} if your ancestry already has low-light vision. You can select from changeling feats and feats from your other parent's ancestry whenever you gain an ancestry feat.</p>"
		},
		{
			"id": "Charhide Goblin",
			"name": "Charhide Goblin",
			"description": "<p>Your ancestors have always had a connection to fire and a thicker skin, which allows you to resist burning. You gain fire resistance equal to half your level (minimum 1). You can also recover from being on fire more easily. Your flat check to remove persistent fire damage is DC 10 instead of DC 15, which is reduced to DC 5 if another creature uses a particularly appropriate action to help.</p>"
		},
		{
			"id": "Clawed Catfolk",
			"name": "Clawed Catfolk",
			"description": "<p>Your family has particularly long, sharp claws capable of delivering bleeding wounds with a wicked swipe. You gain a claw unarmed attack that deals [[/r {1d6}[slashing]]]{1d6 slashing damage}. Your claws are in the brawling group and have the agile, finesse and unarmed traits.</p>"
		},
		{
			"id": "Cliffscale Lizardfolk",
			"name": "Cliffscale Lizardfolk",
			"description": "<p>Your toes are adapted for gripping and climbing.</p>\n<p>You gain the @Compendium[pf2e.feats-srd.09PurtIanNUPfNRq]{Combat Climber} feat as a bonus feat, and as long as you aren't wearing footwear, you can use the sticky pads on your feet to climb, leaving your hands free.</p>\n<p>Additionally, if you roll a success on an Athletics check to climb, you get a critical success instead.</p>"
		},
		{
			"id": "Cloudleaper Lizardfolk",
			"name": "Cloudleaper Lizardfolk",
			"description": "<p>Your body is light with flaps of skin along your limbs that catch the air that passes beneath you. As long as you can act and have enough room, you can open the flaps to slow any fall just enough to avoid taking damage (whether you have the room to do so depends on the GM's discretion).</p>"
		},
		{
			"id": "Compact Skeleton",
			"name": "Compact Skeleton",
			"description": "<p>For tasks that require a lighter touch, gnome, goblin, and halfling remains are more suitable than a larger creature's. These smaller, nimbler skeletons fit well in a traveling chest, can be forced through tight spaces, and more easily avoid detection. Your size is Small instead of Medium. You gain the @Compendium[pf2e.feats-srd.3G8xUlgCjRmRJNfP]{Quick Squeeze} feat, even if you aren't trained in Acrobatics. Tight spaces not tight enough to require the Squeeze activity aren't difficult terrain for you.</p>"
		},
		{
			"id": "Created Fleshwarp",
			"name": "Created Fleshwarp",
			"description": "<p>You were created through occult or alchemical processes, such as being grown in a vat or stitched together from the body parts of other creatures by a scientist in Ustalav. Your manufactured body is durable; you don't need to eat and can't starve. You gain a +2 circumstance bonus to saving throws against diseases.</p>"
		},
		{
			"id": "Dark Fields Kitsune",
			"name": "Dark Fields Kitsune",
			"description": "<p>You can exert your unsettling presence to subtly Demoralize others. When you do, Demoralize loses the auditory trait and gains the visual trait, and you don't take a penalty when you attempt to Demoralize a creature that doesn't understand your language. You also gain the @Compendium[pf2e.actionspf2e.Ul4I0ER6pj3U5eAk]{Invigorating Fear} reaction. Your alternate form is a fox, which has the statistics of 1st-level <em>@Compendium[pf2e.spells-srd.gfPjmG6Fe6D3MFjl]{Pest Form}</em>.</p>"
		},
		{
			"id": "Death Warden Dwarf",
			"name": "Death Warden Dwarf",
			"description": "<p>Your ancestors have been tomb guardians for generations, and the power they cultivated to ward off necromancy has passed on to you. If you roll a success on a saving throw against a necromancy effect, you get a critical success instead.</p>"
		},
		{
			"id": "Deep Fetchling",
			"name": "Deep Fetchling",
			"description": "<p>Your predecessors dwelled in the Shadow Plane's deepest, most treacherous regions. You might cast a denser shadow, have a slower pulse, or find comfort in the embrace of darkness. You gain cold or negative resistance equal to half your level (minimum 1), chosen when you gain this heritage.</p>"
		},
		{
			"id": "Deep Orc",
			"name": "Deep Orc",
			"description": "<p>Your calloused hands and red eyes speak to a life spent in the deep darkness of mountain caverns, where you learned to battle on rocky cliffs and survive with minimal resources. You gain the @Compendium[pf2e.feats-srd.zWOUgpeWb0oA0u7I]{Terrain Expertise (Underground)} skill feat and the @Compendium[pf2e.feats-srd.09PurtIanNUPfNRq]{Combat Climber} skill feat.</p>"
		},
		{
			"id": "Deep Rat",
			"name": "Deep Rat",
			"description": "<p>Your ancestors lived deeper underground than other ratfolk, granting you the ability to see in the dark. You gain @Compendium[pf2e.ancestryfeatures.HHVQDp61ehcpdiU8]{Darkvision}.</p>"
		},
		{
			"id": "Desert Elf",
			"name": "Desert Elf",
			"description": "<p>You live under the desert's blazing heat, gaining incredible resilience to warm environments. You gain fire resistance equal to half your level (minimum 1), and environmental heat effects are one step less extreme for you (incredible heat becomes extreme, extreme heat becomes severe, and so on).</p>"
		},
		{
			"id": "Desert Rat",
			"name": "Desert Rat",
			"description": "<p>You are native to arid plains and likely grew up traveling the roads. You have a leaner build than other ratfolk, with longer limbs and short fur. If you have both hands free, you can increase your Speed to 30 feet as you run on all fours. In addition, environmental heat effects are one step less extreme for you, and you can go 10 times as long as normal before you are affected by starvation or thirst. However, unless you wear protective gear or take shelter, environmental cold effects are one step more extreme for you.</p>"
		},
		{
			"id": "Dhampir",
			"name": "Dhampir",
			"description": "<p>You are the scion of a vampire, half living and half undead, gifted with uncanny charm and grace, a bloodless pallor, and elongated incisors. You gain the dhampir trait, in addition to the traits from your ancestry. You have the negative healing ability, which means you are harmed by positive damage and healed by negative effects as if you were undead. You also gain @Compendium[pf2e.ancestryfeatures.DRtaqOHXTRtGRIUT]{Low-Light Vision}, or you gain @Compendium[pf2e.ancestryfeatures.HHVQDp61ehcpdiU8]{Darkvision} if your ancestry already has low-light vision. You can choose from dhampir feats and feats from your ancestry whenever you gain an ancestry feat.</p>"
		},
		{
			"id": "Dogtooth Tengu",
			"name": "Dogtooth Tengu",
			"description": "<p>In addition to a beak, your mouth also features a number of vicious, pointed teeth. Some legends claim your powerful jaws can even bite through steel. While you aren't that strong yet, your fangs can still leave terrible wounds. Your beak unarmed attack gains the deadly d8 trait.</p>"
		},
		{
			"id": "Dragonscaled Kobold (Black)",
			"name": "Dragonscaled Kobold (Black)",
			"description": "<p>Your scales are especially colorful, possessing some of the same resistance a dragon possesses. You gain acid resistance equal to half your level (minimum 1). Double this resistance against dragons' Breath Weapons.</p>"
		},
		{
			"id": "Dragonscaled Kobold (Blue)",
			"name": "Dragonscaled Kobold (Blue)",
			"description": "<p>Your scales are especially colorful, possessing some of the same resistance a dragon possesses. You gain electricity resistance equal to half your level (minimum 1). Double this resistance against dragons' Breath Weapons.</p>"
		},
		{
			"id": "Dragonscaled Kobold (Brass)",
			"name": "Dragonscaled Kobold (Brass)",
			"description": "<p>Your scales are especially colorful, possessing some of the same resistance a dragon possesses. You gain fire resistance equal to half your level (minimum 1). Double this resistance against dragons' Breath Weapons.</p>"
		},
		{
			"id": "Dragonscaled Kobold (Bronze)",
			"name": "Dragonscaled Kobold (Bronze)",
			"description": "<p>Your scales are especially colorful, possessing some of the same resistance a dragon possesses. You gain electricity resistance equal to half your level (minimum 1). Double this resistance against dragons' Breath Weapons.</p>"
		},
		{
			"id": "Dragonscaled Kobold (Copper)",
			"name": "Dragonscaled Kobold (Copper)",
			"description": "<p>Your scales are especially colorful, possessing some of the same resistance a dragon possesses. You gain acid resistance equal to half your level (minimum 1). Double this resistance against dragons' Breath Weapons.</p>"
		},
		{
			"id": "Dragonscaled Kobold (Gold)",
			"name": "Dragonscaled Kobold (Gold)",
			"description": "<p>Your scales are especially colorful, possessing some of the same resistance a dragon possesses. You gain fire resistance equal to half your level (minimum 1). Double this resistance against dragons' Breath Weapons.</p>"
		},
		{
			"id": "Dragonscaled Kobold (Green)",
			"name": "Dragonscaled Kobold (Green)",
			"description": "<p>Your scales are especially colorful, possessing some of the same resistance a dragon possesses. You gain poison resistance equal to half your level (minimum 1). Double this resistance against dragons' Breath Weapons.</p>"
		},
		{
			"id": "Dragonscaled Kobold (Red)",
			"name": "Dragonscaled Kobold (Red)",
			"description": "<p>Your scales are especially colorful, possessing some of the same resistance a dragon possesses. You gain fire resistance equal to half your level (minimum 1). Double this resistance against dragons' Breath Weapons.</p>"
		},
		{
			"id": "Dragonscaled Kobold (Silver)",
			"name": "Dragonscaled Kobold (Silver)",
			"description": "<p>Your scales are especially colorful, possessing some of the same resistance a dragon possesses. You gain cold resistance equal to half your level (minimum 1). Double this resistance against dragons' Breath Weapons.</p>"
		},
		{
			"id": "Dragonscaled Kobold (White)",
			"name": "Dragonscaled Kobold (White)",
			"description": "<p>Your scales are especially colorful, possessing some of the same resistance a dragon possesses. You gain cold resistance equal to half your level (minimum 1). Double this resistance against dragons' Breath Weapons.</p>"
		},
		{
			"id": "Draxie",
			"name": "Draxie",
			"description": "<p>You are kin to faerie dragons, tracing your heritage back to the death of the mightiest faerie dragon in the First World. You gain touch telepathy, allowing you to communicate silently and purely mentally with any creature you're touching, as long as you share a language.</p>"
		},
		{
			"id": "Duskwalker",
			"name": "Duskwalker",
			"description": "<p>Thanks to an ancient bargain, your soul has been reborn as a duskwalker, a planar scion with a connection to psychopomps and the Boneyard. You gain the duskwalker trait in addition to the traits from your ancestry. You also gain @Compendium[pf2e.ancestryfeatures.DRtaqOHXTRtGRIUT]{Low-Light Vision}, or you gain @Compendium[pf2e.ancestryfeatures.HHVQDp61ehcpdiU8]{Darkvision} if your ancestry already has low-light vision. Neither your body nor your spirit can ever become undead. You can choose from duskwalker feats and feats from your ancestry whenever you gain an ancestry feat.</p>"
		},
		{
			"id": "Earthly Wilds Kitsune",
			"name": "Earthly Wilds Kitsune",
			"description": "<p>You are a creature of the material world, with an affinity closer to the wilds than urban society. You gain a jaws unarmed attack that deals [[/r {1d6}[piercing]]]{1d6 piercing damage}. Your jaws are in the brawling group and have the finesse and unarmed traits. Your alternate form is a fox, which has the statistics of 1st‑level <em>@Compendium[pf2e.spells-srd.gfPjmG6Fe6D3MFjl]{Pest Form}</em>.</p>"
		},
		{
			"id": "Elemental Heart Dwarf",
			"name": "Elemental Heart Dwarf",
			"description": "<p>Whether through a connection to @Compendium[pf2e.deities.sZrdzh0ANQnZGXJb]{Torag's} forge, the azers of the Plane of Fire, or another source, you can exude a burst of energy. Mbe'ke and Taralu dwarves of the Mwangi Expanse believe this heritage is a gift from dragons or elemental spirits. Choose one of the following damage types: acid, cold, electricity, or fire. Once chosen, this can't be changed. You gain the @Compendium[pf2e.actionspf2e.7qjfYsLNTr17Aftf]{Energy Emanation} activity.</p>"
		},
		{
			"id": "Elfbane Hobgoblin",
			"name": "Elfbane Hobgoblin",
			"description": "<p>Hobgoblins were engineered long ago from the unreliable and fecund goblins, to be used as an army against the elves. Although the elves ultimately freed the hobgoblins from their bondage, some hobgoblins retain ancestral resistance to magic, which they refer to as \"elf magic.\" You gain the @Compendium[pf2e.actionspf2e.On5CQjX4euWqToly]{Resist Elf Magic} reaction.</p>"
		},
		{
			"id": "Empty Sky Kitsune",
			"name": "Empty Sky Kitsune",
			"description": "<p>Your spirit is open to the secrets of beyond, granting you greater access to kitsune magic. You gain the @Compendium[pf2e.feats-srd.Zz7isE8Td2xDWqR8]{Kitsune Spell Familiarity} ancestry feat. Your alternate form is a common Medium humanoid ancestry prevalent where you grew up (typically human), called a tailless form.</p>"
		},
		{
			"id": "Farsight Goloma",
			"name": "Farsight Goloma",
			"description": "<p>Your eyes have adapted to see more in less than favorable conditions. You gain @Compendium[pf2e.ancestryfeatures.DRtaqOHXTRtGRIUT]{Low-Light Vision}.</p>"
		},
		{
			"id": "Fey-Touched Gnome",
			"name": "Fey-Touched Gnome",
			"description": "<p>The blood of the fey is so strong within you that you're truly one of them. You gain the fey trait, in addition to the gnome and humanoid traits. Choose one cantrip from the primal spell list. You can cast this spell as a primal innate spell at will. A cantrip is heightened to a spell level equal to half your level rounded up. You can change this cantrip to a different one from the same list once per day by meditating to realign yourself with the First World; this is a 10-minute activity that has the concentrate trait.</p>"
		},
		{
			"id": "Fishseeker Shoony",
			"name": "Fishseeker Shoony",
			"description": "<p>You come from a long line of fisherfolk and have inherited the quick reflexes necessary to nab and reel in big game. If you roll a success on an attempt to @Compendium[pf2e.actionspf2e.3yoajuKjwHZ9ApUY]{Grab an Edge}, you get a critical success instead; if you roll a critical failure, you get a failure instead. A creature that rolls a failure on a check to @Compendium[pf2e.actionspf2e.Dt6B1slsBy8ipJu9]{Disarm} you gets a critical failure instead.</p>"
		},
		{
			"id": "Flexible Catfolk",
			"name": "Flexible Catfolk",
			"description": "<p>You've inherited flexibility beyond that of most humanoids. You don't treat tight spaces that don't require you to Squeeze as difficult terrain. In addition, you get a +1 circumstance bonus to checks when you attempt to Escape.</p>"
		},
		{
			"id": "Fodder Skeleton",
			"name": "Fodder Skeleton",
			"description": "<p>Humans, and those who are physically closest to them, are the favored material of necromancers. They are readily available, and their physiology has been studied the most extensively, so these skeletons can be easily mass-produced. Despite their name, fodder skeletons make rather mobile foot soldiers due to how efficiently they transfer necromantic energy within their bodies. You have a base Speed of 30 feet, instead of 25 feet.</p>"
		},
		{
			"id": "Forge Dwarf",
			"name": "Forge Dwarf",
			"description": "<p>You have a remarkable adaptation to hot environments from ancestors who inhabited blazing deserts or volcanic chambers beneath the earth. This grants you fire resistance equal to half your level (minimum 1), and you treat environmental heat effects as if they were one step less extreme (incredible heat becomes extreme, extreme heat becomes severe, and so on).</p>"
		},
		{
			"id": "Frightful Goloma",
			"name": "Frightful Goloma",
			"description": "<p>Your face has a particularly off-putting appearance. You are trained in Intimidation (or another skill of your choice if you were already trained in Intimidation) and gain the @Compendium[pf2e.feats-srd.xQMz6eDgX75WX2ce]{Intimidating Glare} skill feat as a bonus feat.</p>\n<hr />\n<p><em>Note: If you are already trained in the skill provided by this feat, you need to manually select an alternative skill.</em></p>"
		},
		{
			"id": "Frilled Lizardfolk",
			"name": "Frilled Lizardfolk",
			"description": "<p>You can flare your neck frill and flex your dorsal spines, Demoralizing your foes. When you do, Demoralize loses the auditory trait and gains the visual trait, and you don't take a penalty when you attempt to Demoralize a creature that doesn't understand your language. You also gain the @Compendium[pf2e.actionspf2e.W4M8L9WepGLamlHs]{Threatening Approach} action.</p>"
		},
		{
			"id": "Frozen Wind Kitsune",
			"name": "Frozen Wind Kitsune",
			"description": "<p>Your ancestors crossed the Crown of the World or resided on snowy peaks. You gain cold resistance equal to half your level (minimum 1). You treat environmental cold effects as if they were one step less extreme (incredible cold becomes extreme, extreme cold becomes severe, and so on). Your alternate form is a common Medium humanoid ancestry prevalent where you grew up (typically human), called a tailless form.</p>"
		},
		{
			"id": "Fruit Leshy",
			"name": "Fruit Leshy",
			"description": "<p>Your body continually produces small fruits imbued with primal magic. At dawn each day, a new fruit ripens. You or an ally can remove this fruit as an Interact action. If a living creature that can derive sustenance from fruit consumes it as an Interact action within the next hour, they regain 1d8 Hit Points, plus an additional 1d8 Hit Points for every 2 of your levels beyond 1st. This effect has the healing, necromancy, positive, and primal traits.</p>"
		},
		{
			"id": "Fungus Leshy",
			"name": "Fungus Leshy",
			"description": "<p>Your body was made from fungi that grows in the shade of caves and trees, and you are at home in dark caverns and warrens. You gain @Compendium[pf2e.ancestryfeatures.HHVQDp61ehcpdiU8]{Darkvision}. You lose the plant trait and gain the fungus trait.</p>"
		},
		{
			"id": "Ganzi",
			"name": "Ganzi",
			"description": "<p>Your blood is touched by primal chaos. You gain the ganzi trait in addition to the traits from your ancestry. You gain resistance to a single damage type equal to half your level; at the beginning of each day, determine randomly whether this resistance applies to acid, electricity, or sonic damage. You also gain a +1 circumstance bonus to saving throws against effects that would cause you to gain the @Compendium[pf2e.conditionitems.9qGBRpbX9NEwtAAr]{Controlled} condition. You can choose from ganzi feats and feats from your ancestry whenever you gain an ancestry feat.</p>"
		},
		{
			"id": "Ghost Poppet",
			"name": "Ghost Poppet",
			"description": "<p>You awakened when a bit of another person's life force and a fragment of their soul-possibly, but not always, at the moment of their death-found its way into your constructed body. You don't remember anything more than vague flashes of your \"before life,\" but that life essence still protects you. You gain resistance to negative damage equal to half your level (minimum 1).</p>"
		},
		{
			"id": "Gourd Leshy",
			"name": "Gourd Leshy",
			"description": "<p>You have a large gourd for a skull. Your knowledge comes from within your spirit, rather than a physical brain, and you have found a handier use for the space inside your head. You can store a collection of up to 1 Bulk of objects within your head. The DC of checks to @Compendium[pf2e.actionspf2e.RDXXE7wMrSPCLv5k]{Steal} objects from inside your head increases by 4. Additionally, if you store only one object within your head, you can draw it effortlessly into your hand as part of another action to use the object. Drawing the item grants this other action the manipulate trait.</p>"
		},
		{
			"id": "Grave Orc",
			"name": "Grave Orc",
			"description": "<p>You were exposed to powerful necromantic energies that should have killed you—but you survived. Your skin is cold, clammy, and gray. You gain resistance to negative damage equal to half your level (minimum 1). You also gain a +1 circumstance bonus to saving throws against necromancy effects.</p>"
		},
		{
			"id": "Great Gnoll",
			"name": "Great Gnoll",
			"description": "<p>You're a large, powerful gnoll, with tawny fur and brown spots on your hide. You gain 10 Hit Points from your ancestry instead of 8 and gain a +1 circumstance bonus to Athletics checks to Shove or Trip foes.</p>"
		},
		{
			"id": "Grig",
			"name": "Grig",
			"description": "<p>You have the hindquarters of a cricket and adore art and music. Your cricket legs grant you a +2 circumstance bonus on Athletics checks to High Jump or Long Jump, and you gain <em>@Compendium[pf2e.spells-srd.atlgGNI1E1Ox3O3a]{Ghost Sound}</em> as a primal innate cantrip.</p>"
		},
		{
			"id": "Gutsy Halfling",
			"name": "Gutsy Halfling",
			"description": "<p>Your family line is known for keeping a level head and staving off fear when the chips were down, making them wise leaders and sometimes even heroes. When you roll a success on a saving throw against an emotion effect, you get a critical success instead.</p>"
		},
		{
			"id": "Half-Elf",
			"name": "Half-Elf",
			"description": "<p>Either one of your parents was an elf, or one or both were half-elves. You have pointed ears and other telltale signs of elf heritage. You gain the elf trait, the half-elf trait, and @Compendium[pf2e.ancestryfeatures.DRtaqOHXTRtGRIUT]{Low-Light Vision}. In addition, you can select elf, half-elf, and human feats whenever you gain an ancestry feat.</p>"
		},
		{
			"id": "Half-Orc",
			"name": "Half-Orc",
			"description": "<p>One of your parents was an orc, or one or both were half-orcs. You have a green tinge to your skin and other indicators of orc heritage. You gain the orc trait, the half-orc trait, and @Compendium[pf2e.ancestryfeatures.DRtaqOHXTRtGRIUT]{Low-Light Vision}. In addition, you can select orc, half-orc, and human feats whenever you gain an ancestry feat.</p>"
		},
		{
			"id": "Hillock Halfling",
			"name": "Hillock Halfling",
			"description": "<p>Accustomed to a calm life in the hills, your people find rest and relaxation especially replenishing, particularly when indulging in creature comforts. When you regain Hit Points overnight, add your level to the Hit Points regained. When anyone uses the Medicine skill to @Compendium[pf2e.actionspf2e.1kGNdIIhuglAjIp9]{Treat your Wounds}, you can eat a snack to add your level to the Hit Points you regain from their treatment.</p>"
		},
		{
			"id": "Hold-Scarred Orc",
			"name": "Hold-Scarred Orc",
			"description": "<p>You are part of an orc community that participates in ritual scarification or tattooing. The marks on your skin show your exceptional hardiness and vitality. You gain 12 Hit Points from your ancestry instead of 10. You also gain the @Compendium[pf2e.feats-srd.I0BhPWqYf1bbzEYg]{Diehard} feat.</p>"
		},
		{
			"id": "Hunter Automaton",
			"name": "Hunter Automaton",
			"description": "<p>You were designed to serve as a scout or assassin and have a body resembling a pack hunter like a large cat or wolf. Though you typically move like a quadruped, you can still stand and fight like a biped, allowing you to use all equipment normally. Your quadruped design allows you to move quickly; if you have both hands free, you can increase your Speed to 30 feet as you run on all fours.</p>"
		},
		{
			"id": "Hunting Catfolk",
			"name": "Hunting Catfolk",
			"description": "<p>You come from a long line of skilled hunters and trackers and have a particularly keen sense of smell.</p>\n<p>You gain imprecise scent with a range of 30 feet. This means you can use your sense of smell to determine a creature's location. The GM will usually double the range if you're downwind from the creature or halve the range if you're upwind.</p>\n<p>In addition, you gain a +2 circumstance bonus to @Compendium[pf2e.actionspf2e.EA5vuSgJfiHH7plD]{Track} a creature or object if you've smelled it before.</p>"
		},
		{
			"id": "Ifrit",
			"name": "Ifrit",
			"description": "<p>You descend from fire elementals or bear the mark of the Inner Spheres, and your features illustrate the influence that elemental fire has over you. You gain the ifrit trait, in addition to the traits from your ancestry. You gain resistance to fire equal to half your level (minimum 1), and you treat environmental heat effects as if they were one step less severe (incredible heat becomes extreme, extreme heat becomes severe, and so on). You can choose from ifrit feats and feats from your ancestry whenever you gain an ancestry feat.</p>\n<hr />\n<p>GENIEKIN FEATS</p>\n<p>At 1st level, you gain one ancestry feat, and you gain an additional ancestry feat every 4 levels thereafter (at 5th, 9th, 13th, and 17th levels). As a geniekin you can choose from among the following ancestry feats, in addition to those available to your specific geniekin heritage and your ancestry.</p>"
		},
		{
			"id": "Impersonator Android",
			"name": "Impersonator Android",
			"description": "<p>Your body was augmented with processes and an appearance intended to blend in with humans more easily.</p>\n<p>You become trained in Deception (or another skill if you're already trained in Deception). You don't require a disguise kit when attempting Deception checks to @Compendium[pf2e.actionspf2e.AJstokjdG6iDjVjE]{Impersonate} a human.</p>\n<p>In addition, you gain a +4 circumstance bonus to Impersonate checks to pretend that you're a human version of yourself, rather than an android. This bonus doesn't apply to other checks to Impersonate humans.</p>"
		},
		{
			"id": "Insightful Goloma",
			"name": "Insightful Goloma",
			"description": "<p>You've learned to watch for telltale signs of dangerous sentiments to help you avoid trouble. You gain a +1 circumstance bonus to your Perception DC against attempts to Lie to you and your Perception checks to Sense Motive.</p>"
		},
		{
			"id": "Inured Azarketi",
			"name": "Inured Azarketi",
			"description": "<p>Your ancestors had to survive in polluted water that made every breath noxious. You gain poison resistance equal to half your level (minimum 1). Furthermore, you can survive outside of water for 72 hours before you begin to suffocate.</p>"
		},
		{
			"id": "Irongut Goblin",
			"name": "Irongut Goblin",
			"description": "<p>You can @Compendium[pf2e.actionspf2e.49y9Ec4bDii8pcD3]{Subsist}on food that most folks would consider spoiled. You can keep yourself fed with poor meals in a settlement as long as garbage is readily available, without using the subsist downtime activity. You can eat and drink things when you are @Compendium[pf2e.conditionitems.fesd1n5eVhpCSS18]{Sickened}.</p>\n<p>You gain a +2 circumstance bonus to saving throws against afflictions, against gaining the sickened condition, and to remove the sickened condition. When you roll a success on a Fortitude save affected by this bonus, you get a critical success instead. All these benefits apply only when the affliction or condition resulted from something you ingested.</p>"
		},
		{
			"id": "Jinxed Halfling",
			"name": "Jinxed Halfling",
			"description": "<p>You were born with a strange blessing: bereft of the typical halfling luck, you can instead manipulate the fortunes of others. You can never take the @Compendium[pf2e.feats-srd.ZbRVqf14RTJJIZXG]{Halfling Luck} feat, and you gain the @Compendium[pf2e.actionspf2e.hFRHPBj6wjAayNtW]{Jinx} action.</p>"
		},
		{
			"id": "Jinxed Tengu",
			"name": "Jinxed Tengu",
			"description": "<p>Your lineage has been exposed to curse after curse, and now, they slide off your feathers like rain. If you succeed at a saving throw against a curse or misfortune effect, you get a critical success instead.</p>\n<p>When you would gain the @Compendium[pf2e.conditionitems.3uh1r86TzbQvosxv]{Doomed} condition, attempt a @Check[type:flat|dc:17] check. On a success, reduce the value of the doomed condition you would gain by 1.</p>"
		},
		{
			"id": "Jungle Catfolk",
			"name": "Jungle Catfolk",
			"description": "<p>You're descended from jungle stalkers and can move swiftly through scrub and underbrush. You ignore difficult terrain from undergrowth, and greater difficult terrain from undergrowth is only difficult terrain for you.</p>"
		},
		{
			"id": "Laborer Android",
			"name": "Laborer Android",
			"description": "<p>Your body is adapted to endure physical hardships or perform hard labor for long periods of time. You become trained in Athletics (or another skill if you're already trained in Athletics), and you gain the @Compendium[pf2e.feats-srd.C0Tcelg3BAPhML6J]{Hefty Hauler} skill feat.</p>"
		},
		{
			"id": "Leaf Leshy",
			"name": "Leaf Leshy",
			"description": "<p>Your body is made mostly from natural foliage, and like a leaf tumbling from a tree, you land from falls with particular grace. You take no damage from falling, regardless of the distance you fall.</p>"
		},
		{
			"id": "Liminal Catfolk",
			"name": "Liminal Catfolk",
			"description": "<p>You've inherited a closeness to the far corners of the world, where the boundaries between dimensions grow thin. You can cast detect magic as an occult innate cantrip heightened to half your level, rounded up.</p>\n<p>You also gain a +1 circumstance bonus to Occultism checks to Recall Knowledge about creatures that originated outside of the Material Plane.</p>"
		},
		{
			"id": "Liminal Fetchling",
			"name": "Liminal Fetchling",
			"description": "<p>You come from a line of fetchlings with a closer connection to the Ethereal and Shadow Planes, and you share those realms' affinity with the in-between and unseen. You gain a +1 circumstance bonus to locate @Compendium[pf2e.conditionitems.VRSef5y1LmL2Hkjf]{Undetected} creatures within 60 feet when using the Seek action. Your flat check to target @Compendium[pf2e.conditionitems.DmAIPqOBomZ7H95W]{Concealed} creatures is @Check[type:flat|dc:3] instead of DC 5, and your flat check to target undetected creatures is @Check[type:flat|dc:9] instead of DC 11.</p>"
		},
		{
			"id": "Longsnout Rat",
			"name": "Longsnout Rat",
			"description": "<p>The long snouts that run in your family give you a keener sense of smell than most ratfolk. You gain imprecise scent with a range of 30 feet. This means you can use your sense of smell to determine a creature's location. The GM will usually double the range if you're downwind from the creature or halve the range if you're upwind.</p>\n<p>In addition, you gain a +2 circumstance bonus to Perception checks to @Compendium[pf2e.actionspf2e.BlAOM2X92SI6HMtJ]{Seek} a creature or object within the range of your scent.</p>"
		},
		{
			"id": "Lorekeeper Shisk",
			"name": "Lorekeeper Shisk",
			"description": "<p>You grew up surrounded by knowledge and secrets. You become trained in one Lore skill and one other Intelligence- or Wisdom-based skill of your choice. At 5th level, you become expert in the chosen skills.</p>"
		},
		{
			"id": "Lotus Leshy",
			"name": "Lotus Leshy",
			"description": "<p>You effortlessly float on the surface of water. You can walk on the surface of still water and other non-damaging liquids, moving at half your normal Speed. You can attempt to walk along the surface of flowing water as well, still moving at half Speed, but doing so requires a successful Acrobatics check to Balance using the DC of a Swim check to move through the water; on a failure, you fall into the water. This Acrobatics check doesn't use an action.</p>"
		},
		{
			"id": "Luminous Sprite",
			"name": "Luminous Sprite",
			"description": "<p>You glow with magical luminance. You naturally shed light as a torch; this light has the evocation, light, and primal traits. You can extinguish, rekindle, or change the color of this light using a single action, which has the concentrate trait.</p>"
		},
		{
			"id": "Mage Automaton",
			"name": "Mage Automaton",
			"description": "<p>The chamber housing your core has a more direct connection to the rest of your humanoid shape, allowing you to tap into your core's magical energy. You gain one cantrip from the arcane spell list. You can cast this spell as an arcane innate spell at will. A cantrip is heightened to a spell level equal to half your level rounded up.</p>"
		},
		{
			"id": "Melixie",
			"name": "Melixie",
			"description": "<p>You have the features of a bee, butterfly, or other insect that loves sweets. You can ask questions of and receive answers from arthropods (insects, spiders, scorpions, crabs, and similar invertebrate animals), as well as use Diplomacy to Make an Impression on and Request things of them. Most bees, butterflies, moths, and beetles have an @Compendium[pf2e.conditionitems.fuG8dgthlDWfWjIA]{Indifferent} or @Compendium[pf2e.conditionitems.v66R7FdOf11l94im]{Friendly} starting attitude toward you and give you time to make your case, though other arthropods react to you like any other adventurer.</p>"
		},
		{
			"id": "Mistbreath Azarketi",
			"name": "Mistbreath Azarketi",
			"description": "<p>You descend from azarketis who migrated to land environments that could support their need for water. Over time, your people adapted to life on land culturally and physically, even resulting in azarketis born with human hair like their Azlanti ancestors. You no longer need to be immersed in water every 24 hours to maintain your skin and can instead mist or wipe your skin with water to live comfortably. Your land Speed is 25 feet, but your swim Speed is only 15 feet.</p>"
		},
		{
			"id": "Monstrous Skeleton",
			"name": "Monstrous Skeleton",
			"description": "<p>Inhuman skeletons are often created for both their deadly physical attacks and their terrifying appearances. Beasts and monstrous humanoids with the strangest skeletons tend to be the centerpiece of the collection of a necromancer skilled enough to raise one. You gain a claw, horn, tail, or wing unarmed attack that deals 1d6 damage. A claw deals slashing damage, a horn deals piercing damage, and a tail or wing deals bludgeoning damage. This unarmed attack is in the brawling group and has the finesse and unarmed traits.</p>"
		},
		{
			"id": "Mountainkeeper Tengu",
			"name": "Mountainkeeper Tengu",
			"description": "<p>You come from a line of tengu ascetics, leaving you with a link to the spirits of the world and the Great Beyond. You can cast the <em>@Compendium[pf2e.spells-srd.kcelf6IHl3L9VXXg]{Disrupt Undead}</em> cantrip as a primal innate spell at will. A cantrip is heightened to a spell level equal to half your level rounded up.</p>\n<p>Each time you cast a spell from a tengu heritage or ancestry feat, you can decide whether it's a divine or primal spell.</p>"
		},
		{
			"id": "Murkeyed Azarketi",
			"name": "Murkeyed Azarketi",
			"description": "<p>You live in murky waters and have grown accustomed to life in a low-visibility environment. You need only a successful DC 3 flat check when targeting a concealed creature and a successful DC 9 flat check when targeting a hidden creature.</p>"
		},
		{
			"id": "Mutated Fleshwarp",
			"name": "Mutated Fleshwarp",
			"description": "<p>Transformed by uncontrolled magic, you originated in a the Mana Wastes or another region similarly devastated by uncontrolled magic. Due to your toughened or redundant organs, the DC for your checks to recover from persistent bleed damage is @Check[type:flat|dc:10]{10} instead of 15, and it's reduced to @Check[type:flat|dc:5]{5} instead of 10 if you have particularly effective assistance recovering from the persistent damage.</p>"
		},
		{
			"id": "Nightglider Strix",
			"name": "Nightglider Strix",
			"description": "<p>You are a dedicated nocturnal avian, keeping watch and predating in the most lightless environments. You gain @Compendium[pf2e.ancestryfeatures.HHVQDp61ehcpdiU8]{Darkvision}.</p>"
		},
		{
			"id": "Nine Lives Catfolk",
			"name": "Nine Lives Catfolk",
			"description": "<p>Your family has always seemed to bound back from disaster, not through physical hardiness or specialized skill, but from sheer luck. Other catfolk whisper that you have nine lives.</p>\n<p>If you are reduced to 0 Hit Points by a critical hit on an attack roll, you become @Compendium[pf2e.conditionitems.yZRUzMqrMmfLu0V1]{Dying 1} instead of dying 2.</p>"
		},
		{
			"id": "Nomadic Halfling",
			"name": "Nomadic Halfling",
			"description": "<p>Your ancestors have traveled from place to place for generations, never content to settle down. You gain two additional languages of your choice, chosen from among the common and uncommon languages available to you, and every time you take the @Compendium[pf2e.feats-srd.P9HCz0uR6xPHuw72]{Multilingual} feat, you gain another new language.</p>"
		},
		{
			"id": "Nyktera",
			"name": "Nyktera",
			"description": "<p>You have batlike features, an affinity for batkind, and hearing that is second to none. As long as you can hear normally, you can use the Seek action to sense @Compendium[pf2e.conditionitems.VRSef5y1LmL2Hkjf]{Undetected} creatures in a @Template[type:cone|distance:60] instead of a @Template[type:cone|distance:30]. You also gain a +2 circumstance bonus to locate undetected creatures that you could hear within 30 feet with a Seek action.</p>"
		},
		{
			"id": "Oathkeeper Dwarf",
			"name": "Oathkeeper Dwarf",
			"description": "<p>Growing up, you never tried to lie to get what you wanted, and even when necessary, lying makes you uncomfortable. The especially faithful might even have thought that you were blessed by the dwarven god of duty, @Compendium[pf2e.deities.zhPhYge7VJbIlJvA]{Kols}.</p>\n<p>You gain a +1 circumstance bonus to Perception checks to @Compendium[pf2e.actionspf2e.1xRFPTFtWtGJ9ELw]{Sense Motive} and to Perception DCs against attempts to @Compendium[pf2e.actionspf2e.ewwCglB7XOPLUz72]{Lie} to you.</p>\n<p>Furthermore, you gain a +2 circumstance bonus to Diplomacy checks to convince others you speak the truth when you are telling the truth, and you take a -4 circumstance penalty to lie and to your Deception DC against @Compendium[pf2e.actionspf2e.1xRFPTFtWtGJ9ELw]{Sense Motive}.</p>"
		},
		{
			"id": "Observant Halfling",
			"name": "Observant Halfling",
			"description": "<p>Your finely honed senses quickly clue you in to danger or trickery. You gain a +1 circumstance bonus to your Perception DC, though not to your Perception checks.</p>"
		},
		{
			"id": "Oread",
			"name": "Oread",
			"description": "<p>An earth elemental ancestor has influenced your bloodline, and your features highlight this elemental planar connection. You might have a crystalline or metallic sheen to your skin or hair, rough and stony flesh, or glittering gemstone eyes. You gain the oread trait, in addition to the traits from your ancestry. You also gain @Compendium[pf2e.ancestryfeatures.DRtaqOHXTRtGRIUT]{Low-Light Vision}, or you gain @Compendium[pf2e.ancestryfeatures.HHVQDp61ehcpdiU8]{Darkvision} if your ancestry already has low-light vision. You can choose from oread feats and feats from your ancestry whenever you gain an ancestry feat.</p>\n<hr />\n<p>GENIEKIN FEATS</p>\n<p>At 1st level, you gain one ancestry feat, and you gain an additional ancestry feat every 4 levels thereafter (at 5th, 9th, 13th, and 17th levels). As a geniekin you can choose from among the following ancestry feats, in addition to those available to your specific geniekin heritage and your ancestry.</p>"
		},
		{
			"id": "Paddler Shoony",
			"name": "Paddler Shoony",
			"description": "<p>You hail from shoonies who have lived long and successfully among the reeds and cattails of swamps and marshes, and have adapted to the challenges of living near waterlogged areas. You ignore difficult terrain and greater difficult terrain from bogs. When you roll a success to @Compendium[pf2e.actionspf2e.c8TGiZ48ygoSPofx]{Swim}, you get a critical success instead.</p>"
		},
		{
			"id": "Pine Leshy",
			"name": "Pine Leshy",
			"description": "<p>You excrete a thick, sticky sap from your bark-like flesh, making it easier to climb and hold onto your gear. You gain the @Compendium[pf2e.feats-srd.09PurtIanNUPfNRq]{Combat Climber} feat as a bonus feat, and you gain a +2 circumstance bonus to your Reflex DC against attempts to @Compendium[pf2e.actionspf2e.Dt6B1slsBy8ipJu9]{Disarm} you.</p>"
		},
		{
			"id": "Pixie",
			"name": "Pixie",
			"description": "<p>You are larger than other sprites. Instead of Tiny, your size is Small.</p>"
		},
		{
			"id": "Poisonhide Grippli",
			"name": "Poisonhide Grippli",
			"description": "<p>You may be small, but the poison glands concealed across your body hide a deadly defense. You gain the @Compendium[pf2e.actionspf2e.kKKHwVUnroKuAnOt]{Toxic Skin} reaction.</p>"
		},
		{
			"id": "Polychromatic Anadi",
			"name": "Polychromatic Anadi",
			"description": "<p>Your body is covered with exceptionally colorful hairs that create vibrant, eye-catching patterns, some of which might even show in your human form. You become trained in Performance (or another skill if you were already trained in Performance), and you gain the @Compendium[pf2e.feats-srd.xqAdXRd2gSQcqp5E]{Impressive Performance} feat.</p>\n<hr />\n<p><em>Note: If you are already trained in the skill provided by this feat, you need to manually select an alternative skill.</em></p>"
		},
		{
			"id": "Polyglot Android",
			"name": "Polyglot Android",
			"description": "<p>You were preprogrammed with a multitude of linguistic proficiencies, likely to act as a translator. You learn two new languages, chosen from common languages and any uncommon languages you have access to. These languages take the same form (signed or spoken) as your other languages. If you select the @Compendium[pf2e.feats-srd.P9HCz0uR6xPHuw72]{Multilingual} feat, you learn three new languages instead of two.</p>"
		},
		{
			"id": "Predator Strix",
			"name": "Predator Strix",
			"description": "<p>You come from a line of strix with exceptionally broad wings and lengthy talons. You gain a talon melee unarmed attack that deals [[/r {1d4}[slashing]]]{1d4 slashing damage}. Your talon attack is in the brawling group and has the agile, finesse, and unarmed traits.</p>"
		},
		{
			"id": "Quillcoat Shisk",
			"name": "Quillcoat Shisk",
			"description": "<p>Your body has adapted a defensive mechanism to break off your quills in an attacker, allowing you to defend yourself against aggressive predators, though it takes a while for the quills to grow back. You gain the @Compendium[pf2e.actionspf2e.oAWNluJaMlaGysXA]{Barbed Quills} reaction.</p>"
		},
		{
			"id": "Rainfall Orc",
			"name": "Rainfall Orc",
			"description": "<p>You were born in a rain forest with only tangles of trees providing protection from torrential rainstorms and flash floods. You've learned to move adeptly through jungle terrain and resist the various ailments common in humid environs.</p>\n<p>You gain a +2 circumstance bonus to Athletics checks to @Compendium[pf2e.actionspf2e.pprgrYQ1QnIDGZiy]{Climb} or @Compendium[pf2e.actionspf2e.c8TGiZ48ygoSPofx]{Swim} and a +1 circumstance bonus to saving throws against diseases.</p>"
		},
		{
			"id": "Razortooth Goblin",
			"name": "Razortooth Goblin",
			"description": "<p>Your family's teeth are formidable weapons. You gain a jaws unarmed attack that deals [[/r {1d6}[piercing]]]{1d6 piercing damage}. Your jaws are in the brawling group and have the finesse and unarmed traits.</p>"
		},
		{
			"id": "Resolute Fetchling",
			"name": "Resolute Fetchling",
			"description": "<p>Your ancestors have long dealt with the horrific—in the Shadow Plane or elsewhere—and you bear their mental fortitude. When you roll a success on a saving throw against an emotion effect, you get a critical success instead.</p>"
		},
		{
			"id": "Rite of Invocation",
			"name": "Rite of Invocation",
			"description": "<p>You augmented your exoskeleton with magic. You gain one cantrip from the arcane or occult spell list. You can cast this spell as an innate spell at will. A cantrip is heightened to a spell level equal to half your level rounded up.</p>"
		},
		{
			"id": "Rite of Knowing",
			"name": "Rite of Knowing",
			"description": "<p>You enhanced your exoskeleton with a connection to Axis, allowing you to tap into the infinite knowledge of the plane. You gain the @Compendium[pf2e.actionspf2e.k5TASjIxghvGCy7g]{Call to Axis} action.</p>"
		},
		{
			"id": "Rite of Light",
			"name": "Rite of Light",
			"description": "<p>Your exoskeleton bears small shoots that can share life. When using your Sunlight Healing, you can restore the Hit Points of an adjacent ally instead of yourself. That ally becomes temporarily immune to all uses of Sunlight Healing for 1 day.</p>"
		},
		{
			"id": "Rite of Passage",
			"name": "Rite of Passage",
			"description": "<p>Your exoskeleton remains connected with the plants that created it. You can ignore difficult terrain and uneven ground caused by undergrowth. In addition, when you use the Acrobatics skill to Balance on narrow surfaces or uneven ground within forests, you aren't flat-footed. When you roll a success attempting one of these Acrobatics checks, you get a critical success instead.</p>"
		},
		{
			"id": "Rite of Reinforcement",
			"name": "Rite of Reinforcement",
			"description": "<p>Your woven exoskeleton rivals the hardest armors that can be found. Your exoskeleton is medium armor in the plate armor group that grants a +4 item bonus to AC, a Dex cap of +1, a check penalty of -2, a speed penalty of -5 feet, and a Strength value of 16, and has the comfort trait. You can never wear other armor or remove your exoskeleton. You can etch armor runes onto your exoskeleton as normal.</p>\n<p>@Compendium[pf2e.equipment-srd.0KHgAaDi3tmu32Hq]{Rite of Reinforcement Exoskeleton}</p>"
		},
		{
			"id": "River Azarketi",
			"name": "River Azarketi",
			"description": "<p>You come from azarketis who abandoned the oceans for the fresh water of inland life. The varied geography of rivers required you to develop advanced physical skills to swim against rapids, leap through cascading waters, and deftly navigate shallow and narrow channels.</p>\n<p>When you succeed at an Athletics check to Swim, you get a critical success instead.</p>"
		},
		{
			"id": "Rock Dwarf",
			"name": "Rock Dwarf",
			"description": "<p>Your ancestors lived and worked among the great ancient stones of the mountains or the depths of the earth. This makes you solid as a rock when you plant your feet. You gain a +2 circumstance bonus to your Fortitude or Reflex DC against attempts to @Compendium[pf2e.actionspf2e.7blmbDrQFNfdT731]{Shove} or @Compendium[pf2e.actionspf2e.ge56Lu1xXVFYUnLP]{Trip} you. This bonus also applies to saving throws against spells or effects that attempt to knock you @Compendium[pf2e.conditionitems.j91X7x0XSomq8d60]{Prone}.</p>\n<p>In addition, if any effect would force you to move 10 feet or more, you are moved only half the distance.</p>"
		},
		{
			"id": "Root Leshy",
			"name": "Root Leshy",
			"description": "<p>Your body is made from hardy roots that attach you firmly to the ground. You gain 10 Hit Points from your ancestry instead of 8. You can go without sunlight for 2 weeks before you begin to starve. You gain a +2 circumstance bonus to your Fortitude or Reflex DC against attempts to Shove or Trip you. This bonus also applies to saving throws against spells or effects that attempt to move you or knock you prone.</p>"
		},
		{
			"id": "Runtboss Hobgoblin",
			"name": "Runtboss Hobgoblin",
			"description": "<p>You come from a long line of hobgoblins who commanded goblins. You are smaller than other hobgoblins, but goblins still listen to any commands you bellow. You gain the @Compendium[pf2e.feats-srd.gUqvezs2zzoTXFAI]{Group Coercion} skill feat. If you roll a success on an Intimidation check to @Compendium[pf2e.actionspf2e.tHCqgwjtQtzNqVvd]{Coerce} a goblin (but not other creatures with the goblin trait), you get a critical success instead; if you roll a critical failure, you get a failure instead.</p>"
		},
		{
			"id": "Sandstrider Lizardfolk",
			"name": "Sandstrider Lizardfolk",
			"description": "<p>Your thick scales help you retain water and combat the sun's glare. You gain fire resistance equal to half your level (minimum 1). Environmental heat effects are one step less extreme for you, and you can go 10 times as long as normal before you are affected by starvation or thirst. However, unless you wear protective gear or take shelter, environmental cold effects are one step more extreme for you.</p>"
		},
		{
			"id": "Scavenger Strix",
			"name": "Scavenger Strix",
			"description": "<p>Your ancestors originated from a land where food was scarce and threats were many. You are trained in Survival. You gain the @Compendium[pf2e.feats-srd.8qebBeOJsyRIchcu]{Forager} skill feat as a bonus feat. Your thoroughness when gathering food provides you a +1 circumstance bonus to Survival checks to Subsist.</p>"
		},
		{
			"id": "Seaweed Leshy",
			"name": "Seaweed Leshy",
			"description": "<p>Your body is made from woven seaweed, and you're just as comfortable underwater as on land. You gain a swim Speed of 20 feet, and you can always breathe underwater. However, your land Speed is reduced by 5 feet (to 20 feet for most seaweed leshys).</p>"
		},
		{
			"id": "Seer Elf",
			"name": "Seer Elf",
			"description": "<p>You have an inborn ability to detect and understand magical phenomena. You can cast the <em>@Compendium[pf2e.spells-srd.gpzpAAAJ1Lza2JVl]{Detect Magic}</em> cantrip as an arcane innate spell at will. A cantrip is heightened to a spell level equal to half your level rounded up.</p>\n<p>In addition, you gain a +1 circumstance bonus to checks to @Compendium[pf2e.actionspf2e.eReSHVEPCsdkSL4G]{Identify Magic} and to @Compendium[pf2e.actionspf2e.d9gbpiQjChYDYA2L]{Decipher Writing} of a magical nature. These skill actions typically use the Arcana, Nature, Occultism, or Religion skill.</p>"
		},
		{
			"id": "Sensate Gnome",
			"name": "Sensate Gnome",
			"description": "<p>You see all colors as brighter, hear all sounds as richer, and especially smell all scents with incredible detail. You gain a special sense: imprecise scent with a range of 30 feet. This means you can use your sense of smell to determine the exact location of a creature. The GM will usually double the range if you're downwind from the creature or halve the range if you're upwind.</p>\n<p>In addition, you gain a +2 circumstance bonus to Perception checks whenever you're trying to locate an undetected creature that is within the range of your scent.</p>"
		},
		{
			"id": "Sewer Rat",
			"name": "Sewer Rat",
			"description": "<p>You come from a long line of ysoki from a community based in the sewers beneath a large settlement. You are immune to the disease filth fever. Each of your successful saving throws against a disease or poison reduces its stage by 2, or by 1 for a virulent disease or poison. Each critical success against an ongoing disease or poison reduces its stage by 3, or by 2 for a virulent disease or poison.</p>"
		},
		{
			"id": "Shadow Rat",
			"name": "Shadow Rat",
			"description": "<p>Your ancestors lived in dark spaces underground, granting you dark fur and a vaguely unnatural mien that unnerves sapient creatures and frightens animals. You gain the trained proficiency rank in Intimidation and can use Intimidation to @Compendium[pf2e.actionspf2e.tHCqgwjtQtzNqVvd]{Coerce} animals. When you @Compendium[pf2e.actionspf2e.2u915NdUyQan6uKF]{Demoralize} an animal, you don't take a penalty for not sharing a language with it. If you would automatically become trained in Intimidation (from your background or class, for example), you become trained in another skill of your choice.</p>\n<p>Animals' attitudes toward you begin one degree worse than normal, usually starting at unfriendly instead of indifferent for domesticated animals, and hostile instead of unfriendly for wild animals.</p>"
		},
		{
			"id": "Shapewrought Fleshwarp",
			"name": "Shapewrought Fleshwarp",
			"description": "<p>A victim of fleshwarping, you likely bear loose flesh, bony spurs, or features of inhuman creatures sprouting from your skin. You have nevertheless turned the psychic toll of your transformation into a strength. You gain resistance to mental damage equal to half your level (minimum 1).</p>"
		},
		{
			"id": "Sharp-Eared Catfolk",
			"name": "Sharp-Eared Catfolk",
			"description": "<p>You were born with big, expressive ears that move with your moods and perk up at any unexpected sound. You gain a +2 circumstance bonus to locate undetected creatures that you could hear within 30 feet with a Seek action.</p>\n<p>As long as you're aware of a creature via sound, once per round, your ears can help you @Compendium[pf2e.actionspf2e.sn2hIy1iIJX9Vpgj]{Point Out} the creature to all allies as a free action.</p>"
		},
		{
			"id": "Sharpshooter Automaton",
			"name": "Sharpshooter Automaton",
			"description": "<p>Your lithe, humanoid shape is designed for speed and accuracy suitable for ranged combat. You gain the @Compendium[pf2e.actionspf2e.9sXQf1SyppS5B6O1]{Automaton Aim} action.</p>"
		},
		{
			"id": "Shoreline Strix",
			"name": "Shoreline Strix",
			"description": "<p>You're the descendant of strix who traveled to the coasts. Your feathers are especially water-repellent and sleekly angled for diving, allowing you to catch fish and other prey in the shallows. You are trained in Athletics, and you gain the @Compendium[pf2e.feats-srd.iOY6YfGBaOvMNAor]{Underwater Marauder} skill feat as a bonus skill feat.</p>"
		},
		{
			"id": "Shortshanks Hobgoblin",
			"name": "Shortshanks Hobgoblin",
			"description": "<p>You have a longer torso and broader shoulders than most hobgoblins, making your legs seem short by comparison. This gives you a strong, muscular core and lowers your center of gravity—features that assist you in riding and climbing—and you've trained at riding in a saddle from an extremely early age. You gain the @Compendium[pf2e.feats-srd.Rq5wkA8DtsmbzoGV]{Ride} feat. Additionally, you are not @Compendium[pf2e.conditionitems.AJh5ex99aV6VTggg]{Flat-Footed} while you Climb.</p>"
		},
		{
			"id": "Skilled Heritage",
			"name": "Skilled Heritage",
			"description": "<p>Your ingenuity allows you to train in a wide variety of skills. You become trained in one skill of your choice. At 5th level, you become an expert in the chosen skill.</p>"
		},
		{
			"id": "Skyborn Tengu",
			"name": "Skyborn Tengu",
			"description": "<p>Your bones may be especially light, you may be a rare tengu with wings, or your connection to the spirits of wind and sky might be stronger than most, slowing your descent through the air. You take no damage from falling, regardless of the distance you fall.</p>"
		},
		{
			"id": "Smokeworker Hobgoblin",
			"name": "Smokeworker Hobgoblin",
			"description": "<p>Your family have been alchemists, engineers, and scientists for generations, on projects bringing smoke and fire to the field of battle. You gain fire resistance equal to half your level (minimum 1). You automatically succeed at the DC 5 flat check to target a @Compendium[pf2e.conditionitems.DmAIPqOBomZ7H95W]{Concealed}creature if that creature is Concealed only by smoke.</p>"
		},
		{
			"id": "Snaptongue Grippli",
			"name": "Snaptongue Grippli",
			"description": "<p>Your tongue is especially long, and you can launch it with extraordinary range and precision. You can use your tongue to deliver touch-range spells and perform extremely simple Interact actions, such as opening some types of unlocked doors. Your tongue can't perform actions that require fingers or significant manual dexterity, including any action that would require a check to accomplish, and you can't use it to hold items.</p>"
		},
		{
			"id": "Snaring Anadi",
			"name": "Snaring Anadi",
			"description": "<p>You were hatched with hooked fangs that give you an edge when hunting in your true form. Your fangs attack gains the grapple and trip traits.</p>"
		},
		{
			"id": "Snow Goblin",
			"name": "Snow Goblin",
			"description": "<p>You are acclimated to living in frigid lands and have skin ranging from sky blue to navy in color, as well as blue fur. You gain cold resistance equal to half your level (minimum 1). You treat environmental cold effects as if they were one step less extreme (incredible cold becomes extreme, extreme cold becomes severe, and so on).</p>"
		},
		{
			"id": "Snow Rat",
			"name": "Snow Rat",
			"description": "<p>You have a thicker coat and bulkier frame to defend against the cold, granting you cold resistance equal to half your level (minimum 1). You treat environmental cold effects as if they were one step less extreme (incredible cold becomes extreme, extreme cold becomes severe, and so on).</p>"
		},
		{
			"id": "Songbird Strix",
			"name": "Songbird Strix",
			"description": "<p>You descend from a talented line of strix storytellers. From the highest mountains and purest landscapes where your lungs fill with glorious clean air, you trill, whistle, and croon sweet songs. While natural sounds make you predisposed to sing, voices make you predisposed to mimicry. You receive a +1 circumstance bonus on Deception checks to Impersonate a mimicked voice, where the sound of the voice is the only factor; if you are a master in Deception, you gain a +2 circumstance bonus instead. You also gain a +1 circumstance bonus on Performance checks to sing; if you are a master in Performance, you gain a +2 circumstance bonus instead.</p>"
		},
		{
			"id": "Spellkeeper Shisk",
			"name": "Spellkeeper Shisk",
			"description": "<p>Your magical knowledge allows you to cast simple spells. Choose occult or primal. You gain one cantrip from that magical tradition's spell list. You can cast this spell as an innate spell at will, as a spell of your chosen tradition. A cantrip is heightened to a spell level equal to half your level rounded up.</p>"
		},
		{
			"id": "Spellscale Kobold",
			"name": "Spellscale Kobold",
			"description": "<p>A trace of draconic magic flows through your veins. Choose one cantrip from the arcane spell list. You can Cast this Spell as an arcane innate spell at will. A cantrip is heightened to a spell level equal to half your level rounded up. You gain the trained proficiency rank in arcane spell attack rolls and spell DCs, and your key spellcasting ability is Charisma.</p>"
		},
		{
			"id": "Spindly Anadi",
			"name": "Spindly Anadi",
			"description": "<p>Your limbs are exceptionally long in both forms, allowing you to skitter about with surprising agility. Your Speed increases from 25 to 30 feet.</p>"
		},
		{
			"id": "Spined Azarketi",
			"name": "Spined Azarketi",
			"description": "<p>Your fins conceal launchable toxic spines. You have a spine ranged unarmed attack with the unarmed trait that deals [[/r {1d4}[poison]]]{1d4 poison damage}, has a range increment of 10 feet, and is in the dart weapon group.</p>"
		},
		{
			"id": "Steelskin Hobgoblin",
			"name": "Steelskin Hobgoblin",
			"description": "<p>When you are cut or burned, your body responds by forming tough but flexible callouses over the site of the injury. Over time, this makes the most vulnerable sections of your body harder and more resistant to damage. Many steelskin hobgoblins intentionally use blades and flame to scar themselves in intricate patterns, though this isn't universal. Your flat check to recover from persistent physical (including bleed), energy, or poison damage is DC 13 (rather than DC 15), or DC 8 when provided particularly effective assistance.</p>"
		},
		{
			"id": "Stickytoe Grippli",
			"name": "Stickytoe Grippli",
			"description": "<p>Your hands and feet exude a film that helps them adhere to surfaces. You gain a +2 circumstance bonus to your Fortitude and Reflex DC against attempts to Disarm, Shove, or Trip you. When ascending trees, vines, and other foliage, if you roll a success on the Athletics check to Climb, you get a critical success instead.</p>"
		},
		{
			"id": "Stonestep Shisk",
			"name": "Stonestep Shisk",
			"description": "<p>Navigating mountains and other rocky terrain is second nature to you. You can ignore non-magical difficult terrain caused by rubble and uneven ground made of stone and earth.</p>"
		},
		{
			"id": "Stormtossed Tengu",
			"name": "Stormtossed Tengu",
			"description": "<p>Whether due to a blessing from Hei Feng or hatching from your egg during a squall, you are resistant to storms. You gain electricity resistance equal to half your level (minimum 1).</p>\n<p>You automatically succeed at the flat check to target a @Compendium[pf2e.conditionitems.DmAIPqOBomZ7H95W]{Concealed} creature if that creature is concealed only by rain or fog.</p>"
		},
		{
			"id": "Strong-Blooded Dwarf",
			"name": "Strong-Blooded Dwarf",
			"description": "<p>Your blood runs hearty and strong, and you can shake off toxins. You gain poison resistance equal to half your level (minimum 1), and each of your successful saving throws against a poison affliction reduces its stage by 2, or by 1 for a virulent poison. Each critical success against an ongoing poison reduces its stage by 3, or by 2 for a virulent poison.</p>"
		},
		{
			"id": "Stronggut Shisk",
			"name": "Stronggut Shisk",
			"description": "<p>Your metabolism is slow, allowing you to go for days without food and process maladies at a slower rate. You can go for 1 week without food before you begin to starve Additionally, the onset times and lengths of stages for all diseases and poisons that affect you are increased by 50%. If the onset time or stage is instant or lasts only 1 round, this ability has no effect.</p>"
		},
		{
			"id": "Strongjaw Kobold",
			"name": "Strongjaw Kobold",
			"description": "<p>Your bloodline is noted for their powerful jaws and sharp teeth. You gain a jaws unarmed attack that deals [[/r {1d6}[piercing]]]{1d6 piercing damage}. Your jaws are in the brawling group and have the finesse and unarmed traits</p>"
		},
		{
			"id": "Stuffed Poppet",
			"name": "Stuffed Poppet",
			"description": "<p>You have little inside you other than cotton, sawdust, or dried leaves. You take no damage from falling, regardless of the distance you fall.</p>"
		},
		{
			"id": "Sturdy Skeleton",
			"name": "Sturdy Skeleton",
			"description": "<p>Certain hazardous conditions are not suitable for the average skeleton, so a necromancer might choose to reanimate the bones of a dwarf, orc, or other creature with a reputation for sturdiness. You have 10 Hit Points instead of 6 and gain the @Compendium[pf2e.feats-srd.I0BhPWqYf1bbzEYg]{Diehard} feat.</p>"
		},
		{
			"id": "Suli",
			"name": "Suli",
			"description": "<p>You are descended from a janni or otherwise embody a dichotomy of opposing elemental planar forces. You gain the suli trait, in addition to the traits from your ancestry. You also gain @Compendium[pf2e.ancestryfeatures.DRtaqOHXTRtGRIUT]{Low-Light Vision}, or you gain @Compendium[pf2e.ancestryfeatures.HHVQDp61ehcpdiU8]{Darkvision} if your ancestry already has low-light vision. You can choose from suli feats and feats from your ancestry whenever you gain an ancestry feat.</p>\n<hr />\n<p>GENIEKIN FEATS</p>\n<p>At 1st level, you gain one ancestry feat, and you gain an additional ancestry feat every 4 levels thereafter (at 5th, 9th, 13th, and 17th levels). As a geniekin you can choose from among the following ancestry feats, in addition to those available to your specific geniekin heritage and your ancestry.</p>"
		},
		{
			"id": "Sweetbreath Gnoll",
			"name": "Sweetbreath Gnoll",
			"description": "<p>You're a striped, pale-furred gnoll with oddly pleasant breath, which you can use to entrance your prey. You are trained in Diplomacy (or another skill if you were already trained in Diplomacy). You also gain a +1 circumstance bonus to checks to Make an Impression if the target can smell your breath.</p>\n<hr />\n<p><em>Note: If you are already trained in the skill provided by this feat, you need to manually select an alternative skill.</em></p>"
		},
		{
			"id": "Sylph",
			"name": "Sylph",
			"description": "<p>You are descended from air elementals or were born under the element's influence. You gain the sylph trait, in addition to the traits from your ancestry. You also gain @Compendium[pf2e.ancestryfeatures.DRtaqOHXTRtGRIUT]{Low-Light Vision} or @Compendium[pf2e.ancestryfeatures.HHVQDp61ehcpdiU8]{Darkvision} if your ancestry already has low-light vision. You can choose from sylph feats and feats from your ancestry whenever you gain an ancestry feat.</p>\n<hr />\n<p>GENIEKIN FEATS</p>\n<p>At 1st level, you gain one ancestry feat, and you gain an additional ancestry feat every 4 levels thereafter (at 5th, 9th, 13th, and 17th levels). As a geniekin you can choose from among the following ancestry feats, in addition to those available to your specific geniekin heritage and your ancestry.</p>"
		},
		{
			"id": "Tactile Azarketi",
			"name": "Tactile Azarketi",
			"description": "<p>Your skin can detect the slightest changes in ocean currents. You gain imprecise wavesense with a range of 30 feet, allowing you to sense motion in the water around you. You also gain a +1 circumstance bonus to Survival checks to Sense Direction in aquatic environments.</p>"
		},
		{
			"id": "Tailed Goblin",
			"name": "Tailed Goblin",
			"description": "<p>You have a powerful tail, likely because you descend from a community of monkey goblins. You gain a +2 circumstance bonus to Athletics checks to @Compendium[pf2e.actionspf2e.pprgrYQ1QnIDGZiy]{Climb}, you gain @Compendium[pf2e.feats-srd.09PurtIanNUPfNRq]{Combat Climber} as a bonus feat, and you reduce the number of free hands required to climb or @Compendium[pf2e.actionspf2e.ge56Lu1xXVFYUnLP]{Trip} by one.</p>"
		},
		{
			"id": "Taloned Tengu",
			"name": "Taloned Tengu",
			"description": "<p>Your talons are every bit as sharp and strong as your beak. You gain a talon unarmed attack that deals [[/r {1d4}[slashing]]]{1d4 slashing damage}. Your talons are in the brawling group, and have the agile, finesse, unarmed and versatile piercing traits.</p>"
		},
		{
			"id": "Technological Fleshwarp",
			"name": "Technological Fleshwarp",
			"description": "<p>Your transformation is due to manipulation by advanced technology, like that found in Numeria. Your emotions are dulled and hard to influence. When you roll a success on a saving throw against an emotion effect, you get a critical success instead.</p>"
		},
		{
			"id": "Thalassic Azarketi",
			"name": "Thalassic Azarketi",
			"description": "<p>You trace your lineage from azarketis who lived their lives among the great oceans and seas of the world. You know how to use the currents and the primal magic of water to guide your attacks. You gain the @Compendium[pf2e.feats-srd.iOY6YfGBaOvMNAor]{Underwater Marauder} skill feat, and your piercing ranged attacks don't have their range increments halved when fighting underwater targets.</p>"
		},
		{
			"id": "Thickcoat Shoony",
			"name": "Thickcoat Shoony",
			"description": "<p>You are a rare shoony who hails from colder climes. You gain cold resistance equal to half your level (minimum 1), and you treat environmental cold effects as if they were one step less extreme (incredible cold becomes extreme, extreme cold becomes severe, and so on). You don't need to succeed at a flat check to target a concealed creature if that creature is @Compendium[pf2e.conditionitems.DmAIPqOBomZ7H95W]{Concealed} only by snow. Unless you wear protective gear or take shelter, environmental heat effects are one step more extreme for you.</p>"
		},
		{
			"id": "Tiefling",
			"name": "Tiefling",
			"description": "<p>You descend from fiends or bear the mark of the fiendish realms, manifesting as some unusual feature that belies your heritage, such as horns or a tail. You gain the tiefling trait, in addition to the traits from your ancestry. You also gain @Compendium[pf2e.ancestryfeatures.DRtaqOHXTRtGRIUT]{Low-Light Vision}, or you gain @Compendium[pf2e.ancestryfeatures.HHVQDp61ehcpdiU8]{Darkvision} if your ancestry already has low-light vision. You can choose from tiefling feats and feats from your ancestry whenever you gain an ancestry feat.</p>"
		},
		{
			"id": "Toy Poppet",
			"name": "Toy Poppet",
			"description": "<p>You have the form of a child's tiny toy or doll, but you don't let your small size impede your joy of life. Instead of Small, your size is Tiny. Like other Tiny creatures, you don't automatically receive lesser cover from being in a larger creature's space, but circumstances might allow you to Take Cover. You can purchase weapons, armor, and other items for your size with the same statistics as normal gear, except that melee weapons have a reach of 0 for you (or a reach 5 feet shorter than normal if they have the reach trait). You can enter another creature's space, which is important because you must usually enter a creature's space to attack it with melee Strikes! Remember to adjust the Bulk of items and your Bulk limit for Tiny size.</p>"
		},
		{
			"id": "Treedweller Goblin",
			"name": "Treedweller Goblin",
			"description": "<p>You have adapted particularly well to living in forested environments. As long as you are in a forest or jungle, you gain a +2 circumstance bonus to Stealth checks to @Compendium[pf2e.actionspf2e.XMcnh4cSI32tljXa]{Hide}and @Compendium[pf2e.actionspf2e.VMozDqMMuK5kpoX4]{Sneak}, Survival checks to @Compendium[pf2e.actionspf2e.49y9Ec4bDii8pcD3]{Subsist}, and your Survival DC to @Compendium[pf2e.actionspf2e.SB7cMECVtE06kByk]{Cover Tracks}.</p>"
		},
		{
			"id": "Tunnel Rat",
			"name": "Tunnel Rat",
			"description": "<p>Your incredibly small bones allow you to easily compress your body and squeeze through gaps. You gain the @Compendium[pf2e.feats-srd.3G8xUlgCjRmRJNfP]{Quick Squeeze} feat as a bonus feat, even if you aren't trained in Acrobatics. Tight spaces not tight enough to require the Squeeze action aren't difficult terrain for you.</p>"
		},
		{
			"id": "Tunnelflood Kobold",
			"name": "Tunnelflood Kobold",
			"description": "<p>You grew up in a warren crisscrossed by underwater passages, whether natural or excavated. You gain a swim Speed of 15 feet.</p>"
		},
		{
			"id": "Twilight Halfling",
			"name": "Twilight Halfling",
			"description": "<p>Your ancestors performed many secret acts under the concealing cover of dusk, whether for good or ill, and over time they developed the ability to see in twilight beyond even the usual keen sight of halflings. You gain @Compendium[pf2e.ancestryfeatures.DRtaqOHXTRtGRIUT]{Low-Light Vision}.</p>"
		},
		{
			"id": "Umbral Gnome",
			"name": "Umbral Gnome",
			"description": "<p>Whether from a connection to dark or shadowy fey, from the underground deep gnomes also known as svirfneblin, or another source, you can see in complete darkness. You gain @Compendium[pf2e.ancestryfeatures.HHVQDp61ehcpdiU8]{Darkvision}.</p>"
		},
		{
			"id": "Unbreakable Goblin",
			"name": "Unbreakable Goblin",
			"description": "<p>You're able to bounce back from injuries easily due to an exceptionally thick skull, cartilaginous bones, or some other mixed blessing. You gain 10 Hit Points from your ancestry instead of 6. When you fall, reduce the falling damage you take as though you had fallen half the distance.</p>"
		},
		{
			"id": "Undine",
			"name": "Undine",
			"description": "<p>A water elemental ancestor influences your bloodline. You gain the undine trait, in addition to the traits from your ancestry. You gain a swim Speed of 10 feet and the amphibious trait. Like all creatures with the amphibious trait, you can breathe both water and air. You can choose from undine feats and feats from your ancestry whenever you gain an ancestry feat.</p>\n<hr />\n<p>GENIEKIN FEATS</p>\n<p>At 1st level, you gain one ancestry feat, and you gain an additional ancestry feat every 4 levels thereafter (at 5th, 9th, 13th, and 17th levels). As a geniekin you can choose from among the geniekin ancestry feats, in addition to those available to your specific geniekin heritage and your ancestry.</p>"
		},
		{
			"id": "Unseen Lizardfolk",
			"name": "Unseen Lizardfolk",
			"description": "<p>You can change your skin color to blend in with your surroundings, making minor shifts with a single action and dramatic changes over the course of an hour.</p>\n<p>When you're in an area where your coloration is roughly similar to the environment (for instance, forest green in a forest), you can use the minor, single action application of this ability to make localized changes that help you blend into your surroundings, gaining a +2 circumstance bonus to Stealth checks until your surroundings change in coloration or pattern.</p>"
		},
		{
			"id": "Venomous Anadi",
			"name": "Venomous Anadi",
			"description": "<p>Your natural form's fangs are capable of injecting foes with venom. You gain the @Compendium[pf2e.actionspf2e.8aIe57gXJ94mPpW4]{Anadi Venom} ability.</p>"
		},
		{
			"id": "Venomtail Kobold",
			"name": "Venomtail Kobold",
			"description": "<p>A vestigial spur in your tail secretes one dose of deadly</p>\n<p>venom each day. You gain the @Compendium[pf2e.actionspf2e.ev8OHpBO3xq3Zt08]{Tail Toxin} action.</p>"
		},
		{
			"id": "Versatile Heritage",
			"name": "Versatile Heritage",
			"description": "<p>Humanity's versatility and ambition have fueled its ascendance to be the most common ancestry in most nations throughout the world. Select a general feat of your choice for which you meet the prerequisites (as with your ancestry feat, you can select this general feat at any point during character creation).</p>"
		},
		{
			"id": "Vicious Goloma",
			"name": "Vicious Goloma",
			"description": "<p>The chitin on your hands forms powerful claws that allow you to defend yourself. You gain a claw unarmed attack that deals [[/r {1d6}[slashing]]]{1d6 slashing damage}. Your claws are in the brawling group and have the agile, finesse, and unarmed traits.</p>"
		},
		{
			"id": "Vigilant Goloma",
			"name": "Vigilant Goloma",
			"description": "<p>You've learned to be aware of not just obvious physical dangers, but also noticeable magical threats. You can cast the <em>@Compendium[pf2e.spells-srd.gpzpAAAJ1Lza2JVl]{Detect Magic}</em> cantrip as an arcane innate spell at will. A cantrip is heightened to a spell level equal to half your level rounded up. In addition, your awareness allows you to notice magical traps easier than others. Your proficiency rank in Perception is considered one step better when attempting to detect magical traps. (Trained is considered expert, expert is considered master, and master is considered legendary).</p>"
		},
		{
			"id": "Vine Leshy",
			"name": "Vine Leshy",
			"description": "<p>The prehensile vines woven into your body grant you unmatched skill at climbing. You do not need to have any hands free to @Compendium[pf2e.actionspf2e.pprgrYQ1QnIDGZiy]{Climb}. Additionally, if you roll a success on an Athletics check to climb, you get a critical success instead.</p>"
		},
		{
			"id": "Vivacious Gnome",
			"name": "Vivacious Gnome",
			"description": "<p>You have an incredibly strong connection to the positive energy that flows through the First World, making it harder to attack your life force with negative energy. You gain negative resistance equal to half your level (minimum 1). When you have the @Compendium[pf2e.conditionitems.3uh1r86TzbQvosxv]{Doomed} condition, the condition affects you as if its value was 1 lower than it actually is (doomed 1 has no effect, doomed 2 causes you to die at @Compendium[pf2e.conditionitems.yZRUzMqrMmfLu0V1]{Dying 3}, and so on).</p>"
		},
		{
			"id": "Warmarch Hobgoblin",
			"name": "Warmarch Hobgoblin",
			"description": "<p>You come from a line of wandering mercenaries, constantly on the march and scavenging food on the trail. If you fail, but not critically fail, to @Compendium[pf2e.actionspf2e.49y9Ec4bDii8pcD3]{Subsist} in the wilderness, you can still keep yourself fed with poor meals. When exploring, you can @Compendium[pf2e.actionspf2e.JuqmIAnkL9hVGai8]{Hustle} twice as long before you have to stop.</p>"
		},
		{
			"id": "Warrenbred Hobgoblin",
			"name": "Warrenbred Hobgoblin",
			"description": "<p>Your ancestors lived underground. Your ears are larger than those of other hobgoblins and sensitive to echoes. When you are underground, you can use the @Compendium[pf2e.actionspf2e.BlAOM2X92SI6HMtJ]{Seek} action to sense @Compendium[pf2e.conditionitems.VRSef5y1LmL2Hkjf]{Undetected} creatures within a @Template[type:burst|distance:30] instead of a @Template[type:burst|distance:15]. In addition, if you roll a success on an Acrobatics check to @Compendium[pf2e.actionspf2e.kMcV8e5EZUxa6evt]{Squeeze}, you get a critical success instead.</p>"
		},
		{
			"id": "Warrior Android",
			"name": "Warrior Android",
			"description": "<p>Your body was originally created to function as a security officer or soldier. You're a naturally gifted warrior preprogrammed for combat. You're trained in all simple and martial weapons.</p>"
		},
		{
			"id": "Warrior Automaton",
			"name": "Warrior Automaton",
			"description": "<p>Sporting a bulkier, powerful design, your body has been designed for combat. You have a bulky, humanoid shape. The damage die for your fist increases to 1d6 instead of 1d4. You don't take a penalty when making a lethal attack with your fist or any other unarmed attack.</p>"
		},
		{
			"id": "Wavediver Tengu",
			"name": "Wavediver Tengu",
			"description": "<p>You're one of the rare tengu who can cut through water like a bird through air, and you often lurk in rivers or oceans where few expect you. You gain a swim Speed of 15 feet.</p>"
		},
		{
			"id": "Wellspring Gnome",
			"name": "Wellspring Gnome",
			"description": "<p>Some other source of magic has a greater hold on you than the primal magic of your fey lineage does. This connection might come from an occult plane or an ancient occult song; a deity, celestial, or fiend; magical effluent left behind by a mage war; or ancient rune magic.</p>\n<p>Choose arcane, divine, or occult. You gain one cantrip from that magical tradition. You can cast this spell as an innate spell at will, as a spell of your chosen tradition. A cantrip is heightened to a spell level equal to half of your level rounded up. Whenever you gain a primal innate spell from a gnome ancestry feat, change its tradition from primal to your chosen tradition.</p>"
		},
		{
			"id": "Wetlander Lizardfolk",
			"name": "Wetlander Lizardfolk",
			"description": "<p>Your family is descended from the most common lizardfolk heritage, and you are accustomed to aquatic environments. You gain a 15-foot @Compendium[pf2e.actionspf2e.c8TGiZ48ygoSPofx]{Swim} Speed.</p>"
		},
		{
			"id": "Whisper Elf",
			"name": "Whisper Elf",
			"description": "<p>Your ears are finely tuned, able to detect even the slightest whispers of sound.</p>\n<p>As long as you can hear normally, you can use the @Compendium[pf2e.actionspf2e.BlAOM2X92SI6HMtJ]{Seek} action to sense @Compendium[pf2e.conditionitems.VRSef5y1LmL2Hkjf]{Undetected} creatures in a @Template[type:cone|distance:60] instead of a @Template[type:cone|distance:30].</p>\n<p>You also gain a +2 circumstance bonus to locate undetected creatures that you could hear within 30 feet with a seek action.</p>"
		},
		{
			"id": "Wildwood Halfling",
			"name": "Wildwood Halfling",
			"description": "<p>You hail from deep in a jungle or forest, and you've learned how to use your small size to wriggle through undergrowth, vines, and other obstacles. You ignore difficult terrain from trees, foliage, and undergrowth.</p>"
		},
		{
			"id": "Windup Poppet",
			"name": "Windup Poppet",
			"description": "<p>You're made primarily of soft metals, such as tin or silver, and your life force dwells within an exceptional array of clockworks deep in your body. Provided you wind metal tabs on your body a few times each day, you don't need food or water to survive. You must still breathe to ventilate your internal mechanisms and sleep to give your mechanisms rest, just like other poppets.</p>"
		},
		{
			"id": "Windweb Grippli",
			"name": "Windweb Grippli",
			"description": "<p>Tough webbing along your hands and toes can slow any fall. As long as you have one hand free, you take no falling damage, regardless of the distance you fall.</p>"
		},
		{
			"id": "Winter Catfolk",
			"name": "Winter Catfolk",
			"description": "<p>You have a thick coat of fur that protects you from the cold. You gain cold resistance equal to half your level (minimum 1). You treat environmental cold effects as if they were one step less extreme (incredible cold becomes extreme, extreme cold becomes severe, and so on).</p>"
		},
		{
			"id": "Winter Orc",
			"name": "Winter Orc",
			"description": "<p>Your ancestors survived in cold climates. You become trained in Survival, and you treat environmental cold effects as if they were one step less extreme (incredible cold becomes extreme, extreme cold becomes severe, and so on).</p>"
		},
		{
			"id": "Wintertouched Human",
			"name": "Wintertouched Human",
			"description": "<p>The power of winter flows through you. This heritage is most common among the Jadwiga of Irrisen, due to their descent from Baba Yaga, and certain Erutaki touched by the spirits. You gain cold resistance equal to half your level (minimum 1), and you treat environmental cold effects as if they were one step less extreme (incredible cold becomes extreme, extreme cold becomes severe, and so on).</p>"
		},
		{
			"id": "Wishborn Poppet",
			"name": "Wishborn Poppet",
			"description": "<p>You were wished to life, either by a powerful spellcaster or by the earnest desire of an innocent person who loved you very much. You're living proof that a hopeful spirit can overcome any obstacle. If you roll a success on a saving throw against an emotion or fear effect, you get a critical success instead.</p>"
		},
		{
			"id": "Wisp Fetchling",
			"name": "Wisp Fetchling",
			"description": "<p>Your ancestors' exposure to the Shadow Plane wrought great physical changes. Your hair or skin sometimes appears insubstantial, and you're slighter and more agile than other fetchlings. You're <strong>Small</strong> instead of <strong>Medium</strong>. You gain the trained proficiency rank in Acrobatics, the @Compendium[pf2e.feats-srd.3G8xUlgCjRmRJNfP]{Quick Squeeze} skill feat, and a +1 circumstance bonus to Acrobatics checks to Tumble Through. If you would automatically become trained in Acrobatics (from your background or class, for example), you instead become trained in a skill of your choice.</p>"
		},
		{
			"id": "Witch Gnoll",
			"name": "Witch Gnoll",
			"description": "<p>You're a shaggy, dark-furred gnoll capable of making some truly uncanny sounds. You can cast the <em>@Compendium[pf2e.spells-srd.atlgGNI1E1Ox3O3a]{Ghost Sound}</em> cantrip as an occult innate spell at will. A cantrip is heightened to a spell level equal to half your level rounded up. In addition, you gain a +1 circumstance bonus to checks to Impersonate and Create a Diversion when using only your voice.</p>"
		},
		{
			"id": "Woodland Elf",
			"name": "Woodland Elf",
			"description": "<p>You're adapted to life in the forest or the deep jungle, and you know how to climb trees and use foliage to your advantage. When @Compendium[pf2e.actionspf2e.pprgrYQ1QnIDGZiy]{Climbing} trees, vines, and other foliage, you move at half your Speed on a success and at full Speed on a critical success (and you move at full Speed on a success if you have @Compendium[pf2e.feats-srd.P04Hw8E6WAWARKHP]{Quick Climb}). This doesn't affect you if you're using a climb Speed.</p>\n<p>You can always use the @Compendium[pf2e.actionspf2e.ust1jJSCZQUhBZIz]{Take Cover}action when you are within forest terrain to gain cover, even if you're not next to an obstacle you can take cover behind.</p>"
		},
		{
			"id": "Woodstalker Lizardfolk",
			"name": "Woodstalker Lizardfolk",
			"description": "<p>You move easily through thick forest and jungle, using every branch or bush. You can always use the Take Cover action when in forest or jungle terrain to gain cover, even if you're not next to an obstacle you would normally be able to Take Cover behind. You gain the @Compendium[pf2e.feats-srd.beyw5bdA5hkQbmaG]{Terrain Stalker} feat, even if you're not trained in Stealth, and you must choose underbrush as your chosen terrain.</p>"
		}
	]
}