{
	"label": "Bestiary 1",
	"entries": [
		{
			"id": "Aasimar Redeemer",
			"name": "Aasimar Redeemer"
		},
		{
			"id": "Adamantine Golem",
			"name": "Adamantine Golem"
		},
		{
			"id": "Adult Black Dragon",
			"name": "Adult Black Dragon"
		},
		{
			"id": "Adult Black Dragon (Spellcaster)",
			"name": "Adult Black Dragon (Spellcaster)"
		},
		{
			"id": "Adult Blue Dragon",
			"name": "Adult Blue Dragon"
		},
		{
			"id": "Adult Blue Dragon (Spellcaster)",
			"name": "Adult Blue Dragon (Spellcaster)"
		},
		{
			"id": "Adult Brass Dragon",
			"name": "Adult Brass Dragon"
		},
		{
			"id": "Adult Brass Dragon (Spellcaster)",
			"name": "Adult Brass Dragon (Spellcaster)"
		},
		{
			"id": "Adult Bronze Dragon",
			"name": "Adult Bronze Dragon"
		},
		{
			"id": "Adult Bronze Dragon (Spellcaster)",
			"name": "Adult Bronze Dragon (Spellcaster)"
		},
		{
			"id": "Adult Copper Dragon",
			"name": "Adult Copper Dragon"
		},
		{
			"id": "Adult Copper Dragon (Spellcaster)",
			"name": "Adult Copper Dragon (Spellcaster)"
		},
		{
			"id": "Adult Gold Dragon",
			"name": "Adult Gold Dragon"
		},
		{
			"id": "Adult Gold Dragon (Spellcaster)",
			"name": "Adult Gold Dragon (Spellcaster)"
		},
		{
			"id": "Adult Green Dragon",
			"name": "Adult Green Dragon"
		},
		{
			"id": "Adult Green Dragon (Spellcaster)",
			"name": "Adult Green Dragon (Spellcaster)"
		},
		{
			"id": "Adult Red Dragon",
			"name": "Adult Red Dragon"
		},
		{
			"id": "Adult Red Dragon (Spellcaster)",
			"name": "Adult Red Dragon (Spellcaster)"
		},
		{
			"id": "Adult Silver Dragon",
			"name": "Adult Silver Dragon"
		},
		{
			"id": "Adult Silver Dragon (Spellcaster)",
			"name": "Adult Silver Dragon (Spellcaster)"
		},
		{
			"id": "Adult White Dragon",
			"name": "Adult White Dragon"
		},
		{
			"id": "Adult White Dragon (Spellcaster)",
			"name": "Adult White Dragon (Spellcaster)"
		},
		{
			"id": "Air Mephit",
			"name": "Air Mephit"
		},
		{
			"id": "Alchemical Golem",
			"name": "Alchemical Golem"
		},
		{
			"id": "Alghollthu Master",
			"name": "Alghollthu Master"
		},
		{
			"id": "Ancient Black Dragon",
			"name": "Ancient Black Dragon"
		},
		{
			"id": "Ancient Black Dragon (Spellcaster)",
			"name": "Ancient Black Dragon (Spellcaster)"
		},
		{
			"id": "Ancient Blue Dragon",
			"name": "Ancient Blue Dragon"
		},
		{
			"id": "Ancient Blue Dragon (Spellcaster)",
			"name": "Ancient Blue Dragon (Spellcaster)"
		},
		{
			"id": "Ancient Brass Dragon",
			"name": "Ancient Brass Dragon"
		},
		{
			"id": "Ancient Brass Dragon (Spellcaster)",
			"name": "Ancient Brass Dragon (Spellcaster)"
		},
		{
			"id": "Ancient Bronze Dragon",
			"name": "Ancient Bronze Dragon"
		},
		{
			"id": "Ancient Bronze Dragon (Spellcaster)",
			"name": "Ancient Bronze Dragon (Spellcaster)"
		},
		{
			"id": "Ancient Copper Dragon",
			"name": "Ancient Copper Dragon"
		},
		{
			"id": "Ancient Copper Dragon (Spellcaster)",
			"name": "Ancient Copper Dragon (Spellcaster)"
		},
		{
			"id": "Ancient Gold Dragon",
			"name": "Ancient Gold Dragon"
		},
		{
			"id": "Ancient Gold Dragon (Spellcaster)",
			"name": "Ancient Gold Dragon (Spellcaster)"
		},
		{
			"id": "Ancient Green Dragon",
			"name": "Ancient Green Dragon"
		},
		{
			"id": "Ancient Green Dragon (Spellcaster)",
			"name": "Ancient Green Dragon (Spellcaster)"
		},
		{
			"id": "Ancient Red Dragon",
			"name": "Ancient Red Dragon"
		},
		{
			"id": "Ancient Red Dragon (Spellcaster)",
			"name": "Ancient Red Dragon (Spellcaster)"
		},
		{
			"id": "Ancient Silver Dragon",
			"name": "Ancient Silver Dragon"
		},
		{
			"id": "Ancient Silver Dragon (Spellcaster)",
			"name": "Ancient Silver Dragon (Spellcaster)"
		},
		{
			"id": "Ancient White Dragon",
			"name": "Ancient White Dragon"
		},
		{
			"id": "Ancient White Dragon (Spellcaster)",
			"name": "Ancient White Dragon (Spellcaster)"
		},
		{
			"id": "Animated Armor",
			"name": "Animated Armor"
		},
		{
			"id": "Animated Broom",
			"name": "Animated Broom"
		},
		{
			"id": "Animated Statue",
			"name": "Animated Statue"
		},
		{
			"id": "Ankhrav",
			"name": "Ankhrav"
		},
		{
			"id": "Ankylosaurus",
			"name": "Ankylosaurus"
		},
		{
			"id": "Annis Hag",
			"name": "Annis Hag"
		},
		{
			"id": "Arbiter",
			"name": "Arbiter"
		},
		{
			"id": "Arboreal Regent",
			"name": "Arboreal Regent"
		},
		{
			"id": "Arboreal Warden",
			"name": "Arboreal Warden"
		},
		{
			"id": "Astradaemon",
			"name": "Astradaemon"
		},
		{
			"id": "Astral Deva",
			"name": "Astral Deva"
		},
		{
			"id": "Awakened Tree",
			"name": "Awakened Tree"
		},
		{
			"id": "Axiomite",
			"name": "Axiomite"
		},
		{
			"id": "Azure Worm",
			"name": "Azure Worm"
		},
		{
			"id": "Balisse",
			"name": "Balisse"
		},
		{
			"id": "Ball Python",
			"name": "Ball Python"
		},
		{
			"id": "Balor",
			"name": "Balor"
		},
		{
			"id": "Banshee",
			"name": "Banshee"
		},
		{
			"id": "Baomal",
			"name": "Baomal"
		},
		{
			"id": "Barbazu",
			"name": "Barbazu"
		},
		{
			"id": "Barghest",
			"name": "Barghest"
		},
		{
			"id": "Basilisk",
			"name": "Basilisk"
		},
		{
			"id": "Black Kobold Dragon Mage",
			"name": "Black Kobold Dragon Mage"
		},
		{
			"id": "Black Pudding",
			"name": "Black Pudding"
		},
		{
			"id": "Bloodseeker",
			"name": "Bloodseeker"
		},
		{
			"id": "Blue Kobold Dragon Mage",
			"name": "Blue Kobold Dragon Mage"
		},
		{
			"id": "Boar",
			"name": "Boar"
		},
		{
			"id": "Boggard Scout",
			"name": "Boggard Scout"
		},
		{
			"id": "Boggard Swampseer",
			"name": "Boggard Swampseer"
		},
		{
			"id": "Boggard Warrior",
			"name": "Boggard Warrior"
		},
		{
			"id": "Brain Collector",
			"name": "Brain Collector"
		},
		{
			"id": "Brine Shark",
			"name": "Brine Shark"
		},
		{
			"id": "Brontosaurus",
			"name": "Brontosaurus"
		},
		{
			"id": "Bugbear Thug",
			"name": "Bugbear Thug"
		},
		{
			"id": "Bugbear Tormentor",
			"name": "Bugbear Tormentor"
		},
		{
			"id": "Bulette",
			"name": "Bulette"
		},
		{
			"id": "Bunyip",
			"name": "Bunyip"
		},
		{
			"id": "Cacodaemon",
			"name": "Cacodaemon"
		},
		{
			"id": "Caligni Creeper",
			"name": "Caligni Creeper"
		},
		{
			"id": "Caligni Dancer",
			"name": "Caligni Dancer"
		},
		{
			"id": "Caligni Stalker",
			"name": "Caligni Stalker"
		},
		{
			"id": "Cassisian",
			"name": "Cassisian"
		},
		{
			"id": "Catfolk Pouncer",
			"name": "Catfolk Pouncer"
		},
		{
			"id": "Cauthooj",
			"name": "Cauthooj"
		},
		{
			"id": "Cave Bear",
			"name": "Cave Bear"
		},
		{
			"id": "Centaur",
			"name": "Centaur"
		},
		{
			"id": "Centipede Swarm",
			"name": "Centipede Swarm"
		},
		{
			"id": "Ceustodaemon",
			"name": "Ceustodaemon"
		},
		{
			"id": "Changeling Exile",
			"name": "Changeling Exile"
		},
		{
			"id": "Chimera (Black Dragon)",
			"name": "Chimera (Black Dragon)"
		},
		{
			"id": "Chimera (Blue Dragon)",
			"name": "Chimera (Blue Dragon)"
		},
		{
			"id": "Chimera (Green Dragon)",
			"name": "Chimera (Green Dragon)"
		},
		{
			"id": "Chimera (Red Dragon)",
			"name": "Chimera (Red Dragon)"
		},
		{
			"id": "Chimera (White Dragon)",
			"name": "Chimera (White Dragon)"
		},
		{
			"id": "Choral",
			"name": "Choral"
		},
		{
			"id": "Chuul",
			"name": "Chuul"
		},
		{
			"id": "Cinder Rat",
			"name": "Cinder Rat"
		},
		{
			"id": "Clay Golem",
			"name": "Clay Golem"
		},
		{
			"id": "Cloaker",
			"name": "Cloaker"
		},
		{
			"id": "Cloud Giant",
			"name": "Cloud Giant"
		},
		{
			"id": "Cockatrice",
			"name": "Cockatrice"
		},
		{
			"id": "Crag Linnorm",
			"name": "Crag Linnorm"
		},
		{
			"id": "Crimson Worm",
			"name": "Crimson Worm"
		},
		{
			"id": "Crocodile",
			"name": "Crocodile"
		},
		{
			"id": "Cyclops",
			"name": "Cyclops"
		},
		{
			"id": "Daeodon",
			"name": "Daeodon"
		},
		{
			"id": "Dandasuka",
			"name": "Dandasuka"
		},
		{
			"id": "Dark Naga",
			"name": "Dark Naga"
		},
		{
			"id": "Deadly Mantis",
			"name": "Deadly Mantis"
		},
		{
			"id": "Deep Gnome Rockwarden",
			"name": "Deep Gnome Rockwarden"
		},
		{
			"id": "Deep Gnome Scout",
			"name": "Deep Gnome Scout"
		},
		{
			"id": "Deep Gnome Warrior",
			"name": "Deep Gnome Warrior"
		},
		{
			"id": "Deinonychus",
			"name": "Deinonychus"
		},
		{
			"id": "Deinosuchus",
			"name": "Deinosuchus"
		},
		{
			"id": "Demilich",
			"name": "Demilich"
		},
		{
			"id": "Dero Magister",
			"name": "Dero Magister"
		},
		{
			"id": "Dero Stalker",
			"name": "Dero Stalker"
		},
		{
			"id": "Dero Strangler",
			"name": "Dero Strangler"
		},
		{
			"id": "Desert Drake",
			"name": "Desert Drake"
		},
		{
			"id": "Dezullon",
			"name": "Dezullon"
		},
		{
			"id": "Dhampir Wizard",
			"name": "Dhampir Wizard"
		},
		{
			"id": "Dire Wolf",
			"name": "Dire Wolf"
		},
		{
			"id": "Djinni",
			"name": "Djinni"
		},
		{
			"id": "Doppelganger",
			"name": "Doppelganger"
		},
		{
			"id": "Dragon Turtle",
			"name": "Dragon Turtle"
		},
		{
			"id": "Drakauthix",
			"name": "Drakauthix"
		},
		{
			"id": "Drider",
			"name": "Drider"
		},
		{
			"id": "Drow Fighter",
			"name": "Drow Fighter"
		},
		{
			"id": "Drow Priestess",
			"name": "Drow Priestess"
		},
		{
			"id": "Drow Rogue",
			"name": "Drow Rogue"
		},
		{
			"id": "Dryad",
			"name": "Dryad"
		},
		{
			"id": "Dryad Queen",
			"name": "Dryad Queen"
		},
		{
			"id": "Duergar Bombardier",
			"name": "Duergar Bombardier"
		},
		{
			"id": "Duergar Sharpshooter",
			"name": "Duergar Sharpshooter"
		},
		{
			"id": "Duergar Taskmaster",
			"name": "Duergar Taskmaster"
		},
		{
			"id": "Dullahan",
			"name": "Dullahan"
		},
		{
			"id": "Duskwalker Ghost Hunter",
			"name": "Duskwalker Ghost Hunter"
		},
		{
			"id": "Eagle",
			"name": "Eagle"
		},
		{
			"id": "Earth Mephit",
			"name": "Earth Mephit"
		},
		{
			"id": "Efreeti",
			"name": "Efreeti"
		},
		{
			"id": "Elananx",
			"name": "Elananx"
		},
		{
			"id": "Electric Eel",
			"name": "Electric Eel"
		},
		{
			"id": "Elemental Avalanche",
			"name": "Elemental Avalanche"
		},
		{
			"id": "Elemental Hurricane",
			"name": "Elemental Hurricane"
		},
		{
			"id": "Elemental Inferno",
			"name": "Elemental Inferno"
		},
		{
			"id": "Elemental Tsunami",
			"name": "Elemental Tsunami"
		},
		{
			"id": "Elephant",
			"name": "Elephant"
		},
		{
			"id": "Envyspawn",
			"name": "Envyspawn"
		},
		{
			"id": "Erinys",
			"name": "Erinys"
		},
		{
			"id": "Ether Spider",
			"name": "Ether Spider"
		},
		{
			"id": "Ettin",
			"name": "Ettin"
		},
		{
			"id": "Faceless Stalker",
			"name": "Faceless Stalker"
		},
		{
			"id": "Faerie Dragon",
			"name": "Faerie Dragon"
		},
		{
			"id": "Fire Giant",
			"name": "Fire Giant"
		},
		{
			"id": "Fire Mephit",
			"name": "Fire Mephit"
		},
		{
			"id": "Firewyrm",
			"name": "Firewyrm"
		},
		{
			"id": "Flame Drake",
			"name": "Flame Drake"
		},
		{
			"id": "Flash Beetle",
			"name": "Flash Beetle"
		},
		{
			"id": "Flesh Golem",
			"name": "Flesh Golem"
		},
		{
			"id": "Frost Drake",
			"name": "Frost Drake"
		},
		{
			"id": "Frost Giant",
			"name": "Frost Giant"
		},
		{
			"id": "Fungus Leshy",
			"name": "Fungus Leshy"
		},
		{
			"id": "Gancanagh",
			"name": "Gancanagh"
		},
		{
			"id": "Gargoyle",
			"name": "Gargoyle"
		},
		{
			"id": "Gelatinous Cube",
			"name": "Gelatinous Cube"
		},
		{
			"id": "Gelugon",
			"name": "Gelugon"
		},
		{
			"id": "Ghaele",
			"name": "Ghaele"
		},
		{
			"id": "Ghast",
			"name": "Ghast"
		},
		{
			"id": "Ghost Commoner",
			"name": "Ghost Commoner"
		},
		{
			"id": "Ghost Mage",
			"name": "Ghost Mage"
		},
		{
			"id": "Ghoul",
			"name": "Ghoul"
		},
		{
			"id": "Giant Anaconda",
			"name": "Giant Anaconda"
		},
		{
			"id": "Giant Animated Statue",
			"name": "Giant Animated Statue"
		},
		{
			"id": "Giant Bat",
			"name": "Giant Bat"
		},
		{
			"id": "Giant Centipede",
			"name": "Giant Centipede"
		},
		{
			"id": "Giant Eagle",
			"name": "Giant Eagle"
		},
		{
			"id": "Giant Flytrap",
			"name": "Giant Flytrap"
		},
		{
			"id": "Giant Frilled Lizard",
			"name": "Giant Frilled Lizard"
		},
		{
			"id": "Giant Gecko",
			"name": "Giant Gecko"
		},
		{
			"id": "Giant Mantis",
			"name": "Giant Mantis"
		},
		{
			"id": "Giant Monitor Lizard",
			"name": "Giant Monitor Lizard"
		},
		{
			"id": "Giant Moray Eel",
			"name": "Giant Moray Eel"
		},
		{
			"id": "Giant Octopus",
			"name": "Giant Octopus"
		},
		{
			"id": "Giant Rat",
			"name": "Giant Rat"
		},
		{
			"id": "Giant Scorpion",
			"name": "Giant Scorpion"
		},
		{
			"id": "Giant Stag Beetle",
			"name": "Giant Stag Beetle"
		},
		{
			"id": "Giant Tarantula",
			"name": "Giant Tarantula"
		},
		{
			"id": "Giant Viper",
			"name": "Giant Viper"
		},
		{
			"id": "Giant Wasp",
			"name": "Giant Wasp"
		},
		{
			"id": "Gibbering Mouther",
			"name": "Gibbering Mouther"
		},
		{
			"id": "Gimmerling",
			"name": "Gimmerling"
		},
		{
			"id": "Glabrezu",
			"name": "Glabrezu"
		},
		{
			"id": "Gluttonyspawn",
			"name": "Gluttonyspawn"
		},
		{
			"id": "Gnoll Cultist",
			"name": "Gnoll Cultist"
		},
		{
			"id": "Gnoll Hunter",
			"name": "Gnoll Hunter"
		},
		{
			"id": "Gnoll Sergeant",
			"name": "Gnoll Sergeant"
		},
		{
			"id": "Goblin Commando",
			"name": "Goblin Commando"
		},
		{
			"id": "Goblin Dog",
			"name": "Goblin Dog"
		},
		{
			"id": "Goblin Pyro",
			"name": "Goblin Pyro"
		},
		{
			"id": "Goblin War Chanter",
			"name": "Goblin War Chanter"
		},
		{
			"id": "Goblin Warrior",
			"name": "Goblin Warrior"
		},
		{
			"id": "Gogiteth",
			"name": "Gogiteth"
		},
		{
			"id": "Goliath Spider",
			"name": "Goliath Spider"
		},
		{
			"id": "Gorilla",
			"name": "Gorilla"
		},
		{
			"id": "Gourd Leshy",
			"name": "Gourd Leshy"
		},
		{
			"id": "Graveknight",
			"name": "Graveknight"
		},
		{
			"id": "Great Cyclops",
			"name": "Great Cyclops"
		},
		{
			"id": "Great White Shark",
			"name": "Great White Shark"
		},
		{
			"id": "Greater Barghest",
			"name": "Greater Barghest"
		},
		{
			"id": "Greater Nightmare",
			"name": "Greater Nightmare"
		},
		{
			"id": "Greater Shadow",
			"name": "Greater Shadow"
		},
		{
			"id": "Greedspawn",
			"name": "Greedspawn"
		},
		{
			"id": "Green Hag",
			"name": "Green Hag"
		},
		{
			"id": "Green Kobold Dragon Mage",
			"name": "Green Kobold Dragon Mage"
		},
		{
			"id": "Griffon",
			"name": "Griffon"
		},
		{
			"id": "Grig",
			"name": "Grig"
		},
		{
			"id": "Grikkitog",
			"name": "Grikkitog"
		},
		{
			"id": "Grim Reaper",
			"name": "Grim Reaper"
		},
		{
			"id": "Grizzly Bear",
			"name": "Grizzly Bear"
		},
		{
			"id": "Grothlut",
			"name": "Grothlut"
		},
		{
			"id": "Guard Dog",
			"name": "Guard Dog"
		},
		{
			"id": "Guardian Naga",
			"name": "Guardian Naga"
		},
		{
			"id": "Gug",
			"name": "Gug"
		},
		{
			"id": "Guthallath",
			"name": "Guthallath"
		},
		{
			"id": "Harpy",
			"name": "Harpy"
		},
		{
			"id": "Hell Hound",
			"name": "Hell Hound"
		},
		{
			"id": "Hill Giant",
			"name": "Hill Giant"
		},
		{
			"id": "Hive Mother",
			"name": "Hive Mother"
		},
		{
			"id": "Hobgoblin Archer",
			"name": "Hobgoblin Archer"
		},
		{
			"id": "Hobgoblin General",
			"name": "Hobgoblin General"
		},
		{
			"id": "Hobgoblin Soldier",
			"name": "Hobgoblin Soldier"
		},
		{
			"id": "Homunculus",
			"name": "Homunculus"
		},
		{
			"id": "Horned Archon",
			"name": "Horned Archon"
		},
		{
			"id": "Hunting Spider",
			"name": "Hunting Spider"
		},
		{
			"id": "Hyaenodon",
			"name": "Hyaenodon"
		},
		{
			"id": "Hydra",
			"name": "Hydra"
		},
		{
			"id": "Hyena",
			"name": "Hyena"
		},
		{
			"id": "Ice Linnorm",
			"name": "Ice Linnorm"
		},
		{
			"id": "Imp",
			"name": "Imp"
		},
		{
			"id": "Invisible Stalker",
			"name": "Invisible Stalker"
		},
		{
			"id": "Iron Golem",
			"name": "Iron Golem"
		},
		{
			"id": "Janni",
			"name": "Janni"
		},
		{
			"id": "Jinkin",
			"name": "Jinkin"
		},
		{
			"id": "Jungle Drake",
			"name": "Jungle Drake"
		},
		{
			"id": "Kapoacinth",
			"name": "Kapoacinth"
		},
		{
			"id": "Keketar",
			"name": "Keketar"
		},
		{
			"id": "Kobold Scout",
			"name": "Kobold Scout"
		},
		{
			"id": "Kobold Warrior",
			"name": "Kobold Warrior"
		},
		{
			"id": "Kolyarut",
			"name": "Kolyarut"
		},
		{
			"id": "Kraken",
			"name": "Kraken"
		},
		{
			"id": "Krooth",
			"name": "Krooth"
		},
		{
			"id": "Lamia",
			"name": "Lamia"
		},
		{
			"id": "Lamia Matriarch",
			"name": "Lamia Matriarch"
		},
		{
			"id": "Lantern Archon",
			"name": "Lantern Archon"
		},
		{
			"id": "Lantern Archon (Gestalt)",
			"name": "Lantern Archon (Gestalt)"
		},
		{
			"id": "Leaf Leshy",
			"name": "Leaf Leshy"
		},
		{
			"id": "Legion Archon",
			"name": "Legion Archon"
		},
		{
			"id": "Lemure",
			"name": "Lemure"
		},
		{
			"id": "Leopard",
			"name": "Leopard"
		},
		{
			"id": "Lesser Death",
			"name": "Lesser Death"
		},
		{
			"id": "Leukodaemon",
			"name": "Leukodaemon"
		},
		{
			"id": "Lich",
			"name": "Lich"
		},
		{
			"id": "Lillend",
			"name": "Lillend"
		},
		{
			"id": "Lion",
			"name": "Lion"
		},
		{
			"id": "Living Landslide",
			"name": "Living Landslide"
		},
		{
			"id": "Living Waterfall",
			"name": "Living Waterfall"
		},
		{
			"id": "Living Whirlwind",
			"name": "Living Whirlwind"
		},
		{
			"id": "Living Wildfire",
			"name": "Living Wildfire"
		},
		{
			"id": "Lizardfolk Defender",
			"name": "Lizardfolk Defender"
		},
		{
			"id": "Lizardfolk Scout",
			"name": "Lizardfolk Scout"
		},
		{
			"id": "Lizardfolk Stargazer",
			"name": "Lizardfolk Stargazer"
		},
		{
			"id": "Lustspawn",
			"name": "Lustspawn"
		},
		{
			"id": "Lyrakien",
			"name": "Lyrakien"
		},
		{
			"id": "Mammoth",
			"name": "Mammoth"
		},
		{
			"id": "Manticore",
			"name": "Manticore"
		},
		{
			"id": "Marid",
			"name": "Marid"
		},
		{
			"id": "Marilith",
			"name": "Marilith"
		},
		{
			"id": "Medusa",
			"name": "Medusa"
		},
		{
			"id": "Megalodon",
			"name": "Megalodon"
		},
		{
			"id": "Megaprimatus",
			"name": "Megaprimatus"
		},
		{
			"id": "Merfolk Warrior",
			"name": "Merfolk Warrior"
		},
		{
			"id": "Merfolk Wavecaller",
			"name": "Merfolk Wavecaller"
		},
		{
			"id": "Mimic",
			"name": "Mimic"
		},
		{
			"id": "Minotaur",
			"name": "Minotaur"
		},
		{
			"id": "Mitflit",
			"name": "Mitflit"
		},
		{
			"id": "Morrigna",
			"name": "Morrigna"
		},
		{
			"id": "Mu Spore",
			"name": "Mu Spore"
		},
		{
			"id": "Mukradi",
			"name": "Mukradi"
		},
		{
			"id": "Mummy Guardian",
			"name": "Mummy Guardian"
		},
		{
			"id": "Mummy Pharaoh",
			"name": "Mummy Pharaoh"
		},
		{
			"id": "Naiad",
			"name": "Naiad"
		},
		{
			"id": "Naiad Queen",
			"name": "Naiad Queen"
		},
		{
			"id": "Naunet",
			"name": "Naunet"
		},
		{
			"id": "Nessian Warhound",
			"name": "Nessian Warhound"
		},
		{
			"id": "Night Hag",
			"name": "Night Hag"
		},
		{
			"id": "Nightmare",
			"name": "Nightmare"
		},
		{
			"id": "Nilith",
			"name": "Nilith"
		},
		{
			"id": "Nosoi",
			"name": "Nosoi"
		},
		{
			"id": "Ochre Jelly",
			"name": "Ochre Jelly"
		},
		{
			"id": "Ofalth",
			"name": "Ofalth"
		},
		{
			"id": "Ogre Boss",
			"name": "Ogre Boss"
		},
		{
			"id": "Ogre Glutton",
			"name": "Ogre Glutton"
		},
		{
			"id": "Ogre Warrior",
			"name": "Ogre Warrior"
		},
		{
			"id": "Orc Brute",
			"name": "Orc Brute"
		},
		{
			"id": "Orc Warchief",
			"name": "Orc Warchief"
		},
		{
			"id": "Orc Warrior",
			"name": "Orc Warrior"
		},
		{
			"id": "Otyugh",
			"name": "Otyugh"
		},
		{
			"id": "Owlbear",
			"name": "Owlbear"
		},
		{
			"id": "Pegasus",
			"name": "Pegasus"
		},
		{
			"id": "Phistophilus",
			"name": "Phistophilus"
		},
		{
			"id": "Phoenix",
			"name": "Phoenix"
		},
		{
			"id": "Pit Fiend",
			"name": "Pit Fiend"
		},
		{
			"id": "Pixie",
			"name": "Pixie"
		},
		{
			"id": "Plague Zombie",
			"name": "Plague Zombie"
		},
		{
			"id": "Pleroma",
			"name": "Pleroma"
		},
		{
			"id": "Poltergeist",
			"name": "Poltergeist"
		},
		{
			"id": "Poracha",
			"name": "Poracha"
		},
		{
			"id": "Pridespawn",
			"name": "Pridespawn"
		},
		{
			"id": "Pteranodon",
			"name": "Pteranodon"
		},
		{
			"id": "Pugwampi",
			"name": "Pugwampi"
		},
		{
			"id": "Purple Worm",
			"name": "Purple Worm"
		},
		{
			"id": "Quasit",
			"name": "Quasit"
		},
		{
			"id": "Quatoid",
			"name": "Quatoid"
		},
		{
			"id": "Quelaunt",
			"name": "Quelaunt"
		},
		{
			"id": "Quetzalcoatlus",
			"name": "Quetzalcoatlus"
		},
		{
			"id": "Raja Rakshasa",
			"name": "Raja Rakshasa"
		},
		{
			"id": "Rat Swarm",
			"name": "Rat Swarm"
		},
		{
			"id": "Ratfolk Grenadier",
			"name": "Ratfolk Grenadier"
		},
		{
			"id": "Red Kobold Dragon Mage",
			"name": "Red Kobold Dragon Mage"
		},
		{
			"id": "Redcap",
			"name": "Redcap"
		},
		{
			"id": "Reefclaw",
			"name": "Reefclaw"
		},
		{
			"id": "Remorhaz",
			"name": "Remorhaz"
		},
		{
			"id": "Riding Dog",
			"name": "Riding Dog"
		},
		{
			"id": "Riding Horse",
			"name": "Riding Horse"
		},
		{
			"id": "Riding Pony",
			"name": "Riding Pony"
		},
		{
			"id": "River Drake",
			"name": "River Drake"
		},
		{
			"id": "Roc",
			"name": "Roc"
		},
		{
			"id": "Roper",
			"name": "Roper"
		},
		{
			"id": "Rune Giant",
			"name": "Rune Giant"
		},
		{
			"id": "Rust Monster",
			"name": "Rust Monster"
		},
		{
			"id": "Salamander",
			"name": "Salamander"
		},
		{
			"id": "Satyr",
			"name": "Satyr"
		},
		{
			"id": "Scorpion Swarm",
			"name": "Scorpion Swarm"
		},
		{
			"id": "Sea Devil Baron",
			"name": "Sea Devil Baron"
		},
		{
			"id": "Sea Devil Brute",
			"name": "Sea Devil Brute"
		},
		{
			"id": "Sea Devil Scout",
			"name": "Sea Devil Scout"
		},
		{
			"id": "Sea Hag",
			"name": "Sea Hag"
		},
		{
			"id": "Sea Serpent",
			"name": "Sea Serpent"
		},
		{
			"id": "Sewer Ooze",
			"name": "Sewer Ooze"
		},
		{
			"id": "Shadow",
			"name": "Shadow"
		},
		{
			"id": "Shaitan",
			"name": "Shaitan"
		},
		{
			"id": "Shambler",
			"name": "Shambler"
		},
		{
			"id": "Shemhazian",
			"name": "Shemhazian"
		},
		{
			"id": "Shield Archon",
			"name": "Shield Archon"
		},
		{
			"id": "Shining Child",
			"name": "Shining Child"
		},
		{
			"id": "Shoggoth",
			"name": "Shoggoth"
		},
		{
			"id": "Shuln",
			"name": "Shuln"
		},
		{
			"id": "Simurgh",
			"name": "Simurgh"
		},
		{
			"id": "Skeletal Champion",
			"name": "Skeletal Champion"
		},
		{
			"id": "Skeletal Giant",
			"name": "Skeletal Giant"
		},
		{
			"id": "Skeletal Horse",
			"name": "Skeletal Horse"
		},
		{
			"id": "Skeletal Hulk",
			"name": "Skeletal Hulk"
		},
		{
			"id": "Skeleton Guard",
			"name": "Skeleton Guard"
		},
		{
			"id": "Skulltaker",
			"name": "Skulltaker"
		},
		{
			"id": "Skum",
			"name": "Skum"
		},
		{
			"id": "Slothspawn",
			"name": "Slothspawn"
		},
		{
			"id": "Slurk",
			"name": "Slurk"
		},
		{
			"id": "Smilodon",
			"name": "Smilodon"
		},
		{
			"id": "Snapping Flytrap",
			"name": "Snapping Flytrap"
		},
		{
			"id": "Sod Hound",
			"name": "Sod Hound"
		},
		{
			"id": "Soulbound Doll (Chaotic Evil)",
			"name": "Soulbound Doll (Chaotic Evil)"
		},
		{
			"id": "Soulbound Doll (Chaotic Good)",
			"name": "Soulbound Doll (Chaotic Good)"
		},
		{
			"id": "Soulbound Doll (Chaotic Neutral)",
			"name": "Soulbound Doll (Chaotic Neutral)"
		},
		{
			"id": "Soulbound Doll (Lawful Evil)",
			"name": "Soulbound Doll (Lawful Evil)"
		},
		{
			"id": "Soulbound Doll (Lawful Good)",
			"name": "Soulbound Doll (Lawful Good)"
		},
		{
			"id": "Soulbound Doll (Lawful Neutral)",
			"name": "Soulbound Doll (Lawful Neutral)"
		},
		{
			"id": "Soulbound Doll (Neutral Evil)",
			"name": "Soulbound Doll (Neutral Evil)"
		},
		{
			"id": "Soulbound Doll (Neutral Good)",
			"name": "Soulbound Doll (Neutral Good)"
		},
		{
			"id": "Soulbound Doll (True Neutral)",
			"name": "Soulbound Doll (True Neutral)"
		},
		{
			"id": "Sphinx",
			"name": "Sphinx"
		},
		{
			"id": "Spider Swarm",
			"name": "Spider Swarm"
		},
		{
			"id": "Sprite",
			"name": "Sprite"
		},
		{
			"id": "Stegosaurus",
			"name": "Stegosaurus"
		},
		{
			"id": "Stone Giant",
			"name": "Stone Giant"
		},
		{
			"id": "Stone Golem",
			"name": "Stone Golem"
		},
		{
			"id": "Stone Mauler",
			"name": "Stone Mauler"
		},
		{
			"id": "Storm Giant",
			"name": "Storm Giant"
		},
		{
			"id": "Storm Lord",
			"name": "Storm Lord"
		},
		{
			"id": "Succubus",
			"name": "Succubus"
		},
		{
			"id": "Tarn Linnorm",
			"name": "Tarn Linnorm"
		},
		{
			"id": "Tengu Sneak",
			"name": "Tengu Sneak"
		},
		{
			"id": "Terotricus",
			"name": "Terotricus"
		},
		{
			"id": "Tidal Master",
			"name": "Tidal Master"
		},
		{
			"id": "Tiefling Adept",
			"name": "Tiefling Adept"
		},
		{
			"id": "Tiger",
			"name": "Tiger"
		},
		{
			"id": "Tor Linnorm",
			"name": "Tor Linnorm"
		},
		{
			"id": "Treerazer",
			"name": "Treerazer"
		},
		{
			"id": "Triceratops",
			"name": "Triceratops"
		},
		{
			"id": "Troll",
			"name": "Troll"
		},
		{
			"id": "Troll King",
			"name": "Troll King"
		},
		{
			"id": "Tyrannosaurus",
			"name": "Tyrannosaurus"
		},
		{
			"id": "Unicorn",
			"name": "Unicorn"
		},
		{
			"id": "Unseen Servant",
			"name": "Unseen Servant"
		},
		{
			"id": "Uthul",
			"name": "Uthul"
		},
		{
			"id": "Vampire Bat Swarm",
			"name": "Vampire Bat Swarm"
		},
		{
			"id": "Vampire Count",
			"name": "Vampire Count"
		},
		{
			"id": "Vampire Mastermind",
			"name": "Vampire Mastermind"
		},
		{
			"id": "Vampire Spawn Rogue",
			"name": "Vampire Spawn Rogue"
		},
		{
			"id": "Veiled Master",
			"name": "Veiled Master"
		},
		{
			"id": "Velociraptor",
			"name": "Velociraptor"
		},
		{
			"id": "Viper",
			"name": "Viper"
		},
		{
			"id": "Voidworm",
			"name": "Voidworm"
		},
		{
			"id": "Vrock",
			"name": "Vrock"
		},
		{
			"id": "War Horse",
			"name": "War Horse"
		},
		{
			"id": "War Pony",
			"name": "War Pony"
		},
		{
			"id": "Warg",
			"name": "Warg"
		},
		{
			"id": "Warsworn",
			"name": "Warsworn"
		},
		{
			"id": "Wasp Swarm",
			"name": "Wasp Swarm"
		},
		{
			"id": "Water Mephit",
			"name": "Water Mephit"
		},
		{
			"id": "Web Lurker",
			"name": "Web Lurker"
		},
		{
			"id": "Wemmuth",
			"name": "Wemmuth"
		},
		{
			"id": "Wendigo",
			"name": "Wendigo"
		},
		{
			"id": "Werebear",
			"name": "Werebear"
		},
		{
			"id": "Wererat",
			"name": "Wererat"
		},
		{
			"id": "Werewolf",
			"name": "Werewolf"
		},
		{
			"id": "White Kobold Dragon Mage",
			"name": "White Kobold Dragon Mage"
		},
		{
			"id": "Wight",
			"name": "Wight"
		},
		{
			"id": "Will-o'-Wisp",
			"name": "Will-o'-Wisp"
		},
		{
			"id": "Winter Wolf",
			"name": "Winter Wolf"
		},
		{
			"id": "Wolf",
			"name": "Wolf"
		},
		{
			"id": "Wraith",
			"name": "Wraith"
		},
		{
			"id": "Wrathspawn",
			"name": "Wrathspawn"
		},
		{
			"id": "Wyvern",
			"name": "Wyvern"
		},
		{
			"id": "Xorn",
			"name": "Xorn"
		},
		{
			"id": "Xulgath Leader",
			"name": "Xulgath Leader"
		},
		{
			"id": "Xulgath Skulker",
			"name": "Xulgath Skulker"
		},
		{
			"id": "Xulgath Warrior",
			"name": "Xulgath Warrior"
		},
		{
			"id": "Yeti",
			"name": "Yeti"
		},
		{
			"id": "Young Black Dragon",
			"name": "Young Black Dragon"
		},
		{
			"id": "Young Black Dragon (Spellcaster)",
			"name": "Young Black Dragon (Spellcaster)"
		},
		{
			"id": "Young Blue Dragon",
			"name": "Young Blue Dragon"
		},
		{
			"id": "Young Blue Dragon (Spellcaster)",
			"name": "Young Blue Dragon (Spellcaster)"
		},
		{
			"id": "Young Brass Dragon",
			"name": "Young Brass Dragon"
		},
		{
			"id": "Young Brass Dragon (Spellcaster)",
			"name": "Young Brass Dragon (Spellcaster)"
		},
		{
			"id": "Young Bronze Dragon",
			"name": "Young Bronze Dragon"
		},
		{
			"id": "Young Bronze Dragon (Spellcaster)",
			"name": "Young Bronze Dragon (Spellcaster)"
		},
		{
			"id": "Young Copper Dragon",
			"name": "Young Copper Dragon"
		},
		{
			"id": "Young Copper Dragon (Spellcaster)",
			"name": "Young Copper Dragon (Spellcaster)"
		},
		{
			"id": "Young Gold Dragon",
			"name": "Young Gold Dragon"
		},
		{
			"id": "Young Gold Dragon (Spellcaster)",
			"name": "Young Gold Dragon (Spellcaster)"
		},
		{
			"id": "Young Green Dragon",
			"name": "Young Green Dragon"
		},
		{
			"id": "Young Green Dragon (Spellcaster)",
			"name": "Young Green Dragon (Spellcaster)"
		},
		{
			"id": "Young Red Dragon",
			"name": "Young Red Dragon"
		},
		{
			"id": "Young Red Dragon (Spellcaster)",
			"name": "Young Red Dragon (Spellcaster)"
		},
		{
			"id": "Young Silver Dragon",
			"name": "Young Silver Dragon"
		},
		{
			"id": "Young Silver Dragon (Spellcaster)",
			"name": "Young Silver Dragon (Spellcaster)"
		},
		{
			"id": "Young White Dragon",
			"name": "Young White Dragon"
		},
		{
			"id": "Young White Dragon (Spellcaster)",
			"name": "Young White Dragon (Spellcaster)"
		},
		{
			"id": "Zaramuun",
			"name": "Zaramuun"
		},
		{
			"id": "Zephyr Hawk",
			"name": "Zephyr Hawk"
		},
		{
			"id": "Zombie Brute",
			"name": "Zombie Brute"
		},
		{
			"id": "Zombie Hulk",
			"name": "Zombie Hulk"
		},
		{
			"id": "Zombie Shambler",
			"name": "Zombie Shambler"
		}
	]
}