{
	"label": "Deity Boons and Curses",
	"entries": [
		{
			"id": "Abadar - Major Boon",
			"name": "Abadar - Major Boon",
			"description": "<p><strong>Major Boon (Daily)</strong> Your silver tongue is infallible, allowing you to reach a compromise if one is even remotely possible. Once per day, you know just what to offer to make a deal or broker a negotiation, and if you offer your divinely inspired deal, you can automatically receive a result of 20 + your Diplomacy modifier on your Diplomacy check instead of rolling. This does not increase your degree of success like rolling a 20 would.</p>\n<p>If there is legitimately nothing you could offer to reach an agreement, you learn that, and you don't expend your daily use of the boon.</p>"
		},
		{
			"id": "Abadar - Major Curse",
			"name": "Abadar - Major Curse",
			"description": "<p><strong>Major Curse</strong> You become honest to a fault. You constantly suffer the critical failure effect of <em>@Compendium[pf2e.spells-srd.aewxsale5xWEPKLk]{Zone of Truth}</em>. Additionally, you are always offered the worst possible option in a bargain.</p>"
		},
		{
			"id": "Abadar - Minor Boon",
			"name": "Abadar - Minor Boon",
			"description": "<p><strong>Minor Boon (Single Use)</strong> Abadar warns his favored against those who might unfairly take advantage. Once, when someone rolls a success on a Deception check to Lie maliciously to you and you alone, they get a critical failure instead.</p>\n<p>Abadar typically chooses to grant this boon in response to an extremely consequential lie.</p>"
		},
		{
			"id": "Abadar - Minor Curse",
			"name": "Abadar - Minor Curse",
			"description": "<p><strong>Minor Curse</strong> Any time you steal, illegally harm or kill another creature, or undermine a law-abiding officer or court, a symbol or word describing your crime appears on a visible spot on your skin. This symbol cannot be removed or hidden with makeup (though it can be covered with clothing) and it doesn't vanish until you make legal restitution for the crime, such as by serving your sentence.</p>"
		},
		{
			"id": "Abadar - Moderate Boon",
			"name": "Abadar - Moderate Boon",
			"description": "<p><strong>Moderate Boon</strong> Abadar blesses all your enterprises, leading to financial success as all your ventures always seems to work out.</p>\n<p>If you roll a critical failure at a check to @Compendium[pf2e.actionspf2e.QyzlsLrqM0EEwd7j]{Earn Income}, you get a failure instead.</p>\n<p>If you roll a success on a check to @Compendium[pf2e.actionspf2e.QyzlsLrqM0EEwd7j]{Earn Income}, you earn twice the usual amount of income.</p>"
		},
		{
			"id": "Abadar - Moderate Curse",
			"name": "Abadar - Moderate Curse",
			"description": "<p><strong>Moderate Curse</strong> Abadar curses all your enterprises, leading to financial disaster as all your ventures always seem to fail. The result of your check to @Compendium[pf2e.actionspf2e.QyzlsLrqM0EEwd7j]{Earn Income} is always one degree of success worse than the one you rolled.</p>"
		},
		{
			"id": "Asmodeus - Major Boon",
			"name": "Asmodeus - Major Boon",
			"description": "<p><strong>Major Boon</strong> Asmodeus helps enforce your bargains and contracts. When a creature enters a bargain or contract with you, uncoerced and of its own free will, it can't voluntarily violate its side of the bargain as long as you uphold your side. You can always choose to violate the bargain yourself, but if you do, the creature is no longer bound to fulfill its part.</p>"
		},
		{
			"id": "Asmodeus - Major Curse",
			"name": "Asmodeus - Major Curse",
			"description": "<p><strong>Major Curse</strong> Asmodeus has taken note of the chaos you have wrought. You receive an ancient wound that feels older than time itself. You become permanently @Compendium[pf2e.conditionitems.4D2KBtexWXa6oUMR]{Drained 4}, and nothing short of another intercession can remove the condition.</p>\n<p>Your wound aches fiercely whenever you perform a particularly chaotic act, causing you to become @Compendium[pf2e.conditionitems.fesd1n5eVhpCSS18]{Sickened 1}.</p>"
		},
		{
			"id": "Asmodeus - Minor Boon",
			"name": "Asmodeus - Minor Boon",
			"description": "<p><strong>Minor Boon (Single Use)</strong> Pleased by your talent for manipulation, Asmodeus amplifies your skills. Once, when you fail at the Diplomacy check to make a significant or consequential @Compendium[pf2e.actionspf2e.DCb62iCBrJXy0Ik6]{Request}, you can cast <em>@Compendium[pf2e.spells-srd.qwlh6aDgi86U3Q7H]{Suggestion}</em> on the target of your @Compendium[pf2e.actionspf2e.DCb62iCBrJXy0Ik6]{Request}, suggesting the same course of action. This is a divine innate spell.</p>"
		},
		{
			"id": "Asmodeus - Minor Curse",
			"name": "Asmodeus - Minor Curse",
			"description": "<p><strong>Minor Curse</strong> Asmodeus's flames burn you with great malice. You gain weakness 5 to fire.</p>"
		},
		{
			"id": "Asmodeus - Moderate Boon",
			"name": "Asmodeus - Moderate Boon",
			"description": "<p><strong>Moderate Boon</strong> Your eyes glow red like embers and your skin takes on a crimson tone. You gain @Compendium[pf2e.ancestryfeatures.HHVQDp61ehcpdiU8]{Darkvision} and fire resistance 5.</p>"
		},
		{
			"id": "Asmodeus - Moderate Curse",
			"name": "Asmodeus - Moderate Curse",
			"description": "<p><strong>Moderate Curse</strong> Asmodeus forces your compliance. You can't voluntarily back out of an agreement or contract or go back on your word, though you need follow only the letter of the agreement, not the spirit.</p>"
		},
		{
			"id": "Calistria - Major Boon",
			"name": "Calistria - Major Boon",
			"description": "<p><strong>Major Boon</strong> Calistria guides you towards vengeance. You always know the direction and distance towards the nearest creature that has wronged you and thus far gone unpunished.</p>"
		},
		{
			"id": "Calistria - Major Curse",
			"name": "Calistria - Major Curse",
			"description": "<p><strong>Major Curse</strong> You have wronged those unable to obtain revenge for themselves, and Calistria's curse grants their revenge its own life.</p>\n<p>Whenever another creature imagines vengeance upon you but can't pursue that vengeance because you are too powerful, well connected, or otherwise untouchable, a creature of roughly your level manifests out of their imagination and performs their desired revenge.</p>\n<p>Once the revenge is complete or the manifestation is destroyed, the summoned creature vanishes from existence.</p>"
		},
		{
			"id": "Calistria - Minor Boon",
			"name": "Calistria - Minor Boon",
			"description": "<p><strong>Minor Boon (Single Use)</strong> Calistria smiles on the riskiest deceptions. Once, when you roll a failure on a check to @Compendium[pf2e.actionspf2e.ewwCglB7XOPLUz72]{Lie}, you get a critical success instead. Calistria typically grants this boon for an extremely consequential lie.</p>"
		},
		{
			"id": "Calistria - Minor Curse",
			"name": "Calistria - Minor Curse",
			"description": "<p><strong>Minor Curse</strong> Whenever a new person desires vengeance against you, you suffer a painful sting and are afflicted with @Compendium[pf2e.equipment-srd.aBOPYlfHAcXUmhF7]{Giant Wasp Venom} at stage 1.</p>"
		},
		{
			"id": "Calistria - Moderate Boon",
			"name": "Calistria - Moderate Boon",
			"description": "<p><strong>Moderate Boon</strong> A foot-long wasp finds and befriends you. It serves you as a familiar as long as you maintain Calistria's grace. The wasp always has the burrower and flier familiar abilities.</p>"
		},
		{
			"id": "Calistria - Moderate Curse",
			"name": "Calistria - Moderate Curse",
			"description": "<p><strong>Moderate Curse</strong> People react as though you're insulting them, even in normal conversation. Whenever you attempt to @Compendium[pf2e.actionspf2e.OX4fy22hQgUHDr0q]{Make an Impression}, the outcome is one degree of success worse than the result of your roll. If you converse with someone over a long enough period of time but don't attempt to @Compendium[pf2e.actionspf2e.OX4fy22hQgUHDr0q]{Make an Impression}, you still insult them, and you suffer the effect of a critical failure to @Compendium[pf2e.actionspf2e.OX4fy22hQgUHDr0q]{Make an Impression}.</p>"
		},
		{
			"id": "Cayden Cailean - Major Boon",
			"name": "Cayden Cailean - Major Boon",
			"description": "<p><strong>Major Boon</strong> An embodiment of freedom, you break fetters with ease. At the end of each of your turns, you can end one effect that is currently making you immobilized (including effects that make you immobilized by grabbing or restraining you) as a free action.</p>"
		},
		{
			"id": "Cayden Cailean - Major Curse",
			"name": "Cayden Cailean - Major Curse",
			"description": "<p><strong>Major Curse</strong> Cayden curses you to suffer in the presence of drinking, making it hard for you to bear entering any tavern.</p>\n<p>Whenever any creature drinks alcohol within 100 feet of you, you suffer all negative effects from the alcohol (but only the alcohol) instead. This doesn't apply if the creature gains any special effect from drinking alcohol.</p>"
		},
		{
			"id": "Cayden Cailean - Minor Boon",
			"name": "Cayden Cailean - Minor Boon",
			"description": "<p><strong>Minor Boon</strong> Cayden Cailean helps you recover from nights of carousing.</p>\n<p>While you still get drunk and otherwise experience the effects of alcohol normally, you are never hung over the next morning.</p>"
		},
		{
			"id": "Cayden Cailean - Minor Curse",
			"name": "Cayden Cailean - Minor Curse",
			"description": "<p><strong>Minor Curse</strong> Individuals who raise Cayden's passing displeasure awake as if from a hard night of drinking and find that drink tastes foul.</p>"
		},
		{
			"id": "Cayden Cailean - Moderate Boon",
			"name": "Cayden Cailean - Moderate Boon",
			"description": "<p><strong>Moderate Boon</strong> You share some of the bravery Cayden espoused during his ascension.</p>\n<p>When you roll a success on a saving throw against a fear effect, you get a critical success instead. If you have the fighter @Compendium[pf2e.classfeatures.GJKJafDGuX4BeAeN]{Bravery} class feature, when you roll a critical failure on a save against a fear effect, you get a failure instead.</p>"
		},
		{
			"id": "Cayden Cailean - Moderate Curse",
			"name": "Cayden Cailean - Moderate Curse",
			"description": "<p><strong>Moderate Curse</strong> Cayden has afflicted you with cowardice. Whenever you roll a critical success on a saving throw against a fear effect, you get a success instead, and each time you roll a failure on a saving throw against a fear effect, you get a critical failure instead.</p>"
		},
		{
			"id": "Desna - Major Boon",
			"name": "Desna - Major Boon",
			"description": "<p><strong>Major Boon</strong> Desna bestows you with a swirling cloud of lights that forms a pair of wondrous butterfly wings. These wings grant you a @Compendium[pf2e.actionspf2e.cS9nfDRGD83bNU1p]{Fly} Speed of 40 feet and shine dim light to a range of 20 feet.</p>"
		},
		{
			"id": "Desna - Major Curse",
			"name": "Desna - Major Curse",
			"description": "<p><strong>Major Curse</strong> The stars rebuke you for your ways. You are @Compendium[pf2e.conditionitems.fesd1n5eVhpCSS18]{Sickened 4} and @Compendium[pf2e.conditionitems.xYTAsEpcJE1Ccni3]{Slowed 1} whenever you are exposed to starlight.</p>"
		},
		{
			"id": "Desna - Minor Boon",
			"name": "Desna - Minor Boon",
			"description": "<p><strong>Minor Boon (Single Use)</strong> For those at the end of a journey, Desna gifts a deep sleep.</p>\n<p>Once, after you rest, you completely recover all Hit Points, remove all negative conditions, and become free of any curses or diseases.</p>"
		},
		{
			"id": "Desna - Minor Curse",
			"name": "Desna - Minor Curse",
			"description": "<p><strong>Minor Curse</strong> You always seem to lose your way or have strange mishaps on the road that delay your travel.</p>\n<p>You (and thus any group that travels with you) travel at only 3/4 normal exploration Speed, before taking into account the terrain and other features that might slow you down further.</p>"
		},
		{
			"id": "Desna - Moderate Boon",
			"name": "Desna - Moderate Boon",
			"description": "<p><strong>Moderate Boon (Daily)</strong> Desna twists fortune in your favor.</p>\n<p>Once per day, after determining the result of a check, you can reroll the check and take the new result.</p>"
		},
		{
			"id": "Desna - Moderate Curse",
			"name": "Desna - Moderate Curse",
			"description": "<p><strong>Moderate Curse</strong> Misfortune follows you in your travels and requires acts of contrition or benevolence to keep at bay.</p>\n<p>You must always roll twice and take the worst result when attempting a check. This is a misfortune effect.</p>\n<p>You can express your remorse and ignore this effect for [[/br 1d4 #rounds]]{1d4 rounds} by spending an action, which has the concentrate trait.</p>\n<p>If you perform a truly selfless act of compassion, you ignore this effect for 1 day.</p>"
		},
		{
			"id": "Erastil - Major Boon",
			"name": "Erastil - Major Boon",
			"description": "<p><strong>Major Boon</strong> You become a friend to the land. You can cast <em>@Compendium[pf2e.spells-srd.qvwIwJ9QBihy8R0t]{Speak with Plants}</em> as a divine innate spell.</p>\n<p>When you are in a healthy natural environment, the land sustains you without need for food or drink.</p>\n<p>You can cast the <em>@Compendium[pf2e.spells-srd.l4LFwY7iuzX6sDXr]{Commune with Nature}</em> ritual without any secondary casters or secondary checks.</p>"
		},
		{
			"id": "Erastil - Major Curse",
			"name": "Erastil - Major Curse",
			"description": "<p><strong>Major Curse</strong> Erastil leaves you unable to have children (or otherwise reproduce or propagate if you do so in a different manner). This curse also affects your livestock, pets, and crops.</p>"
		},
		{
			"id": "Erastil - Minor Boon",
			"name": "Erastil - Minor Boon",
			"description": "<p><strong>Minor Boon</strong> Erastil shares in his bounty as long as you work for it. Whenever you roll a critical failure at a check to @Compendium[pf2e.actionspf2e.49y9Ec4bDii8pcD3]{Subsist} in the wild, you get a failure instead.</p>"
		},
		{
			"id": "Erastil - Minor Curse",
			"name": "Erastil - Minor Curse",
			"description": "<p><strong>Minor Curse</strong> Erastil curses your table and punishes you for relying on others' hard work. Any food you didn't grow, gather, or otherwise harvest yourself tastes like ash and leaves you @Compendium[pf2e.conditionitems.HL2l2VRSaQHu9lUw]{Fatigued}.</p>"
		},
		{
			"id": "Erastil - Moderate Boon",
			"name": "Erastil - Moderate Boon",
			"description": "<p><strong>Moderate Boon</strong> You share Erastil's sharp eye, allowing you to use a longbow in any situation.</p>\n<p>When you attack with a longbow, you can ignore the longbow's volley trait, and longbows have double the normal range increment for you.</p>"
		},
		{
			"id": "Erastil - Moderate Curse",
			"name": "Erastil - Moderate Curse",
			"description": "<p><strong>Moderate Curse</strong> Erastil's beasts take a dislike to you. Animals' attitudes toward you are one category worse (friendly instead of helpful, indifferent instead of friendly, and so on).</p>"
		},
		{
			"id": "Gorum - Major Boon",
			"name": "Gorum - Major Boon",
			"description": "<p><strong>Major Boon</strong> Gorum feeds you the zeal of his undying warriors, allowing you to draw upon your own life force to fight on and on without falling.</p>\n<p>Whenever you would be reduced to 0 Hit Points, you are instead healed to half your maximum Hit Points and become @Compendium[pf2e.conditionitems.3uh1r86TzbQvosxv]{Doomed 1} (or increase your doomed condition by 1).</p>"
		},
		{
			"id": "Gorum - Major Curse",
			"name": "Gorum - Major Curse",
			"description": "<p><strong>Major Curse</strong> You are unable to keep up with the rigors of combat. The moment a combat breaks out, you become @Compendium[pf2e.conditionitems.HL2l2VRSaQHu9lUw]{Fatigued} and @Compendium[pf2e.conditionitems.xYTAsEpcJE1Ccni3]{Slowed 1}. At the end of each of your turns, your @Compendium[pf2e.conditionitems.xYTAsEpcJE1Ccni3]{Slowed} condition increases by 1. These conditions end only when you are no longer in combat.</p>"
		},
		{
			"id": "Gorum - Minor Boon",
			"name": "Gorum - Minor Boon",
			"description": "<p><strong>Minor Boon</strong> Gorum grants you a weapon whenever you need one. You can use an Interact action to draw a 0-level non-magical iron weapon, even if you have no weapons on your person. Such a weapon lasts only as long as you continue using it to attack, and it can't be sold, given away, melted for scrap iron, or the like.</p>"
		},
		{
			"id": "Gorum - Minor Curse",
			"name": "Gorum - Minor Curse",
			"description": "<p><strong>Minor Curse</strong> Gorum rewards cowardice with frailty. Any armor you wear and shield you wield reduces its item bonus to AC by 2 (minimum 0) and its Hardness, Hit Points, and Break Threshold by half.</p>"
		},
		{
			"id": "Gorum - Moderate Boon",
			"name": "Gorum - Moderate Boon",
			"description": "<p><strong>Moderate Boon</strong> Your blows become unstoppable, carrying the momentum of Gorum's thrill for battle. Your greatsword Strikes gain the forceful trait.</p>"
		},
		{
			"id": "Gorum - Moderate Curse",
			"name": "Gorum - Moderate Curse",
			"description": "<p><strong>Moderate Curse</strong> You've lost the glory of slaying a worthy opponent.</p>\n<p>All of your weapon and unarmed attacks decrease their damage dice by one step, and all your attacks are nonlethal.</p>"
		},
		{
			"id": "Gozreh - Major Boon",
			"name": "Gozreh - Major Boon",
			"description": "<p><strong>Major Boon</strong> Gozreh has blessed you with their wind in your stride. You gain a +30-foot status bonus to your Speeds, and you gain a @Compendium[pf2e.actionspf2e.cS9nfDRGD83bNU1p]{Fly} Speed equal to your land Speed.</p>"
		},
		{
			"id": "Gozreh - Major Curse",
			"name": "Gozreh - Major Curse",
			"description": "<p><strong>Major Curse</strong> Those who displease Gozreh are shunned by nature itself.</p>\n<p>All animals and nonsapient plant creatures are hostile to you, and any animal companion or familiar abandons you.</p>\n<p>Sapient plants' attitude toward you begins two categories worse than normal, as something about you seems repugnant to them.</p>\n<p>While plants and animals might not attack you outright if it's not normally in their nature to do so when they are hostile, dogs growl at you, cats hiss, and so on.</p>"
		},
		{
			"id": "Gozreh - Minor Boon",
			"name": "Gozreh - Minor Boon",
			"description": "<p><strong>Minor Boon</strong> Gozreh grants their guidance while at sea. You are under the constant effects of <em>@Compendium[pf2e.spells-srd.tXa5vOu5giBNCjdR]{Know Direction}</em> and become trained in Sailing Lore (or another Lore skill if you are already trained in Sailing Lore).</p>"
		},
		{
			"id": "Gozreh - Minor Curse",
			"name": "Gozreh - Minor Curse",
			"description": "<p><strong>Minor Curse</strong> Lightning begins to strike twice. You gain weakness 5 to electricity, and any natural or magical bolts of lightning always target you rather than the other creatures around you.</p>"
		},
		{
			"id": "Gozreh - Moderate Boon",
			"name": "Gozreh - Moderate Boon",
			"description": "<p><strong>Moderate Boon</strong> You gain the touch of the sea. You can breathe underwater and gain a @Compendium[pf2e.actionspf2e.c8TGiZ48ygoSPofx]{Swim} Speed equal to your land Speed.</p>"
		},
		{
			"id": "Gozreh - Moderate Curse",
			"name": "Gozreh - Moderate Curse",
			"description": "<p><strong>Moderate Curse</strong> The current of the waves constantly fights against you, putting you at risk of drowning any time you must Swim.</p>\n<p>You lose any @Compendium[pf2e.actionspf2e.c8TGiZ48ygoSPofx]{Swim} Speed you have, unless it's your only Speed, in which case you take a -20-foot status penalty to your swim Speed.</p>\n<p>When you roll an Athletics check to @Compendium[pf2e.actionspf2e.c8TGiZ48ygoSPofx]{Swim}, you always use the outcome for one degree of success worse than the result of your roll.</p>"
		},
		{
			"id": "Iomedae - Major Boon",
			"name": "Iomedae - Major Boon",
			"description": "<p><strong>Major Boon</strong> Iomedae imbues your blade with great power.</p>\n<p>Longswords you wield gain the @Compendium[pf2e.equipment-srd.6xu6dPIaUZ7edKEB]{Axiomatic},<em> @Compendium[pf2e.equipment-srd.DH0kB9Wbr5pDeunX]{</em>Holy<em>}</em>, and @Compendium[pf2e.equipment-srd.woxl2FrrgAcJDu0t]{Major Striking} runes while you hold them. These property runes count toward the number of runes you can have on your weapon, and if this would cause your weapon to exceed its limit, choose which ones to keep each day when you prepare.</p>\n<p>You gain a +2 status bonus to attack rolls with longswords.</p>"
		},
		{
			"id": "Iomedae - Major Curse",
			"name": "Iomedae - Major Curse",
			"description": "<p><strong>Major Curse</strong> All blades reject your wicked heart.</p>\n<p>Any weapon you wield automatically becomes broken after you Strike with it. This curse can't break artifacts or similarly powerful weapons.</p>"
		},
		{
			"id": "Iomedae - Minor Boon",
			"name": "Iomedae - Minor Boon",
			"description": "<p><strong>Minor Boon</strong> You always present yourself at your best. Your clothing and person are always clean and unrumpled, the metal of your blade and armor shining and unblemished.</p>\n<p>This doesn't prevent you from being exposed to diseases and other afflictions via filth, but it protects you as well as if you had washed thoroughly right away.</p>"
		},
		{
			"id": "Iomedae - Minor Curse",
			"name": "Iomedae - Minor Curse",
			"description": "<p><strong>Minor Curse</strong> Your blade and armor have dulled like lead. Your weapons, armor, and shields have half their usual Hit Points and Break Threshold.</p>"
		},
		{
			"id": "Iomedae - Moderate Boon",
			"name": "Iomedae - Moderate Boon",
			"description": "<p><strong>Moderate Boon (Single Use)</strong> Your heart beats with a determined valor.</p>\n<p>Once, Iomedae ends all negative effects affecting you, unless they are from an artifact, deity, or similarly powerful source; she also restores all lost Hit Points and replenishes your spells, Focus Points, and other daily resources.</p>"
		},
		{
			"id": "Iomedae - Moderate Curse",
			"name": "Iomedae - Moderate Curse",
			"description": "<p><strong>Moderate Curse</strong> Tactical advantages never seem to work the way you planned. You can't receive a circumstance bonus to your attack rolls, and enemies don't take any circumstance penalties to their AC against your attacks.</p>"
		},
		{
			"id": "Irori - Major Boon",
			"name": "Irori - Major Boon",
			"description": "<p>You can temporarily ascend to a greater form. You can cast 8th-level <em>@Compendium[pf2e.spells-srd.MMCQsh12TPaDdPbV]{Righteous Might}</em> once per day as an occult innate spell. When you do, your form appears unremarkable, rather than clad in powerful armaments.</p>"
		},
		{
			"id": "Irori - Major Curse",
			"name": "Irori - Major Curse",
			"description": "<p>Irori makes all living creatures forget your existence. This can be further compounded by raising Irori's ire, resulting in your name being obliterated from all written records. In both cases, memories and writings rearrange themselves to omit you smoothly, rather than leaving obvious gaps.</p>"
		},
		{
			"id": "Irori - Minor Boon",
			"name": "Irori - Minor Boon",
			"description": "<p>Irori grants you great insight and knowledge. Once, when you roll a failure at a check to @Compendium[pf2e.actionspf2e.1OagaWtBpVXExToo]{Recall Knowledge}, you get a critical success instead. Furthermore, the check loses the secret trait, so you know for sure that the result was a critical success. Irori typically grants this boon for an extremely consequential check to Recall Knowledge.</p>"
		},
		{
			"id": "Irori - Minor Curse",
			"name": "Irori - Minor Curse",
			"description": "<p>Irori challenges you to seek another path, rather than treat every problem as a nail just because you have a hammer. If you select a check for which you have a higher bonus when another method would have been more appropriate for the situation, such as using Deception to @Compendium[pf2e.actionspf2e.ewwCglB7XOPLUz72]{Lie} through life because it's your highest modifier, even if it would be better to reach a compromise through Diplomacy, you must roll twice and take the lower result.</p>"
		},
		{
			"id": "Irori - Moderate Boon",
			"name": "Irori - Moderate Boon",
			"description": "<p>Your body rebuilds after adversity, becoming stronger. You can cast <em>@Compendium[pf2e.spells-srd.qJZZdYBdNaWRJFER]{Wholeness of Body}</em> as an occult ki spell. If you didn't have one already, you gain a focus pool with 1 Focus Point and are trained in occult spell attack rolls and spell DCs.</p>"
		},
		{
			"id": "Irori - Moderate Curse",
			"name": "Irori - Moderate Curse",
			"description": "<p>Irori challenges you to adapt to adversity in order to perfect yourself. You become weighed down as if under heavy weights, becoming @Compendium[pf2e.conditionitems.i3OJZU2nk64Df3xm]{Clumsy 2} and @Compendium[pf2e.conditionitems.D5mg6Tc7Jzrj6ro7]{Encumbered} until you accomplish a challenging task of Irori's choosing.</p>"
		},
		{
			"id": "Lamashtu - Major Boon",
			"name": "Lamashtu - Major Boon",
			"description": "<p><strong>Major Boon(Daily)</strong> Lamashtu uses your body to birth a new monster, regardless of your gender.</p>\n<p>Once per day, you can spend 1 minute to birth a monster determined by the GM, which rips its way from your belly. The monster's level is up to your level and it does as it pleases, following Lamashtu's will, though it doesn't attack you unless you have lost her favor. You are @Compendium[pf2e.conditionitems.4D2KBtexWXa6oUMR]{Drained 3} from the ordeal.</p>"
		},
		{
			"id": "Lamashtu - Major Curse",
			"name": "Lamashtu - Major Curse",
			"description": "<p><strong>Major Curse</strong> Your dreams are an unending stream of nightmares. You need 16 hours of rest to try to get enough sleep to recover resources in daily preparation that normally require an 8-hour rest, and even then, you must succeed at a DC 15 flat check to do so, and you are still fatigued on a successful check.</p>"
		},
		{
			"id": "Lamashtu - Minor Boon",
			"name": "Lamashtu - Minor Boon",
			"description": "<p><strong>Minor Boon</strong> Lamashtu's touch mutates a part of your body.</p>\n<p>You gain either an unarmed Strike that deals 1d6 damage or one that deals 1d4 damage and has the finesse and agile traits.</p>\n<p>Whether the attack deals bludgeoning, slashing, or piercing damage depends on the mutation.</p>\n<p>If the unarmed Strike replaces a limb, you can still use the mutated limb for its original functions. Lamashtu chooses the form and function of your mutation.</p>"
		},
		{
			"id": "Lamashtu - Minor Curse",
			"name": "Lamashtu - Minor Curse",
			"description": "<p><strong>Minor Curse</strong> Horrid visions torment your mind, overlaying reality at inopportune times. You treat everything around you as if it was @Compendium[pf2e.conditionitems.DmAIPqOBomZ7H95W]{Concealed}.</p>"
		},
		{
			"id": "Lamashtu - Moderate Boon",
			"name": "Lamashtu - Moderate Boon",
			"description": "<p><strong>Moderate Boon(Daily)</strong> You spread Lamashtu's nightmares everywhere you go. You can cast <em>@Compendium[pf2e.spells-srd.LiGbewa9pO0yjbsY]{Confusion}</em> once per day as an divine innate spell.</p>"
		},
		{
			"id": "Lamashtu - Moderate Curse",
			"name": "Lamashtu - Moderate Curse",
			"description": "<p><strong>Moderate Curse</strong> Lamashtu marks you as prey.</p>\n<p>Any creature with imprecise or better scent can smell you from 100 × the usual range of their scent and can't shake the feeling that you smell like prey, so they might attack you even if they would normally avoid attacking creatures of your ancestry.</p>\n<p>This smell doesn't magically compel their action, and the scent of prey doesn't overcome a deeper bond such as that with an animal companion.</p>"
		},
		{
			"id": "Nethys - Major Boon",
			"name": "Nethys - Major Boon",
			"description": "<p><strong>Major Boon</strong> You are granted supreme magical knowledge and mastery.</p>\n<p>If you are a prepared spellcaster, you can switch one of your prepared spells for another spell you could have prepared in that slot; if you are a spontaneous spellcaster, you can switch one of the spells in your spell repertoire for another spell you could have chosen for your repertoire instead.</p>\n<p>In either case, you make this switch by using a single action, which has the concentrate trait. (If you are neither a prepared nor a spontaneous spellcaster, Nethys won't grant you his major boon.)</p>"
		},
		{
			"id": "Nethys - Major Curse",
			"name": "Nethys - Major Curse",
			"description": "<p><strong>Major Curse</strong> Nethys severs your connection to magic. You lose all your spellcasting abilities and cannot gain any future spellcasting.</p>"
		},
		{
			"id": "Nethys - Minor Boon",
			"name": "Nethys - Minor Boon",
			"description": "<p><strong>Minor Boon (Single Use)</strong> Nethys casts a powerful spell to help you in a pinch.</p>\n<p>Once, Nethys casts a spell 1 level higher than the highest-level spell you can cast. If you can't cast spells, Nethys casts a 1st-level spell to help you.</p>"
		},
		{
			"id": "Nethys - Minor Curse",
			"name": "Nethys - Minor Curse",
			"description": "<p><strong>Minor Curse</strong> The secrets of magic become mentally taxing. You are permanently @Compendium[pf2e.conditionitems.e1XGnhKNSQIm5IXg]{Stupefied 1}.</p>"
		},
		{
			"id": "Nethys - Moderate Boon",
			"name": "Nethys - Moderate Boon",
			"description": "<p><strong>Moderate Boon (Single Use)</strong> Nethys grants you insight into the secrets of magic. Add one spell from a different tradition of magic to your spell list. You still must learn it or add it to your repertoire normally.</p>"
		},
		{
			"id": "Nethys - Moderate Curse",
			"name": "Nethys - Moderate Curse",
			"description": "<p><strong>Moderate Curse</strong> Your magic wars against itself like Nethys's dueling halves. Whenever you cast a spell, attempt a DC 11 flat check.</p>\n<p>On a failure, if your spell was harmful, you instead cast a beneficial spell of the same level on your intended targets, and if it was beneficial, you instead cast a harmful spell of the same level on your intended targets.</p>\n<p>If the spell benefited some targets and harmed others, you cast a spell of the same level that switches who benefited (for instance, changing a heal spell that harmed undead and healed the living to a harm spell that healed undead and harmed the living).</p>\n<p>You still lose the spell slot for the spell you were trying to cast.</p>"
		},
		{
			"id": "Norgorber - Major Boon",
			"name": "Norgorber - Major Boon",
			"description": "<p><strong>Major Boon</strong> You become a living secret. You are immune to divination effects and attempts to magically alter your memory, unless you choose to be affected or those effects come from a deity, artifact, or similarly powerful source. You also can never be tricked or forced by mundane means into uttering a secret you wish to keep.</p>"
		},
		{
			"id": "Norgorber - Major Curse",
			"name": "Norgorber - Major Curse",
			"description": "<p><strong>Major Curse (Daily)</strong> Norgorber steals away your memories.</p>\n<p>Once each day when you awake from rest, roll 1d4.</p>\n<p>On a 1, you forget the events of the previous day forever.</p>\n<p>On a 2, you temporarily experience complete retrograde amnesia for that day, unable to recall information from the past, including who you are.</p>\n<p>On a 3, you temporarily forget a single important subject for that day (Norgorber tends to intentionally chooses a memory to cause distress, such as making you forget your spouse on your anniversary).</p>\n<p>On a 4, you temporarily remember false memories on a single important subject for that day, blended seamlessly into your true memories.</p>"
		},
		{
			"id": "Norgorber - Minor Boon",
			"name": "Norgorber - Minor Boon",
			"description": "<p><strong>Minor Boon (Single Use)</strong> Norgorber protects your secrets and lies. Once, when you roll a failure at a Deception check to tell a @Compendium[pf2e.actionspf2e.ewwCglB7XOPLUz72]{Lie}, you get a critical success instead.</p>\n<p>Norgorber typically chooses to grant this boon to protect an extremely consequential lie.</p>"
		},
		{
			"id": "Norgorber - Minor Curse",
			"name": "Norgorber - Minor Curse",
			"description": "<p><strong>Minor Curse</strong> Norgorber allows thieves to get the better of you.</p>\n<p>Whenever you Earn Income, you earn money as if the task were 2 levels lower due to theft, loss, or bad fortune.</p>"
		},
		{
			"id": "Norgorber - Moderate Boon",
			"name": "Norgorber - Moderate Boon",
			"description": "<p><strong>Moderate Boon</strong> Your poisons are everlasting.</p>\n<p>If your Strike with a poisoned weapon critically fails, or succeeds but fails to deal slashing or piercing damage, the poison is not spent. The poison is still spent once successfully applied to a creature.</p>"
		},
		{
			"id": "Norgorber - Moderate Curse",
			"name": "Norgorber - Moderate Curse",
			"description": "<p><strong>Moderate Curse</strong> Poisons are quick to debilitate you. When you roll a failure at a Fortitude save against a poison, you get a critical failure instead.</p>"
		},
		{
			"id": "Pharasma - Major Boon",
			"name": "Pharasma - Major Boon",
			"description": "<p><strong>Major Boon</strong> Pharasma keeps you alive to fulfill your fate.</p>\n<p>The GM secretly chooses a fate Pharasma knows you must fulfill. Until you fulfill this fate, any time you would die, a grave but nonfatal misfortune instead befalls you.</p>\n<p>You take at least a full day to recuperate and you potentially face permanent consequences, but you don't die. If you would have died even once without this boon, once your fate is complete, you let out a final sigh and then die peacefully.</p>"
		},
		{
			"id": "Pharasma - Major Curse",
			"name": "Pharasma - Major Curse",
			"description": "<p><strong>Major Curse</strong> Pharasma wills the end of your life and your lineage. You become unable to have children (or otherwise procreate by any means, including create spawn abilities) and are permanently @Compendium[pf2e.conditionitems.3uh1r86TzbQvosxv]{Doomed 2}.</p>"
		},
		{
			"id": "Pharasma - Minor Boon",
			"name": "Pharasma - Minor Boon",
			"description": "<p><strong>Minor Boon (Single Use)</strong> You see a momentary, prophetic glimpse of your fate.</p>\n<p>Once, you gain a +2 status bonus to a single check; you can apply this bonus after you determine the result, and it can potentially change the degree of success.</p>"
		},
		{
			"id": "Pharasma - Minor Curse",
			"name": "Pharasma - Minor Curse",
			"description": "<p><strong>Minor Curse</strong> Horrifying or enticing visions of your final judgment distract you from the task at hand. You take a -2 status penalty to initiative rolls.</p>"
		},
		{
			"id": "Pharasma - Moderate Boon",
			"name": "Pharasma - Moderate Boon",
			"description": "<p><strong>Moderate Boon</strong> You gain a greater mastery over the energies of life and death.</p>\n<p>Your Strikes deal 1 positive damage to undead.</p>\n<p>Your spells that deal positive damage to undead gain a +1 status bonus to damage per spell level, and your spells that heal the living gain a +1 status bonus to the Hit Points restored per spell level.</p>"
		},
		{
			"id": "Pharasma - Moderate Curse",
			"name": "Pharasma - Moderate Curse",
			"description": "<p><strong>Moderate Curse (Daily)</strong> Fate turns against you and reveals dire portents. Divinations such as <em>@Compendium[pf2e.spells-srd.41TZEjhO6D1nWw2X]{Augury}</em> cast by you or that involve you always suggest woe. Once per day after you attempt a check, the GM can make the result of the roll a natural 1.</p>"
		},
		{
			"id": "Rovagug - Major Boon",
			"name": "Rovagug - Major Boon",
			"description": "<p><strong>Major Boon</strong> You can crack the surface of Golarion, accelerating the release of the Rough Beast. You gain the @Compendium[pf2e.feats-srd.FMjihpGLn9eQ14Gw]{Quaking Stomp} barbarian feat.</p>"
		},
		{
			"id": "Rovagug - Major Curse",
			"name": "Rovagug - Major Curse",
			"description": "<p><strong>Major Curse</strong> You are useful only as a beacon of destruction.</p>\n<p>You are permanently @Compendium[pf2e.conditionitems.yblD8fOR1J8rDwEQ]{Confused}, rampaging against anything and everything in your sight, and you deal an additional 18 damage with your unarmed and weapon Strikes.</p>"
		},
		{
			"id": "Rovagug - Minor Boon",
			"name": "Rovagug - Minor Boon",
			"description": "<p><strong>Minor Boon (Single-Use)</strong> Your attack becomes more destructive. Once, one of your failed or successful attacks becomes a critical hit, and your weapon or unarmed attack gains the deadly d12 trait for this attack, replacing any deadly trait it already had.</p>\n<p>Rovagug typically grants this boon when the critical hit could destroy something precious or significant.</p>"
		},
		{
			"id": "Rovagug - Minor Curse",
			"name": "Rovagug - Minor Curse",
			"description": "<p><strong>Minor Curse</strong> Whenever you are imprisoned, you thrash and shake as your mind fills with desperation.</p>\n<p>Any time you are restrained or otherwise imprisoned (such as being sent to jail), you are also @Compendium[pf2e.conditionitems.i3OJZU2nk64Df3xm]{Clumsy 2} and @Compendium[pf2e.conditionitems.e1XGnhKNSQIm5IXg]{Stupefied 2}.</p>"
		},
		{
			"id": "Rovagug - Moderate Boon",
			"name": "Rovagug - Moderate Boon",
			"description": "<p><strong>Moderate Boon</strong> You can devour all. You mouth grows into a horrible circular, insectile maw of needle-like teeth.</p>\n<p>You gain a bite unarmed attack that deals 1d8 piercing damage.</p>\n<p>Additionally, you can stomach eating anything you can fit down your throat-even rocks or small objects.</p>\n<p>You gain a +4 status bonus to saves resulting from eating something, such as diseases, poisons, or other effects of the ingested object. This doesn't allow you to digest magic items that would otherwise be difficult or impossible to destroy, such as cursed items or artifacts.</p>"
		},
		{
			"id": "Rovagug - Moderate Curse",
			"name": "Rovagug - Moderate Curse",
			"description": "<p><strong>Moderate Curse</strong> Your destructive rage seeks to remain unbound.</p>\n<p>Any armor you wear automatically becomes @Compendium[pf2e.conditionitems.6dNUvdb1dhToNDj3]{Broken}. Other items in your possession occasionally become @Compendium[pf2e.conditionitems.6dNUvdb1dhToNDj3]{Broken} over time.</p>"
		},
		{
			"id": "Sarenrae - Major Boon",
			"name": "Sarenrae - Major Boon",
			"description": "<p><strong>Major Boon</strong> You are a voice of peace and rehabilitation.</p>\n<p>When you roll a success at a check to @Compendium[pf2e.actionspf2e.DCb62iCBrJXy0Ik6]{Request} something, you get a critical success instead.</p>\n<p>In addition, all creatures other than fiends, undead, and mindless creatures allow you one chance to speak your piece and make requests before entering combat. If you or an ally ever use the time from the request to gain an advantage in an ensuing combat (for example, by casting preparatory spells, positioning for combat, or waiting out your opponent's preparatory spells), Sarenrae immediately revokes this boon, or possibly curses your ally.</p>"
		},
		{
			"id": "Sarenrae - Major Curse",
			"name": "Sarenrae - Major Curse",
			"description": "<p><strong>Major Curse</strong> Sarenrae restricts your ability to harm others.</p>\n<p>All attacks you make, spells you cast, and other sources of damage you deal are nonlethal except against fiends and undead, and you can't ever make them lethal.</p>\n<p>You deal minimum damage except against fiends and undead.</p>\n<p>All creatures except fiends and undead gain a +4 status bonus to their AC and saving throws against your attacks and other effects.</p>"
		},
		{
			"id": "Sarenrae - Minor Boon",
			"name": "Sarenrae - Minor Boon",
			"description": "<p><strong>Minor Boon (Single-Use)</strong> Your healing hands are blessed with a warm flame.</p>\n<p>Once, when you heal another creature, instead of healing it for the normal amount, you heal the creature to full Hit Points, no matter how much damage it has taken.</p>\n<p>Sarenrae typically grants this boon in extremely consequential circumstances.</p>"
		},
		{
			"id": "Sarenrae - Minor Curse",
			"name": "Sarenrae - Minor Curse",
			"description": "<p><strong>Minor Curse</strong> The sun burns you for your transgression. You receive a sunburn that causes you to become permanently @Compendium[pf2e.conditionitems.i3OJZU2nk64Df3xm]{Clumsy 1}.</p>"
		},
		{
			"id": "Sarenrae - Moderate Boon",
			"name": "Sarenrae - Moderate Boon",
			"description": "<p><strong>Moderate Boon</strong> Your blade burns the irredeemable. Your attacks deal an additional 1d6 fire damage that ignores fire resistance.</p>"
		},
		{
			"id": "Sarenrae - Moderate Curse",
			"name": "Sarenrae - Moderate Curse",
			"description": "<p><strong>Moderate Curse</strong> The sun shines its light on everything you say.</p>\n<p>You become unable to tell @Compendium[pf2e.actionspf2e.ewwCglB7XOPLUz72]{Lies}, and if you attempt to do so, you instead compulsively blurt out the truth on the matter in question. You are still able to withhold information or lie by omission.</p>"
		},
		{
			"id": "Shelyn - Major Boon",
			"name": "Shelyn - Major Boon",
			"description": "<p><strong>Major Boon</strong> Your inner beauty and love surround you in an aura.</p>\n<p>As long as you bear them no ill will, all creatures other than fiends, undead, and mindless creatures start with an attitude of friendly toward you, unless they would have been helpful instead. This doesn't mean they are willing to change their life or plans for you, and this boon does not prevent their attitudes from worsening if you try to thwart them. This effect doesn't work against deities and similarly powerful creatures.</p>\n<p>Additionally, the love you share with your friends inspires them. You and your allies gain a +3 status bonus to saving throws and skill checks as long as you can see each other.</p>"
		},
		{
			"id": "Shelyn - Major Curse",
			"name": "Shelyn - Major Curse",
			"description": "<p><strong>Major Curse</strong> Those who spread misery via false love face Shelyn's greatest curse.</p>\n<p>You lose the ability to distinguish any living being from another through appearance, voice, scent, or similar sensory means. You can make out physical size (so you wouldn't mistake an ant for a horse), but nothing further.</p>\n<p>If you were merely shallow, every creature you see has generic, bland features, but if your deeds were vile, you see only the faces of those you have wronged.</p>"
		},
		{
			"id": "Shelyn - Minor Boon",
			"name": "Shelyn - Minor Boon",
			"description": "<p><strong>Minor Boon</strong> Once, when you roll a failure on a Diplomacy check, you get a critical success instead.</p>\n<p>Shelyn typically grants this boon only when the Diplomacy check would serve to increase love or offer a chance of redemption.</p>"
		},
		{
			"id": "Shelyn - Minor Curse",
			"name": "Shelyn - Minor Curse",
			"description": "<p><strong>Minor Curse</strong> You heart churns with remorse. Each day, you are @Compendium[pf2e.conditionitems.fesd1n5eVhpCSS18]{Sickened 1} as a specific misdeed plays out in your mind over and over in guilt.</p>\n<p>You can't remove this condition, though it abates enough for you to quickly eat and drink when necessary. If you make amends or otherwise earnestly pursue redemption for the misdeed, the @Compendium[pf2e.conditionitems.fesd1n5eVhpCSS18]{Sickened} condition fades completely that day.</p>"
		},
		{
			"id": "Shelyn - Moderate Boon",
			"name": "Shelyn - Moderate Boon",
			"description": "<p><strong>Moderate Boon</strong> You are inspired to create great works and become a virtuoso at all arts. You gain the @Compendium[pf2e.feats-srd.QLeMH5mQgh28sa5o]{Specialty Crafting} feat and the @Compendium[pf2e.feats-srd.lFwfUvH2708rl6i3]{Virtuosic Performer} feat in all categories of Crafting and Performance.</p>"
		},
		{
			"id": "Shelyn - Moderate Curse",
			"name": "Shelyn - Moderate Curse",
			"description": "<p><strong>Moderate Curse</strong> Others subconsciously recognize your past betrayals.</p>\n<p>Whenever you attempt a Diplomacy check and roll a failure, you get a critical failure instead, and if you roll a critical success, you get a success instead.</p>"
		},
		{
			"id": "Torag - Major Boon",
			"name": "Torag - Major Boon",
			"description": "<p><strong>Major Boon</strong> Standing watch or guarding a location counts as resting for you, preventing you from being @Compendium[pf2e.conditionitems.HL2l2VRSaQHu9lUw]{Fatigued} due to lack of rest as long as you stand watch for at least 6 hours a day.</p>\n<p>You can recover your Focus Points (if you have them) by standing guard in addition to any other options you have available.</p>\n<p>When on guard, you gain a +4 status bonus to Perception to notice ambushes and other dangers approaching.</p>\n<p>As long as you are holding a shield, you are always Defending during exploration without needing to move at half your travel speed, and you can perform another exploration activity as well.</p>\n<p>While you are using a shield, its Hardness increases by 5.</p>"
		},
		{
			"id": "Torag - Major Curse",
			"name": "Torag - Major Curse",
			"description": "<p><strong>Major Curse</strong> You are forever cast out from your home. Members of your community have their attitudes towards you shift two steps worse, meaning those who used to be helpful are now indifferent, those who were friendly are now unfriendly, and all others are now hostile. This doesn't necessarily result in violence, but hostile community members generally seek your permanent exile.</p>"
		},
		{
			"id": "Torag - Minor Boon",
			"name": "Torag - Minor Boon",
			"description": "<p><strong>Minor Boon (Single-Use)</strong> Torag repairs your equipment so you may continue your vigil.</p>\n<p>Once, a shield, weapon, or other item you hold or are wearing recovers all of its Hit Points. The item's Hardness doubles for 1 minute.</p>\n<p>Torag can grant this boon just as the item would have been destroyed, preventing the item's destruction.</p>\n<p>Occasionally, he grants this boon to restore an item important to dwarven history that has already been fully destroyed.</p>"
		},
		{
			"id": "Torag - Minor Curse",
			"name": "Torag - Minor Curse",
			"description": "<p><strong>Minor Curse</strong> Shoddy artisanship makes itself known. Whenever an item you're using takes damage, it is @Compendium[pf2e.conditionitems.6dNUvdb1dhToNDj3]{Broken}.</p>"
		},
		{
			"id": "Torag - Moderate Boon",
			"name": "Torag - Moderate Boon",
			"description": "<p><strong>Moderate Boon</strong> You are counted as family among Torag and his followers.</p>\n<p>You gain the effects of a single dwarf ancestry feat of Torag's choice, even if you are not a dwarf, as long as you maintain Torag's blessing.</p>"
		},
		{
			"id": "Torag - Moderate Curse",
			"name": "Torag - Moderate Curse",
			"description": "<p><strong>Moderate Curse</strong> You must prove your skills at a craft by providing your own equipment.</p>\n<p>You gain item bonuses only from items you make yourself.</p>"
		},
		{
			"id": "Urgathoa - Major Boon",
			"name": "Urgathoa - Major Boon",
			"description": "<p><strong>Major Boon</strong> When you contract contagions, you experience fever dreams filled with insight.</p>\n<p>Once afflicted with a disease, you gain the effects of <em>@Compendium[pf2e.spells-srd.qsNeG9KZpODSACMq]{Foresight}</em> with yourself as the target until no longer afflicted with any disease.</p>"
		},
		{
			"id": "Urgathoa - Major Curse",
			"name": "Urgathoa - Major Curse",
			"description": "<p><strong>Major Curse</strong> Urgathoa teaches you that pointless lives in slavery to death and morality are bound to end in tragedy.</p>\n<p>You develop an incurable wasting disease that leaves you @Compendium[pf2e.conditionitems.i3OJZU2nk64Df3xm]{Clumsy} 2, @Compendium[pf2e.conditionitems.MIRkyAjyBeXivMa7]{Enfeebled 2}, and unable to move except by @Compendium[pf2e.actionspf2e.Tj055UcNm6UEgtCg]{Crawling}. This disease never progresses further to kill you, but it passes to your friends and loved ones merely by sight, wasting them away unto death before your eyes and causing them to rise as undead to haunt you.</p>"
		},
		{
			"id": "Urgathoa - Minor Boon",
			"name": "Urgathoa - Minor Boon",
			"description": "<p><strong>Minor Boon</strong> You feast on the spoils of life and death. You gain the benefits of the @Compendium[pf2e.heritages.gyoN45SVfRZwHMkk]{Irongut Goblin} heritage, regardless of your ancestry. If you already have this heritage, the circumstance bonus increases to +4.</p>"
		},
		{
			"id": "Urgathoa - Minor Curse",
			"name": "Urgathoa - Minor Curse",
			"description": "<p><strong>Minor Curse</strong> You must overindulge or partake in forbidden feasts before you find yourself even remotely sated.</p>\n<p>You need to eat 20 times as much food as normal to avoid starvation, though you always feel hungry regardless of how much you eat.</p>\n<p>If you dine on the flesh and blood of sapient creatures, you need to eat only the normal amount of such meals and your hunger abates.</p>"
		},
		{
			"id": "Urgathoa - Moderate Boon",
			"name": "Urgathoa - Moderate Boon",
			"description": "<p><strong>Moderate Boon</strong> Urgathoa blesses you as one of her children. You gain negative healing.</p>"
		},
		{
			"id": "Urgathoa - Moderate Curse",
			"name": "Urgathoa - Moderate Curse",
			"description": "<p><strong>Moderate Curse</strong> Urgathoa cuts you off from positive energy without granting you the blessing of undeath. You are harmed by positive effects and don't recover Hit Points from them, as if you were an undead or had negative healing, but you are still harmed by negative effects as normal.</p>"
		},
		{
			"id": "Zon-Kuthon - Major Boon",
			"name": "Zon-Kuthon - Major Boon",
			"description": "<p><strong>Major Boon</strong> Shadows are deeper around you. @Compendium[pf2e.ancestryfeatures.HHVQDp61ehcpdiU8]{Darkvision} and greater darkvision cannot penetrate darkness within 60 feet of you, but you can see through it normally.</p>"
		},
		{
			"id": "Zon-Kuthon - Major Curse",
			"name": "Zon-Kuthon - Major Curse",
			"description": "<p><strong>Major Curse</strong> Zon-Kuthon steals away your joy, leaving you with only pain.</p>\n<p>You lose that which you cherish the most forever, and lose the ability to feel joy. You can't gain benefits from emotion effects based on positive emotions.</p>\n<p>If Zon-Kuthon feels you are ready to renounce, destroy, mutilate, or torture that which you once cherished most, he might return it to you to allow you to do so.</p>"
		},
		{
			"id": "Zon-Kuthon - Minor Boon",
			"name": "Zon-Kuthon - Minor Boon",
			"description": "<p><strong>Minor Boon (Single-Use)</strong> The Midnight Lord turns your blood and pain into chains of midnight darkness to destroy your foes.</p>\n<p>Once, for 1 minute, whenever you take slashing, piercing, or bleed damage, chains rip forth from your body, affecting creatures in a line from your position in the direction of the attack (or in the direction of your choice for bleed damage or if you deal the damage yourself) with the effect of a <em>@Compendium[pf2e.spells-srd.k34hDOfIIMAxNL4a]{Grim Tendrils}</em> spell whose level is equal to half your level rounded up, and whose DC is your highest spell DC (or 10 + your level + your Wisdom modifier if you have no spell DC).</p>"
		},
		{
			"id": "Zon-Kuthon - Minor Curse",
			"name": "Zon-Kuthon - Minor Curse",
			"description": "<p><strong>Minor Curse</strong> You are surrounded by spectral chains that cause you to always be @Compendium[pf2e.conditionitems.D5mg6Tc7Jzrj6ro7]{Encumbered} and that have the same effects as armor with the noisy trait.</p>"
		},
		{
			"id": "Zon-Kuthon - Moderate Boon",
			"name": "Zon-Kuthon - Moderate Boon",
			"description": "<p><strong>Moderate Boon (Daily)</strong> Each morning, during your daily preparations, scars gather into words on your flesh.</p>\n<p>The scars function as a scroll of a divine spell of Zon-Kuthon's choosing.</p>\n<p>After you use the scroll or receive magical healing, the boon fades for the day, though some or all of the scars might remain as a reminder.</p>"
		},
		{
			"id": "Zon-Kuthon - Moderate Curse",
			"name": "Zon-Kuthon - Moderate Curse",
			"description": "<p><strong>Moderate Curse</strong> You share the pain of others, and even minor wounds bring you incredible pain.</p>\n<p>Whenever you see (or otherwise sense) a creature take damage, you take [[/r 1d6]] mental damage.</p>\n<p>Whenever you take damage any other way than from the first part of this curse, you take [[/r 1d6]] mental damage from increased pain and are @Compendium[pf2e.conditionitems.fesd1n5eVhpCSS18]{Sickened 1}. Mental damage from this curse ignores any resistance you have to mental damage.</p>"
		}
	]
}