{
	"label": "Feat Effects",
	"entries": [
		{
			"id": "Effect: Accursed Clay Fist",
			"name": "Effect: Accursed Clay Fist",
			"description": "<p>Granted by @Compendium[pf2e.feats-srd.tMsAj0H0B9XZQjtH]{Accursed Clay Fist}</p>\n<p>You take a -2 status penalty to saving throws against curse effects for 1 hour.</p>"
		},
		{
			"id": "Effect: Aldori Parry",
			"name": "Effect: Aldori Parry",
			"description": "<p><strong>Requirements</strong> You are wielding only an Aldori dueling sword and have your other hand or hands free.</p>\n<hr />\n<p>You gain a +2 circumstance bonus to AC until the start of your next turn as long as you continue to meet the requirement.</p>"
		},
		{
			"id": "Effect: Align Armament (Chaotic)",
			"name": "Effect: Align Armament (Chaotic)",
			"description": "<p>Granted by @Compendium[pf2e.feats-srd.xtXWw3cUnVB25XSV]{Align Armament}.</p>\n<p>For 1 round, that weapon deals an additional 1d6 chaotic damage.</p>"
		},
		{
			"id": "Effect: Align Armament (Evil)",
			"name": "Effect: Align Armament (Evil)",
			"description": "<p>Granted by @Compendium[pf2e.feats-srd.xtXWw3cUnVB25XSV]{Align Armament}.</p>\n<p>For 1 round, that weapon deals an additional 1d6 evil damage.</p>"
		},
		{
			"id": "Effect: Align Armament (Good)",
			"name": "Effect: Align Armament (Good)",
			"description": "<p>Granted by @Compendium[pf2e.feats-srd.xtXWw3cUnVB25XSV]{Align Armament}.</p>\n<p>For 1 round, that weapon deals an additional 1d6 good damage.</p>"
		},
		{
			"id": "Effect: Align Armament (Lawful)",
			"name": "Effect: Align Armament (Lawful)",
			"description": "<p>Granted by @Compendium[pf2e.feats-srd.xtXWw3cUnVB25XSV]{Align Armament}.</p>\n<p>For 1 round, that weapon deals an additional 1d6 lawful damage.</p>"
		},
		{
			"id": "Effect: Anoint Ally",
			"name": "Effect: Anoint Ally",
			"description": "<p>Granted by @Compendium[pf2e.feats-srd.bRftzbFvSF1pilIo]{Anoint Ally}.</p>"
		},
		{
			"id": "Effect: Aquatic Endemic Herbs",
			"name": "Effect: Aquatic Endemic Herbs",
			"description": "<p>Granted by @Compendium[pf2e.feats-srd.BQzExsEZrwGsJD66]{Endemic Herbs}</p>\n<p>Gain a +1 circumstance bonus to Fortitude saves.</p>"
		},
		{
			"id": "Effect: Arcane Propulsion",
			"name": "Effect: Arcane Propulsion",
			"description": "<p>Granted by @Compendium[pf2e.feats-srd.YgytD4HGjWNFwiev]{Arcane Propulsion}.</p>"
		},
		{
			"id": "Effect: Arctic Endemic Herb",
			"name": "Effect: Arctic Endemic Herb",
			"description": "<p>Granted by @Compendium[pf2e.feats-srd.BQzExsEZrwGsJD66]{Endemic Herbs}</p>\n<p>For 1 hour, treat environmental cold effects as if they were one step less severe.</p>"
		},
		{
			"id": "Effect: Assisting Shot",
			"name": "Effect: Assisting Shot",
			"description": "<p>Granted by @Compendium[pf2e.feats-srd.UiQbjeqBUFjUtgUR]{Assisting Shot} if you hit the target.</p>\n<p>The next creature other than you to attack the same target before the start of your next turn gains a +1 circumstance bonus on their roll.</p>"
		},
		{
			"id": "Effect: Assisting Shot (Critical Hit)",
			"name": "Effect: Assisting Shot (Critical Hit)",
			"description": "<p>Granted by @Compendium[pf2e.feats-srd.UiQbjeqBUFjUtgUR]{Assisting Shot} if you critically hit the target.</p>\n<p>The next creature other than you to attack the same target before the start of your next turn gains a +2 circumstance bonus on their roll.</p>"
		},
		{
			"id": "Effect: Augment Senses",
			"name": "Effect: Augment Senses",
			"description": "<p>Until the start of your next turn, you can't be flanked.</p>"
		},
		{
			"id": "Effect: Aura of Despair",
			"name": "Effect: Aura of Despair",
			"description": "<p>Granted by @Compendium[pf2e.feats-srd.wjnfdh6WzN7HbmeE]{Aura Of Despair}</p>\n<p>Enemies within 15 of you take a -1 circumstance penalty to saving throws against fear.</p>"
		},
		{
			"id": "Effect: Aura of Faith",
			"name": "Effect: Aura of Faith",
			"description": "<p>Granted by @Compendium[pf2e.feats-srd.7sFhBYoz5GSBFNbY]{Aura of Faith}</p>\n<p>Each good-aligned ally within 15 feet deal an extra 1 good damage against evil creatures on their first Strike that hits an evil creature each round.</p>"
		},
		{
			"id": "Effect: Aura of Life",
			"name": "Effect: Aura of Life",
			"description": "<p>Granted by @Compendium[pf2e.feats-srd.YawVDUc9uzREIAnO]{Aura of Life}</p>\n<p>Your allies within 15 feet gain a +1 status bonus to saves against necromancy effects.</p>"
		},
		{
			"id": "Effect: Aura of Preservation",
			"name": "Effect: Aura of Preservation",
			"description": "<p>Granted by @Compendium[pf2e.feats-srd.z7kwVNaCB4oJs3Fe]{Aura Of Preservation}</p>\n<p>Your allies within 15 feet gain a +1 status bonus to Fortitude and Will saves against effects from aberrations.</p>"
		},
		{
			"id": "Effect: Avenge in Glory",
			"name": "Effect: Avenge in Glory",
			"description": "<p><strong>Frequency</strong> once per day</p>\n<p><strong>Access</strong> mountain dwarf ethnicity</p>\n<p><strong>Trigger</strong> An ally within 30 feet gains the @Compendium[pf2e.conditionitems.yZRUzMqrMmfLu0V1]{Dying} condition.</p>\n<hr />\n<p>You honor your ally's life, gaining temporary Hit Points equal to your level for 1 minute. As long as you have these temporary Hit Points, you gain a +1 circumstance bonus to attack and damage rolls.</p>\n<p>Implemented Effects:</p>\n<ul>\n<li>Temporary hitpoints based on level</li>\n<li>Sets a circumstance bonus of +1 to attack and damage rolls</li>\n</ul>"
		},
		{
			"id": "Effect: Azarketi Purification",
			"name": "Effect: Azarketi Purification",
			"description": "<p>Granted by @Compendium[pf2e.feats-srd.u94fcPT5Oukqzql5]{Azarketi Purification}</p>"
		},
		{
			"id": "Effect: Bespell Weapon",
			"name": "Effect: Bespell Weapon",
			"description": "<p>Granted by @Compendium[pf2e.feats-srd.tWBK7Zbt80JlPryC]{Bespell Weapon} if you cast a conjuration or transmution spell.</p>\n<p>Until the end of your turn, the weapon deals an additional 1d6 damage.</p>"
		},
		{
			"id": "Effect: Bespell Weapon (Force)",
			"name": "Effect: Bespell Weapon (Force)",
			"description": "<p>Granted by @Compendium[pf2e.feats-srd.tWBK7Zbt80JlPryC]{Bespell Weapon} if you cast an abjuration spell or an evocation spell that didn't deal damage.</p>\n<p>Until the end of your turn, the weapon deals an additional 1d6 force damage.</p>"
		},
		{
			"id": "Effect: Bespell Weapon (Mental)",
			"name": "Effect: Bespell Weapon (Mental)",
			"description": "<p>Granted by @Compendium[pf2e.feats-srd.tWBK7Zbt80JlPryC]{Bespell Weapon} if you cast a divination, enchantment or illusion spell.</p>\n<p>Until the end of your turn, the weapon deals an additional 1d6 mental damage.</p>"
		},
		{
			"id": "Effect: Bespell Weapon (Negative)",
			"name": "Effect: Bespell Weapon (Negative)",
			"description": "<p>Granted by @Compendium[pf2e.feats-srd.tWBK7Zbt80JlPryC]{Bespell Weapon} if you cast a necromancy spell.</p>\n<p>Until the end of your turn, the weapon deals an additional 1d6 negative damage.</p>"
		},
		{
			"id": "Effect: Blade Ally Anarchic Rune",
			"name": "Effect: Blade Ally Anarchic Rune",
			"description": "<p>An <em>anarchic</em> rune is jagged and asymmetrical, channeling chaotic energy. A weapon with this rune deals an additional 1d6 chaotic damage against lawful targets. If you are lawful, you are @Compendium[pf2e.conditionitems.MIRkyAjyBeXivMa7]{Enfeebled 2} while carrying or wielding this weapon.</p>\n<p>When you critically succeed at a Strike with this weapon against a lawful creature, roll 1d6. On a 1 or 2, you deal double minimum damage; on a 3 or 4, double your damage normally; on a 5 or 6, you deal double maximum damage.</p>\n<p><strong>Craft Requirements</strong> You are chaotic.</p>"
		},
		{
			"id": "Effect: Blade Ally Axiomatic Rune",
			"name": "Effect: Blade Ally Axiomatic Rune",
			"description": "<p>Complex and symmetrical, an <em>axiomatic</em> rune imbues a weapon with lawful energy. A weapon with this rune deals an additional 1d6 lawful damage against chaotic targets. If you are chaotic, you are @Compendium[pf2e.conditionitems.MIRkyAjyBeXivMa7]{Enfeebled 2} while carrying or wielding this weapon.</p>\n<p>When you critically succeed at an attack roll with this weapon against a chaotic creature, instead of rolling, count each weapon damage die as average damage rounded up (3 for d4, 4 for d6, 5 for d8, 6 for d10, 7 for d12).</p>\n<p><strong>Craft Requirements</strong> You are lawful.</p>"
		},
		{
			"id": "Effect: Blade Ally Disrupting Rune",
			"name": "Effect: Blade Ally Disrupting Rune",
			"description": "<p>A disrupting weapon pulses with positive energy, dealing an extra [[/r {1d6}[positive]]]{1d6 positive damage} to undead. On a critical hit, the undead is also @Compendium[pf2e.conditionitems.MIRkyAjyBeXivMa7]{Enfeebled 1} until the end of your next turn.</p>"
		},
		{
			"id": "Effect: Blade Ally Disrupting Rune (Greater)",
			"name": "Effect: Blade Ally Disrupting Rune (Greater)",
			"description": "<p>A disrupting weapon pulses with positive energy, dealing an extra [[/r {2d6}[positive]]]{2d6 positive damage} to undead. On a critical hit, the undead creature must attempt a DC 34 Fortitude save with the following effects. This is an incapacitation effect.</p>\n<hr />\n<p><strong>Critical Success</strong> It's @Compendium[pf2e.conditionitems.MIRkyAjyBeXivMa7]{Enfeebled 1} until the end of your next turn.</p>\n<p><strong>Success</strong> It's @Compendium[pf2e.conditionitems.MIRkyAjyBeXivMa7]{Enfeebled 2} until the end of your next turn.</p>\n<p><strong>Failure</strong> It's @Compendium[pf2e.conditionitems.MIRkyAjyBeXivMa7]{Enfeebled 3} until the end of your next turn.</p>\n<p><strong>Critical Failure</strong> It's destroyed.</p>"
		},
		{
			"id": "Effect: Blade Ally Fearsome Rune",
			"name": "Effect: Blade Ally Fearsome Rune",
			"description": "<p>When you critically hit with this weapon, the target becomes @Compendium[pf2e.conditionitems.TBSHQspnbcqxsmjL]{Frightened 1}</p>"
		},
		{
			"id": "Effect: Blade Ally Flaming Rune",
			"name": "Effect: Blade Ally Flaming Rune",
			"description": "<p>This weapon is empowered by flickering flame. The weapon deals an additional [[/r {1d6}[fire]]]{1d6 fire damage} on a successful Strike, plus [[/r {1d10}[persistent,fire]]] @Compendium[pf2e.conditionitems.lDVqvLKA6eF3Df60]{Persistent Fire Damage} on a critical hit.</p>"
		},
		{
			"id": "Effect: Blade Ally Ghost Touch Rune",
			"name": "Effect: Blade Ally Ghost Touch Rune",
			"description": "<p>The weapon can harm creatures without physical form. A ghost touch weapon is particularly effective against incorporeal creatures, which almost always have a specific vulnerability to ghost touch weapons. Incorporeal creatures can touch, hold, and wield ghost touch weapons (unlike most physical objects).</p>"
		},
		{
			"id": "Effect: Blade Ally Holy Rune",
			"name": "Effect: Blade Ally Holy Rune",
			"description": "<p><em>Holy</em> weapons command powerful celestial energy. A weapon with this rune deals an extra [[/r {1d6}[good]]]{1d6 good damage} against evil targets. If you are evil, you are @Compendium[pf2e.conditionitems.MIRkyAjyBeXivMa7]{Enfeebled 2} while carrying or wielding this weapon.</p>\n<p><strong>Activate</strong> <span class=\"pf2-icon\">R</span> command</p>\n<p><strong>Frequency</strong> once per day</p>\n<p><strong>Trigger</strong> You critically succeed at an attack roll against an evil creature with the weapon</p>\n<hr />\n<p><strong>Effect</strong> You regain HP equal to double the evil creature's level. This is a good, positive, healing effect.</p>"
		},
		{
			"id": "Effect: Blade Ally Keen Rune",
			"name": "Effect: Blade Ally Keen Rune",
			"description": "<p>The edges of a keen weapon are preternaturally sharp. Attacks with this weapon are a critical hit on a 19 on the die as long as that result is a success. This property has no effect on a 19 if the result would be a failure.</p>"
		},
		{
			"id": "Effect: Blade Ally Unholy Rune",
			"name": "Effect: Blade Ally Unholy Rune",
			"description": "<p>An <em>unholy</em> rune instills fiendish power into the etched weapon. A weapon with this rune deals an additional [[/r {1d6}[evil]]]{1d6 evil damage} when it hits a good target. If you are good, you are @Compendium[pf2e.conditionitems.MIRkyAjyBeXivMa7]{Enfeebled 2} while carrying or wielding this weapon.</p>\n<p><strong>Activate</strong> <span class=\"pf2-icon\">R</span> command</p>\n<p><strong>Frequency</strong> once per day</p>\n<p><strong>Trigger</strong> You critically succeed at an attack roll against a good creature with the weapon</p>\n<hr />\n<p><strong>Effect</strong> The target takes @Localize[PF2E.PersistentDamage.Bleed1d8.success] per weapon damage die of the etched weapon.</p>"
		},
		{
			"id": "Effect: Blizzard Evasion",
			"name": "Effect: Blizzard Evasion",
			"description": "<p>You gain resistance 10 to physical damage and weakness 10 to force damage. You gain a fly speed of 40 feet.</p>"
		},
		{
			"id": "Effect: Bolera's Interrogation (Critical Failure)",
			"name": "Effect: Bolera's Interrogation (Critical Failure)",
			"description": "<p>Granted by @Compendium[pf2e.feats-srd.cBYTVYqw1EFVEuzs]{Bolera's Interrogation}</p>\n<p>On a critical failure, the creature finds itself unable to speak any deliberate and intentional lies and takes a -4 penalty to Deception checks. This effect lasts for 10 minutes as long as you are within 30 feet of the target and the target is aware that you are using the ability against it. If you begin a new interrogation, this effect ends for any previous target. After your interrogation ends, the target is immune to this ability for 24 hours.</p>"
		},
		{
			"id": "Effect: Bolera's Interrogation (failure)",
			"name": "Effect: Bolera's Interrogation (failure)",
			"description": "<p>Granted by @Compendium[pf2e.feats-srd.cBYTVYqw1EFVEuzs]{Bolera's Interrogation}</p>\n<p>On a failure, the creature finds itself unable to speak any deliberate and intentional lies and takes a -2 penalty to Deception checks. This effect lasts for 10 minutes as long as you are within 30 feet of the target and the target is aware that you are using the ability against it. If you begin a new interrogation, this effect ends for any previous target. After your interrogation ends, the target is immune to this ability for 24 hours.</p>"
		},
		{
			"id": "Effect: Bon Mot",
			"name": "Effect: Bon Mot",
			"description": "<p>You are distracted and takes a -2 status penalty to Perception and Will saves for 1 minute.</p>\n<p>You can end the effect early with a retort to your Bon Mot. This can either be a single action that has the concentrate trait or an appropriate skill action to frame their retort. The GM determines which skill actions qualify, though they must take at least 1 action. Typically, the retort needs to use a linguistic Charisma-based skill action.</p>"
		},
		{
			"id": "Effect: Bon Mot (Critical Success)",
			"name": "Effect: Bon Mot (Critical Success)",
			"description": "<p>You are distracted and takes a -3 status penalty to Perception and Will saves for 1 minute.</p>\n<p>You can end the effect early with a retort to your Bon Mot. This can either be a single action that has the concentrate trait or an appropriate skill action to frame their retort. The GM determines which skill actions qualify, though they must take at least 1 action. Typically, the retort needs to use a linguistic Charisma-based skill action.</p>"
		},
		{
			"id": "Effect: Bone Swarm",
			"name": "Effect: Bone Swarm",
			"description": "<p>You become Huge, gain the swarm trait, and gain a fly Speed of 40 feet. As a swarm, you have the following characteristics.</p>\n<ul>\n<li>You are immune to the @Compendium[pf2e.conditionitems.kWc1fhmv9LBiTuei]{Grabbed}, @Compendium[pf2e.conditionitems.j91X7x0XSomq8d60]{Prone}, and @Compendium[pf2e.conditionitems.VcDeM8A5oI6VqhbM]{Restrained} conditions.</li>\n<li>You have weakness 5 to area and splash damage.</li>\n<li>You can occupy the same space as other creatures and must do so to use your damaging ability.</li>\n<li>As a 2-action activity, you can deal [[/r {10d6}[bludgeoning]]]{10d6 bludgeoning damage} to all creatures sharing your space (@Check[type:reflex|dc:resolve(@actor.attributes.classOrSpellDC)|basic:true] save with a DC equal to your class DC or spell DC, whichever is higher).</li>\n<li>You can't speak, Cast Spells, use manipulate actions requiring your hands, Activate magic items, or make any Strikes with your normal body.</li>\n<li>You don't gain the swarm mind ability, so you are still affected normally by mental effects. You also retain the benefits of skeleton feats that don't require communication or the use of hands.</li>\n</ul>"
		},
		{
			"id": "Effect: Brightness Seeker",
			"name": "Effect: Brightness Seeker",
			"description": "<p><strong>Trigger</strong> You attempt an attack roll, skill check, or saving throw while performing the course of action from your <em>@Compendium[pf2e.spells-srd.41TZEjhO6D1nWw2X]{Augury}</em>, but you haven't rolled yet.</p>\n<hr />\n<p><strong>Effect</strong> You gain a +1 status bonus to the triggering check, or a +2 status bonus if the result of the augury was woe and you proceeded anyway.</p>"
		},
		{
			"id": "Effect: Bristle",
			"name": "Effect: Bristle",
			"description": "<p>@Compendium[pf2e.feats-srd.1gAehVvstGY885kJ]{Bristle}</p>\n<p>You curl into a posture that splays out your bone spines. You gain a +1 circumstance bonus to AC until the start of your next turn.</p>\n<hr />\n<p><strong>Special</strong> If you have the @Compendium[pf2e.actionspf2e.oAWNluJaMlaGysXA]{Barbed Quills} reaction or a quills unarmed attack, each gains a +1 circumstance bonus to damage rolls until the start of your next turn.</p>"
		},
		{
			"id": "Effect: Cat Nap",
			"name": "Effect: Cat Nap",
			"description": "<p>Granted by @Compendium[pf2e.feats-srd.zvtYsz9jk8tPvlpS]{Cat Nap}.</p>\n<p>You gain temporary Hit Points equal to your level that last for 10 minutes.</p>"
		},
		{
			"id": "Effect: Catfolk Dance",
			"name": "Effect: Catfolk Dance",
			"description": "<p>The target creature gains a -2 circumstance penalty to Reflex saves</p>"
		},
		{
			"id": "Effect: Cavalier's Banner",
			"name": "Effect: Cavalier's Banner",
			"description": "<p>Granted by @Compendium[pf2e.feats-srd.CAaXGhHDMRM3Pt4J]{Cavalier's Banner}</p>\n<p>You fly the banner of your pledge from your mount, raising your allies' spirits. You and all allies within 30 feet gain a +1 circumstance bonus to Will saves and DCs against fear effects. If your banner is destroyed or removed, allies within 30 feet become @Compendium[pf2e.conditionitems.TBSHQspnbcqxsmjL]{Frightened 1}.</p>"
		},
		{
			"id": "Effect: Ceremony of Protection",
			"name": "Effect: Ceremony of Protection",
			"description": "<p>You gain a +1 circumstance bonus to AC until the start of your next turn.</p>"
		},
		{
			"id": "Effect: Channel the Godmind",
			"name": "Effect: Channel the Godmind",
			"description": "<p>Granted by @Compendium[pf2e.feats-srd.DYFOlJlMoDuHjrZx]{Channel The Godmind}.</p>"
		},
		{
			"id": "Effect: Clue In",
			"name": "Effect: Clue In",
			"description": "<p>Granted by @Compendium[pf2e.actionspf2e.25WDi1cVUrW92sUj]{Clue In}.</p>\n<p>Whenever you attempt a Perception or skill check to investigate a designated subject, you gain a +1 circumstance bonus to the check.</p>"
		},
		{
			"id": "Effect: Clue In (Detective's Readiness, Expertise)",
			"name": "Effect: Clue In (Detective's Readiness, Expertise)",
			"description": "<p>Granted by @Compendium[pf2e.actionspf2e.25WDi1cVUrW92sUj]{Clue In} if the investigator has @Compendium[pf2e.feats-srd.5cYFHKQK6OZCwavI]{Detective's Readiness} and @Compendium[pf2e.classfeatures.PFvB79O2VFdiAeSj]{Investigator Expertise}.</p>\n<p>Whenever you attempt a saving throw against the subject of a lead, you gain a +2 circumstance bonus to the check.</p>"
		},
		{
			"id": "Effect: Clue In (Detective's Readiness)",
			"name": "Effect: Clue In (Detective's Readiness)",
			"description": "<p>Granted by @Compendium[pf2e.actionspf2e.25WDi1cVUrW92sUj]{Clue In} if the investigator has @Compendium[pf2e.feats-srd.5cYFHKQK6OZCwavI]{Detective's Readiness}.</p>\n<p>Whenever you attempt a saving throw against the subject of a lead, you gain a +1 circumstance bonus to the check.</p>"
		},
		{
			"id": "Effect: Clue In (Expertise)",
			"name": "Effect: Clue In (Expertise)",
			"description": "<p>Granted by @Compendium[pf2e.actionspf2e.25WDi1cVUrW92sUj]{Clue In} if the investigator has @Compendium[pf2e.classfeatures.PFvB79O2VFdiAeSj]{Investigator Expertise}.</p>\n<p>Whenever you attempt a Perception or skill check to investigate a designated subject, you gain a +2 circumstance bonus to the check.</p>"
		},
		{
			"id": "Effect: Combat Mentor Boon (PFS)",
			"name": "Effect: Combat Mentor Boon (PFS)",
			"description": "<p><strong>Effect</strong> While working with less experienced Pathfinder allies, you provide pointers and lead drills that ensure your newer colleagues' attacks strike true. For any PCs benefiting from a Level Bump and whose levels are lower than yours, you increase the Level Bump's modifier to attack rolls and spell attack rolls to 2.</p>\n<p><strong>Normal</strong> A Level Bump increases a PC's attack roll and spell attack roll modifiers by 1.</p>\n<p><strong>Special</strong> A PC can only benefit from two mentor boons.</p>"
		},
		{
			"id": "Effect: Control Tower",
			"name": "Effect: Control Tower",
			"description": "<p>Your keen senses and ability to process battlefield information have dramatically improved, allowing you to drastically reduce the advantage of unseen foes. You and allies in your overwatch field gain a +2 circumstance bonus when using the Seek action to find hidden or undetected creatures within the overwatch field. You and your allies don't have to succeed at a flat check to target a concealed creature within your overwatch field. When you or an ally targets a hidden creature in your overwatch field, reduce the DC of the flat check to 5.</p>"
		},
		{
			"id": "Effect: Core Cannon",
			"name": "Effect: Core Cannon",
			"description": "<p>Granted by @Compendium[pf2e.feats-srd.zeyrLJr6b7hPdx4w]{Core Cannon}.</p>"
		},
		{
			"id": "Effect: Corpse-Killer's Defiance",
			"name": "Effect: Corpse-Killer's Defiance",
			"description": "<p>You gain a +2 status bonus to attack and damage rolls against undead.</p>"
		},
		{
			"id": "Effect: Corpse-Killer's Defiance (Lower Level)",
			"name": "Effect: Corpse-Killer's Defiance (Lower Level)",
			"description": "<p>You gain a +1 status bonus to attack and damage rolls against undead.</p>"
		},
		{
			"id": "Effect: Crimson Shroud",
			"name": "Effect: Crimson Shroud",
			"description": "<p>Granted by @Compendium[pf2e.feats-srd.M2V1vqAziOkWV30B]{Crimson Shroud}.</p>"
		},
		{
			"id": "Effect: Current Spell (Air)",
			"name": "Effect: Current Spell (Air)",
			"description": "<p>Granted by @Compendium[pf2e.feats-srd.ajesR7y0jWzqjAgc]{Current Spell} if you cast a spell with the air trait.</p>\n<p>You gain a +1 circumstance bonus to AC or a +2 circumstance bonus against ranged attacks. You also gain a +1 circumstance bonus to all saves against effects with the air trait.</p>\n<p>This effect has the air trait.</p>"
		},
		{
			"id": "Effect: Current Spell (Water)",
			"name": "Effect: Current Spell (Water)",
			"description": "<p>Granted by @Compendium[pf2e.feats-srd.ajesR7y0jWzqjAgc]{Current Spell} if you cast a spell with the water trait.</p>\n<p>You gain a +1 circumstance bonus to AC or a +2 circumstance bonus against ranged attacks. You also gain a +1 circumstance bonus to all saves against effects with the water trait.</p>\n<p>This effect has the water trait.</p>"
		},
		{
			"id": "Effect: Cut from the Air",
			"name": "Effect: Cut from the Air",
			"description": "<p>Granted by @Compendium[pf2e.feats-srd.6xBu4BewIkOIt9M0]{Cut From The Air}.</p>\n<p>You gain a +4 circumstance bonus to AC against the triggering attack.</p>"
		},
		{
			"id": "Effect: Deadly Poison Weapon",
			"name": "Effect: Deadly Poison Weapon",
			"description": "<p>Applied when you apply a poison created with @Compendium[pf2e.feats-srd.AYXherMu9gFTyXjp]{Deadly Poison Weapon}.</p>"
		},
		{
			"id": "Effect: Decry Thief (Critical Success)",
			"name": "Effect: Decry Thief (Critical Success)",
			"description": "<p>Granted by @Compendium[pf2e.feats-srd.4HHw2DjTxdv1jBZd]{Decry Thief}</p>\n<p>For 1 round, the target takes a -10 foot status penalty to Speed and a -4 status penalty to Stealth.</p>"
		},
		{
			"id": "Effect: Decry Thief (Success)",
			"name": "Effect: Decry Thief (Success)",
			"description": "<p>Granted by @Compendium[pf2e.feats-srd.4HHw2DjTxdv1jBZd]{Decry Thief}</p>\n<p>For 1 round, the target takes a -5 foot status penalty to Speed and a -2 status penalty to Stealth.</p>"
		},
		{
			"id": "Effect: Deep Freeze (Critical Failure)",
			"name": "Effect: Deep Freeze (Critical Failure)",
			"description": "<p>The target takes a -15-foot status penalty to its Speeds for 1 round.</p>"
		},
		{
			"id": "Effect: Deep Freeze (Failure)",
			"name": "Effect: Deep Freeze (Failure)",
			"description": "<p>The target takes a -10-foot status penalty to its Speeds for 1 round.</p>"
		},
		{
			"id": "Effect: Deep Freeze (Success)",
			"name": "Effect: Deep Freeze (Success)",
			"description": "<p>The target takes a -5-foot status penalty to its Speeds for 1 round.</p>"
		},
		{
			"id": "Effect: Defensive Instincts",
			"name": "Effect: Defensive Instincts",
			"description": "<p>@Compendium[pf2e.feats-srd.RxA1PdgGbijkieJD]{Defensive Instincts}</p>\n<p><strong>Requirements</strong> you are adjacent to at least two enemies</p>\n<hr />\n<p>Your body tenses up when surrounded, putting you on edge just enough to anticipate an attack. You gain a +1 circumstance bonus to AC until the beginning of your next turn and Step.</p>"
		},
		{
			"id": "Effect: Defensive Recovery",
			"name": "Effect: Defensive Recovery",
			"description": "<p>Granted by @Compendium[pf2e.feats-srd.d1ktdX1Fk37dG5ms]{Defensive Recovery}.</p>\n<p>If the next action you use is to cast <em>@Compendium[pf2e.spells-srd.wdA52JJnsuQWeyqz]{Harm}</em> or <em>@Compendium[pf2e.spells-srd.rfZpqmj0AIIdkVIs]{Heal}</em> on a single target and the target regains Hit Points from the spell, it also gains a +2 status bonus to AC and saving throws for 1 round.</p>"
		},
		{
			"id": "Effect: Desert Endemic Herbs",
			"name": "Effect: Desert Endemic Herbs",
			"description": "<p>Granted by @Compendium[pf2e.feats-srd.BQzExsEZrwGsJD66]{Endemic Herbs}</p>\n<p>For 1 hour, treat environmental heat effects as if they were one step less severe.</p>"
		},
		{
			"id": "Effect: Didactic Strike",
			"name": "Effect: Didactic Strike",
			"description": "<p>Granted by @Compendium[pf2e.feats-srd.6fojN9yBJByTZ1Q9]{Didactic Strike}.</p>\n<p>Your first attack against the designated target before the investigator's next turn deals an extra 2d6 precision damage to the target if it hits.</p>"
		},
		{
			"id": "Effect: Discordant Voice",
			"name": "Effect: Discordant Voice",
			"description": "<p>Granted by @Compendium[pf2e.feats-srd.8JMOgtB3XG7o6ffW]{Discordant Voice}, while you are affected by Inspire Courage.</p>"
		},
		{
			"id": "Effect: Distracting Feint",
			"name": "Effect: Distracting Feint",
			"description": "<p>While a creature is @Compendium[pf2e.conditionitems.AJh5ex99aV6VTggg]{Flat-Footed} by your Feint, it also takes a -2 circumstance penalty to Perception checks and Reflex saves.</p>"
		},
		{
			"id": "Effect: Divine Aegis",
			"name": "Effect: Divine Aegis",
			"description": "<p>Granted by @Compendium[pf2e.feats-srd.xoIxiRtBVHV27Rvd]{Divine Aegis}</p>\n<p>Until the beginning of your next turn, you gain a +1 circumstance bonus to saving throws against non-divine magical effects, but you also take a -1 circumstance penalty to saves against divine effects.</p>"
		},
		{
			"id": "Effect: Divine Weapon (Chaotic)",
			"name": "Effect: Divine Weapon (Chaotic)",
			"description": "<p>Granted by @Compendium[pf2e.feats-srd.Trj5azJlaOk5jgBi]{Divine Weapon}.</p>\n<p>Until the end of your turn, the weapon deals an additional 1d6 chaotic damage.</p>"
		},
		{
			"id": "Effect: Divine Weapon (Evil)",
			"name": "Effect: Divine Weapon (Evil)",
			"description": "<p>Granted by @Compendium[pf2e.feats-srd.Trj5azJlaOk5jgBi]{Divine Weapon}.</p>\n<p>Until the end of your turn, the weapon deals an additional 1d6 evil damage.</p>"
		},
		{
			"id": "Effect: Divine Weapon (Force)",
			"name": "Effect: Divine Weapon (Force)",
			"description": "<p>Granted by @Compendium[pf2e.feats-srd.Trj5azJlaOk5jgBi]{Divine Weapon}.</p>\n<p>Until the end of your turn, the weapon deals an additional 1d4 force damage.</p>"
		},
		{
			"id": "Effect: Divine Weapon (Good)",
			"name": "Effect: Divine Weapon (Good)",
			"description": "<p>Granted by @Compendium[pf2e.feats-srd.Trj5azJlaOk5jgBi]{Divine Weapon}.</p>\n<p>Until the end of your turn, the weapon deals an additional 1d6 good damage.</p>"
		},
		{
			"id": "Effect: Divine Weapon (Lawful)",
			"name": "Effect: Divine Weapon (Lawful)",
			"description": "<p>Granted by @Compendium[pf2e.feats-srd.Trj5azJlaOk5jgBi]{Divine Weapon}.</p>\n<p>Until the end of your turn, the weapon deals an additional 1d6 lawful damage.</p>"
		},
		{
			"id": "Effect: Dread Marshal Stance",
			"name": "Effect: Dread Marshal Stance",
			"description": "<p>Granted by @Compendium[pf2e.feats-srd.R7c4PyTNkZb0yvoT]{Dread Marshal Stance}</p>\n<p>Your marshal's aura grants you and allies a status bonus to damage rolls equal to the number of weapon damage dice of the unarmed attack or weapon you are wielding that has the most weapon damage dice. When you or an ally in the aura critically hits an enemy with a Strike, that enemy is @Compendium[pf2e.conditionitems.TBSHQspnbcqxsmjL]{Frightened 1}.</p>"
		},
		{
			"id": "Effect: Dueling Parry",
			"name": "Effect: Dueling Parry",
			"description": "<p>Granted by @Compendium[pf2e.feats-srd.WcY7H7mRiK2VDquV]{Dueling Parry (Swashbuckler)} or @Compendium[pf2e.feats-srd.n7nQQR940OvFbw7T]{Dueling Parry (Fighter)}</p>"
		},
		{
			"id": "Effect: Educate Allies (Ally)",
			"name": "Effect: Educate Allies (Ally)",
			"description": "<p>Granted by @Compendium[pf2e.feats-srd.9cHQua33V35JPE3U]{Educate Allies}.</p>"
		},
		{
			"id": "Effect: Educate Allies (Self)",
			"name": "Effect: Educate Allies (Self)",
			"description": "<p>Granted by using @Compendium[pf2e.feats-srd.9cHQua33V35JPE3U]{Educate Allies} on your allies.</p>"
		},
		{
			"id": "Effect: Emblazon Antimagic (Weapon)",
			"name": "Effect: Emblazon Antimagic (Weapon)",
			"description": "<p>Granted by @Compendium[pf2e.feats-srd.xAFdoKl7aOP9rVkl]{Emblazon Antimagic}.</p>\n<p>When the weapon's wielder critically hits with the weapon, they can attempt to counteract a spell on their target, using half their level, rounded up, as the counteract level. If they attempt to do so, the emblazoned symbol immediately disappears.</p>"
		},
		{
			"id": "Effect: Emblazon Armament (Weapon)",
			"name": "Effect: Emblazon Armament (Weapon)",
			"description": "<p>Granted by @Compendium[pf2e.feats-srd.7RFjTTzznsdPcaYB]{Emblazon Armament} when applied to a weapon.</p>\n<ul>\n<li><strong>Weapon</strong> The wielder gains a +1 status bonus to damage rolls.</li>\n</ul>"
		},
		{
			"id": "Effect: Emblazon Energy (Weapon, Acid)",
			"name": "Effect: Emblazon Energy (Weapon, Acid)",
			"description": "<p>Granted by @Compendium[pf2e.feats-srd.rKZE8BA9IQHSSWoW]{Emblazon Energy} when applied to a weapon.</p>\n<ul>\n<li><strong>Weapon</strong> The weapon deals an extra 1d4 acid damage, or an extra 1d6 acid damage if you have a domain spell with the acid trait.</li>\n</ul>"
		},
		{
			"id": "Effect: Emblazon Energy (Weapon, Cold)",
			"name": "Effect: Emblazon Energy (Weapon, Cold)",
			"description": "<p>Granted by @Compendium[pf2e.feats-srd.rKZE8BA9IQHSSWoW]{Emblazon Energy} when applied to a weapon.</p>\n<ul>\n<li><strong>Weapon</strong> The weapon deals an extra 1d4 cold damage, or an extra 1d6 cold damage if you have a domain spell with the cold trait.</li>\n</ul>"
		},
		{
			"id": "Effect: Emblazon Energy (Weapon, Electricity)",
			"name": "Effect: Emblazon Energy (Weapon, Electricity)",
			"description": "<p>Granted by @Compendium[pf2e.feats-srd.rKZE8BA9IQHSSWoW]{Emblazon Energy} when applied to a weapon.</p>\n<ul>\n<li><strong>Weapon</strong> The weapon deals an extra 1d4 electricity damage, or an extra 1d6 electricity damage if you have a domain spell with the electricity trait.</li>\n</ul>"
		},
		{
			"id": "Effect: Emblazon Energy (Weapon, Fire)",
			"name": "Effect: Emblazon Energy (Weapon, Fire)",
			"description": "<p>Granted by @Compendium[pf2e.feats-srd.rKZE8BA9IQHSSWoW]{Emblazon Energy} when applied to a weapon.</p>\n<ul>\n<li><strong>Weapon</strong> The weapon deals an extra 1d4 fire damage, or an extra 1d6 fire damage if you have a domain spell with the fire trait.</li>\n</ul>"
		},
		{
			"id": "Effect: Emblazon Energy (Weapon, Sonic)",
			"name": "Effect: Emblazon Energy (Weapon, Sonic)",
			"description": "<p>Granted by @Compendium[pf2e.feats-srd.rKZE8BA9IQHSSWoW]{Emblazon Energy} when applied to a weapon.</p>\n<ul>\n<li><strong>Weapon</strong> The weapon deals an extra 1d4 sonic damage, or an extra 1d6 sonic damage if you have a domain spell with the sonic trait.</li>\n</ul>"
		},
		{
			"id": "Effect: Energize Wings",
			"name": "Effect: Energize Wings",
			"description": "<p>You gain a fly Speed of 30 feet.</p>"
		},
		{
			"id": "Effect: Enforce Oath",
			"name": "Effect: Enforce Oath",
			"description": "<p>Granted by @Compendium[pf2e.feats-srd.YZ138OqflDhrkqmR]{Enforce Oath}.</p>\n<p>You gain a +1 status bonus to AC and saves against attacks and effects by the chosen creature. You also gain a +1 status bonus to attack rolls against the chosen creature.</p>\n<p>However, your dedication to Enforcing your Oath draws your focus away from all other foes. While you are Enforcing your Oath, you take a -1 status penalty to AC, attack rolls, and saves against all other creatures until you stop Enforcing your Oath.</p>\n<p>You stop Enforcing your Oath once the chosen creature is reduced to 0 Hit Points or offers a legitimate surrender to you or your allies. You immediately stop Enforcing your Oath if you are @Compendium[pf2e.conditionitems.fBnFDH2MTzgFijKf]{Unconscious} or if the chosen creature goes @Compendium[pf2e.conditionitems.9evPzg9E6muFcoSk]{Unnoticed} by you for more than 1 minute. You can also stop Enforcing your Oath at any time during your turn as a free action.</p>"
		},
		{
			"id": "Effect: Engine of Destruction",
			"name": "Effect: Engine of Destruction",
			"description": "<p>Your construct innovation gains a +2 circumstance bonus to its attack rolls.</p>"
		},
		{
			"id": "Effect: Enlightened Presence",
			"name": "Effect: Enlightened Presence",
			"description": "<p>Granted by @Compendium[pf2e.feats-srd.ROnjdPMvH0vkkWjQ]{Enlightened Presence}.</p>\n<p>You and allies within 15 feet of you gain a +2 status bonus to Will saving throws against mental effects.</p>"
		},
		{
			"id": "Effect: Eye of the Arclords",
			"name": "Effect: Eye of the Arclords",
			"description": "<p>Granted by @Compendium[pf2e.feats-srd.OtV7esAwza1U6Kwr]{Eye of the Arclords}.</p>\n<p>While the eye is open, you gain the following benefits:</p>\n<ul>\n<li>you gain the effects of the detect magic arcane innate spell from your Arcane Sense at the start of each of your turns without needing to cast the spell;</li>\n<li>you gain darkvision;</li>\n<li>you gain a +2 status bonus to Perception checks to Seek undetected and hidden creatures and to your Perception DC against Hide and Sneak.</li>\n</ul>"
		},
		{
			"id": "Effect: Favorable Winds",
			"name": "Effect: Favorable Winds",
			"description": "<p>Granted by @Compendium[pf2e.feats-srd.OK8Fm7EG8wjoYZBX]{Favorable Winds}.</p>\n<hr />\n<p>You wrap a shell of favorable wind around a weapon you wield. On your next Strike with a ranged weapon before the start of your next turn, you don't take circumstance penalties on the attack roll due to wind. In addition, if that weapon has a range increment of 10 feet or less, increase its range increment by 10 feet for that Strike.</p>"
		},
		{
			"id": "Effect: Fiendish Wings",
			"name": "Effect: Fiendish Wings",
			"description": "<p>You can strain to call forth bat-like or otherwise fiendish wings from your back, similar in appearance to those of your fiendish ancestors. Once manifested, these wings remain for 10 minutes. You gain a fly Speed equal to your land Speed while you've manifested your wings.</p>"
		},
		{
			"id": "Effect: Flamboyant Cruelty",
			"name": "Effect: Flamboyant Cruelty",
			"description": "<p>Granted when you use @Compendium[pf2e.feats-srd.SAOtGk9k8veaX3Ww]{Flamboyant Cruelty}</p>"
		},
		{
			"id": "Effect: Fleet Tempo",
			"name": "Effect: Fleet Tempo",
			"description": "<p>You and all allies within 30 feet gain a +10-foot status bonus to all Speeds for 1 minute.</p>"
		},
		{
			"id": "Effect: Forest Endemic Herbs",
			"name": "Effect: Forest Endemic Herbs",
			"description": "<p>Granted by @Compendium[pf2e.feats-srd.BQzExsEZrwGsJD66]{Endemic Herbs}</p>\n<p>Gain a +2 circumstance bonus to saves against disease and poison effects.</p>"
		},
		{
			"id": "Effect: Formation Training",
			"name": "Effect: Formation Training",
			"description": "<p>Granted by Formation Training</p>\n<hr />\n<p>You know how to fight in formation with your brethren. When you are adjacent to at least two hobgoblin allies, you gain a +1 circumstance bonus to AC and saving throws. This bonus increases to +2 on Reflex saves against area effects.</p>"
		},
		{
			"id": "Effect: Giant's Stature",
			"name": "Effect: Giant's Stature",
			"description": ""
		},
		{
			"id": "Effect: Guardian's Deflection",
			"name": "Effect: Guardian's Deflection",
			"description": "<p>Granted by @Compendium[pf2e.feats-srd.JdCRxwgtdQkJ1Ha6]{Guardian's Deflection (Fighter)} or @Compendium[pf2e.feats-srd.YJIzE2RhGRGfbt9j]{Guardian's Deflection (Swashbuckler)}.</p>\n<p>You gain a +2 circumstance bonus to AC against the triggering attack.</p>"
		},
		{
			"id": "Effect: Harsh Judgement",
			"name": "Effect: Harsh Judgement",
			"description": "<p>You gain a +2 circumstance bonus to Perception checks to Seek your condemned foe and on Intimidation checks to Demoralize them. You have a -1 circumstance penalty to Perception checks to Seek creatures other than your condemned foe and on Intimidation checks to Demoralize anyone other than your condemned foe.</p>"
		},
		{
			"id": "Effect: Heaven's Thunder",
			"name": "Effect: Heaven's Thunder",
			"description": "<p>Granted by @Compendium[pf2e.feats-srd.qJdbK8vgIqeHU7bu]{Heaven's Thunder}</p>\n<p>With a loud shout, you unleash your ki in a crackling shroud of thunder and lightning that engulfs your body. Until the end of your next turn, your unarmed attacks and weapons you wield that have the monk trait deal additional electricity damage equal to one-half your level and additional sonic damage equal to one-half your level.</p>\n<p>If you also know the <em>@Compendium[pf2e.spells-srd.oo7YcRC2gcez81PV]{Ki Blast}</em> ki spell, you can choose to deal either electricity or sonic damage with the spell instead of force while this effect is active (<em>ki blast</em> loses the force trait and gains the electricity or sonic trait instead). Any creature who successfully Grapples you or is successfully Grappled by you also takes this damage immediately after the Grapple check is resolved.</p>"
		},
		{
			"id": "Effect: Heroes' Call",
			"name": "Effect: Heroes' Call",
			"description": "<p>You gain temporary Hit Points equal to twice your level.</p>"
		},
		{
			"id": "Effect: Heroic Recovery",
			"name": "Effect: Heroic Recovery",
			"description": "<p>Granted by @Compendium[pf2e.feats-srd.KR78kinMmAZQHeoa]{Heroic Recovery}.</p>\n<p>If the next action you use is to cast <em>@Compendium[pf2e.spells-srd.rfZpqmj0AIIdkVIs]{Heal}</em> targeting a single living creature and the target regains Hit Points from the spell, it also gains three bonuses until the end of its next turn: a +5-foot status bonus to its Speed, a +1 status bonus to attack rolls, and a +1 status bonus to damage rolls.</p>"
		},
		{
			"id": "Effect: Hungry Goblin",
			"name": "Effect: Hungry Goblin",
			"description": "<p>You'll eat anything and anyone. Whenever you inflict @Compendium[pf2e.conditionitems.lDVqvLKA6eF3Df60]{Persistent Bleed Damage} with your jaws unarmed attack, you gain temporary Hit Points equal to half your level for 1 minute.</p>"
		},
		{
			"id": "Effect: Hunter's Edge, Flurry",
			"name": "Effect: Hunter's Edge, Flurry",
			"description": "<p>Granted when a ranger shares their @Compendium[pf2e.classfeatures.6v4Rj7wWfOH1882r]{Flurry} edge with you.</p>\n<p>Your multiple attack penalty for attacks against your hunted prey is -3 (-2 with an agile weapon) on your second attack of the turn instead of -5, and -6 (-4 with an agile weapon) on your third or subsequent attack of the turn, instead of -10.</p>"
		},
		{
			"id": "Effect: Hunter's Edge, Outwit",
			"name": "Effect: Hunter's Edge, Outwit",
			"description": "<p>Granted when a ranger shares their @Compendium[pf2e.classfeatures.NBHyoTrI8q62uDsU]{Outwit} edge with you.</p>\n<p>You gain a +2 circumstance bonus to Deception checks, Intimidation checks, Stealth checks, and any checks to Recall Knowledge about the prey, and a +1 circumstance bonus to AC against your prey's attacks.</p>"
		},
		{
			"id": "Effect: Hunter's Edge, Precision",
			"name": "Effect: Hunter's Edge, Precision",
			"description": "<p>Granted when a ranger shares their @Compendium[pf2e.classfeatures.u6cBjqz2fiRBadBt]{Precision} edge with you.</p>\n<p>You have trained to aim for your prey's weak points. The first time you hit your hunted prey in a round, you also deal 1d8 additional precision damage. (Precision damage increases the damage you already deal, using the same type, but is ineffective against creatures that lack vital organs or weak points.)</p>\n<p>At 11th level, the extra damage increases to 2d8 precision damage, and at 19th level, the extra damage increases to 3d8 precision damage.</p>"
		},
		{
			"id": "Effect: Hybrid Form",
			"name": "Effect: Hybrid Form",
			"description": "<p>In hybrid shape, you appear as a mix between your ancestry and your inherent animal. While in hybrid shape, you gain a jaws unarmed Strike resembling the features of your inherent animal (fangs for bats, beaks for eagles, mandibles for wasps, and so on). Your jaws deal 1d4 piercing damage, have the agile, finesse, and unarmed traits, and are in the brawling weapon group.</p>"
		},
		{
			"id": "Effect: Hydraulic Deflection",
			"name": "Effect: Hydraulic Deflection",
			"description": "<p>Granted by @Compendium[pf2e.feats-srd.kqRFoXfErUFEndIs]{Hydraulic Deflection}</p>"
		},
		{
			"id": "Effect: Improved Poison Weapon",
			"name": "Effect: Improved Poison Weapon",
			"description": "<p>Applied when you apply a poison created with @Compendium[pf2e.feats-srd.9Eufa07qvXG41QmG]{Improved Poison Weapon}.</p>"
		},
		{
			"id": "Effect: Inspired Stratagem",
			"name": "Effect: Inspired Stratagem",
			"description": "<p>You roll the triggering check twice and take the better of the two results.</p>"
		},
		{
			"id": "Effect: Inspiring Marshal Stance",
			"name": "Effect: Inspiring Marshal Stance",
			"description": "<p>Granted by @Compendium[pf2e.feats-srd.bvOsJNeI0ewvQsFa]{Inspiring Marshal Stance}</p>\n<p>Your marshal's aura grants you and allies a +1 status bonus to\nattack rolls and saves against mental effects.</p>"
		},
		{
			"id": "Effect: Inspiring Resilience",
			"name": "Effect: Inspiring Resilience",
			"description": "<p>You gain a +1 circumstance bonus to their Will save against the triggering effect, or a +2 circumstance bonus if the effect originated from an undead.</p>"
		},
		{
			"id": "Effect: Known Weakness",
			"name": "Effect: Known Weakness",
			"description": "<p>Granted by @Compendium[pf2e.feats-srd.iWvpq3uDZcXvBJj8]{Known Weaknesses}.</p>\n<p>Your ally gains a +1 circumstance bonus to their next attack roll against the subject of known weakness, as long as their attack is made before the beginning of your next turn.</p>"
		},
		{
			"id": "Effect: Legendary Monster Hunter",
			"name": "Effect: Legendary Monster Hunter",
			"description": "<p>Granted by @Compendium[pf2e.feats-srd.YTTJqRKH8QZl6al2]{Monster Hunter} if you have @Compendium[pf2e.feats-srd.Veyt4x2Kb5YcPGTv]{Legendary Monster Hunter}.</p>\n<p>You gain a +2 circumstance bonus to your next attack roll against that prey.</p>"
		},
		{
			"id": "Effect: Legendary Monster Warden",
			"name": "Effect: Legendary Monster Warden",
			"description": "<p>Granted by @Compendium[pf2e.feats-srd.2yq3l8e2Vzz34yRV]{Monster Warden} if you @Compendium[pf2e.feats-srd.Veyt4x2Kb5YcPGTv]{Legendary Monster Hunter}.</p>\n<p>You gain a +2 circumstance bonus to your next attack roll against that prey.</p>\n<p>You gain a +2 circumstance bonus to your next saving throw against that particular creature and to your AC against that creature's next attack against you.</p>"
		},
		{
			"id": "Effect: Liberating Step (vs. Aberration)",
			"name": "Effect: Liberating Step (vs. Aberration)",
			"description": "<p>Granted by @Compendium[pf2e.feats-srd.VU7aZC7L08Mk1GVA]{Esoteric Oath (Liberator)}.</p>\n<p>If you use Liberating Step triggered by an evil aberration, your ally gains a +4 circumstance bonus to checks granted by your Liberating Step, and the ally can Step twice afterward.</p>"
		},
		{
			"id": "Effect: Liberating Step (vs. Dragon)",
			"name": "Effect: Liberating Step (vs. Dragon)",
			"description": "<p>Granted by @Compendium[pf2e.feats-srd.K3QkcNWY8qpNEJrk]{Dragonslayer Oath (Liberator)}</p>\n<p>If you use Liberating Step triggered by an evil dragon, your ally gains a +4 circumstance bonus to checks granted by your Liberating Step, and the ally can Step twice afterward.</p>"
		},
		{
			"id": "Effect: Liberating Step (vs. Fiend)",
			"name": "Effect: Liberating Step (vs. Fiend)",
			"description": "<p>Granted by @Compendium[pf2e.feats-srd.uv235v6hXCITAFej]{Fiendsbane Oath (Liberator)}</p>\n<p>If you use Liberating Step triggered by a fiend, your ally gains a +4 circumstance bonus to checks granted by your Liberating Step, and the ally can Step twice afterward.</p>"
		},
		{
			"id": "Effect: Liberating Step (vs. Undead)",
			"name": "Effect: Liberating Step (vs. Undead)",
			"description": "<p>Granted by @Compendium[pf2e.feats-srd.lDfOzhKJoTCkLPtn]{Shining Oath (Liberator)}</p>\n<p>If you use Liberating Step triggered by a undead, your ally gains a +4 circumstance bonus to checks granted by your Liberating Step, and the ally can Step twice afterward.</p>"
		},
		{
			"id": "Effect: Lost in the Crowd (10 Creatures)",
			"name": "Effect: Lost in the Crowd (10 Creatures)",
			"description": "<p>Granted by @Compendium[pf2e.feats-srd.d8RfatiK9UOQANLz]{Lost in the Crowd}</p>\n<p>You've learned how to move as one with crowds and hide among them, vanishing into a busy street in the blink of an eye. You move at full Speed in crowds and can use cover from crowds to Hide and Sneak, gaining a +2 circumstance bonus on your Stealth checks when in a crowd of at least 10 creatures.</p>"
		},
		{
			"id": "Effect: Lost in the Crowd (100 Creatures)",
			"name": "Effect: Lost in the Crowd (100 Creatures)",
			"description": "<p>Granted by @Compendium[pf2e.feats-srd.d8RfatiK9UOQANLz]{Lost in the Crowd}</p>\n<p>You've learned how to move as one with crowds and hide among them, vanishing into a busy street in the blink of an eye. You move at full Speed in crowds and can use cover from crowds to Hide and Sneak, gaining a +4 circumstance bonus on your Stealth checks when in a crowd of at least 100 creatures.</p>"
		},
		{
			"id": "Effect: Magical Mentor Boon (PFS)",
			"name": "Effect: Magical Mentor Boon (PFS)",
			"description": "<p><strong>Effect</strong> While working with less experienced Pathfinder allies, you provide key spellcasting insights that augment your colleagues' magic. Any PCs benefiting from a Level Bump and whose levels are lower than yours can prepare one additional spell of their highest-level spell slot or cast one additional spell of their highest-level spell slot. When casting spells of a magical tradition that is the same as the tradition you use for spellcasting, the affected PC also increases the Level Bump's modifier to spell DCs to 2.</p>\n<p><strong>Normal</strong> A Level Bump increases a PC's spell DCs by 1, and it does not grant any additional spells prepared or spell slots.</p>\n<p><strong>Special</strong> A PC can only benefit from two mentor boons.</p>\n<p><strong>**Spell-DC not implemented yet. The rule is in place for when it is but all DCs must be increased manually for now**</strong></p>"
		},
		{
			"id": "Effect: Maiden's Mending",
			"name": "Effect: Maiden's Mending",
			"description": "<p>You gain a number of temporary Hit Points equal to half your level (minimum 1) that last until the end of your next turn.</p>"
		},
		{
			"id": "Effect: Masterful Hunter's Edge, Flurry",
			"name": "Effect: Masterful Hunter's Edge, Flurry",
			"description": "<p>Granted when a ranger shares their @Compendium[pf2e.classfeatures.JhLncIB10GSQowWL]{Masterful Hunter (Flurry)} with you.</p>\n<p>Your multiple attack penalty for attacks against your hunted prey is -3 (-2 with an agile weapon) on your second attack of the turn instead of -5, and -6 (-4 with an agile weapon) on your third or subsequent attack of the turn, instead of -10.</p>"
		},
		{
			"id": "Effect: Masterful Hunter's Edge, Outwit",
			"name": "Effect: Masterful Hunter's Edge, Outwit",
			"description": "<p>Granted when a ranger shares their @Compendium[pf2e.classfeatures.vWZaLE2fEKMBw3D5]{Masterful Hunter (Outwit)} with you.</p>\n<p>Your mastery of skills allows you to overwhelm your prey. If you have master proficiency in Deception, Intimidation, Stealth, or the skill you use to Recall Knowledge about your prey, increase the circumstance bonus against the prey with that skill from +2 to +4.</p>\n<p>If you have master proficiency with your armor, increase the circumstance bonus to AC against the prey from +1 to +2.</p>"
		},
		{
			"id": "Effect: Masterful Hunter's Edge, Precision",
			"name": "Effect: Masterful Hunter's Edge, Precision",
			"description": "<p>Granted when a ranger shares their @Compendium[pf2e.classfeatures.BJYSUbFUGcTLaPDn]{Masterful Hunter (Precision)} with you.</p>\n<p>The second time in a round you hit your hunted prey, you also deal 1d8 precision damage.</p>\n<p>At 19th level, your second hit in a round against your hunted prey deals 2d8 precision damage, and your third hit in a round against your hunted prey deals 1d8 precision damage.</p>"
		},
		{
			"id": "Effect: Monster Hunter",
			"name": "Effect: Monster Hunter",
			"description": "<p>Granted by @Compendium[pf2e.feats-srd.YTTJqRKH8QZl6al2]{Monster Hunter}.</p>\n<p>You gain a +1 circumstance bonus to your next attack roll against that prey.</p>"
		},
		{
			"id": "Effect: Monster Warden",
			"name": "Effect: Monster Warden",
			"description": "<p>Granted by @Compendium[pf2e.feats-srd.2yq3l8e2Vzz34yRV]{Monster Warden}</p>\n<p>You gain a +1 circumstance bonus to your next attack roll against that prey.</p>\n<p>You gain a +1 circumstance bonus to your next saving throw against that particular creature and to your AC against that creature's next attack against you.</p>"
		},
		{
			"id": "Effect: Mountain Endemic Herbs",
			"name": "Effect: Mountain Endemic Herbs",
			"description": "<p>Granted by @Compendium[pf2e.feats-srd.BQzExsEZrwGsJD66]{Endemic Herbs}</p>\n<p>Gain a +1 circumstance bonus to Reflex saves.</p>"
		},
		{
			"id": "Effect: Mountain Stronghold",
			"name": "Effect: Mountain Stronghold",
			"description": "<p>You focus on your connection to the earth and call upon the mountain to block attacks against you. You gain a +2 circumstance bonus to AC until the beginning of your next turn.</p>"
		},
		{
			"id": "Effect: Mutate Weapon",
			"name": "Effect: Mutate Weapon",
			"description": "<p>Select one unarmed attack you gained with Living Weapon. The damage die for that attack increases by one step until the end of your turn. In addition, choose to either have the attack gain a reach of 10 feet until the end of your turn or for you to gain a +1 status bonus to attack rolls with the chosen unarmed attack until the end of your turn.</p>"
		},
		{
			"id": "Effect: Nanite Surge",
			"name": "Effect: Nanite Surge",
			"description": "<p>Granted by @Compendium[pf2e.feats-srd.JS24EjgLYcHB9E3T]{Nanite Surge}.</p>"
		},
		{
			"id": "Effect: Necrotic Infusion",
			"name": "Effect: Necrotic Infusion",
			"description": "<p>Granted by @Compendium[pf2e.feats-srd.6erzXaxxvcXYnL9H]{Necrotic Infusion}.</p>\n<p>If the next action you use is to cast <em>@Compendium[pf2e.spells-srd.wdA52JJnsuQWeyqz]{Harm}</em> to restore Hit Points to a single undead creature, the target then deals an additional 1d6 negative damage with its melee weapons and unarmed attacks until the end of its next turn. If the <em>harm</em> spell is at least 5th level, this damage increases to 2d6, and if the <em>harm</em> spell is at least 8th level, the damage increases to 3d6.</p>"
		},
		{
			"id": "Effect: Overdrive (Critical Success)",
			"name": "Effect: Overdrive (Critical Success)",
			"description": "<p>Your gizmos go into a state of incredible efficiency called critical overdrive, adding great power to your attacks. Your Strikes deal additional damage equal to your Intelligence modifier for 1 minute. After the Overdrive ends, your gizmos become unusable as they cool down or reset, and you can't use Overdrive for 1 minute.</p>"
		},
		{
			"id": "Effect: Overdrive (Success)",
			"name": "Effect: Overdrive (Success)",
			"description": "<p>Your gizmos go into overdrive, adding power to your attacks. Your Strikes deal additional damage equal to half your Intelligence modifier for 1 minute. After the Overdrive ends, your gizmos become unusable as they cool down or reset, and you can't use Overdrive for 1 minute.</p>"
		},
		{
			"id": "Effect: Overwatch Field",
			"name": "Effect: Overwatch Field",
			"description": "<p>Your overwatch field aura grants you increased perception and allows you to call out warnings to your allies within the aura to point out threats. This aura has the auditory and visual traits. You and allies within your overwatch field receive a +2 circumstance bonus when using Perception for Initiative checks.</p>"
		},
		{
			"id": "Effect: Plains Endemic Herbs",
			"name": "Effect: Plains Endemic Herbs",
			"description": "<p>Granted by @Compendium[pf2e.feats-srd.BQzExsEZrwGsJD66]{Endemic Herbs}</p>\n<p>Gain a +1 circumstance bonus to Will saves.</p>"
		},
		{
			"id": "Effect: Poison Weapon",
			"name": "Effect: Poison Weapon",
			"description": "<p>Applied when you apply a poison created with @Compendium[pf2e.feats-srd.ALbosSUygdq4T1Yk]{Poison Weapon}.</p>"
		},
		{
			"id": "Effect: Prayer-Touched Weapon",
			"name": "Effect: Prayer-Touched Weapon",
			"description": "<p>The chosen weapon deals an extra 1d6 positive damage.</p>"
		},
		{
			"id": "Effect: Predictable!",
			"name": "Effect: Predictable!",
			"description": "<p>Granted if you succeed with @Compendium[pf2e.feats-srd.cErltcAC7OVnIyO1]{Predictable!}</p>"
		},
		{
			"id": "Effect: Predictable! (Critical Failure)",
			"name": "Effect: Predictable! (Critical Failure)",
			"description": "<p>Granted if you critically fail with @Compendium[pf2e.feats-srd.cErltcAC7OVnIyO1]{Predictable!}</p>"
		},
		{
			"id": "Effect: Predictable! (Critical Success)",
			"name": "Effect: Predictable! (Critical Success)",
			"description": "<p>Granted if you critically succeed with @Compendium[pf2e.feats-srd.cErltcAC7OVnIyO1]{Predictable!}.</p>"
		},
		{
			"id": "Effect: Prevailing Position",
			"name": "Effect: Prevailing Position",
			"description": "<p>Granted by using @Compendium[pf2e.feats-srd.Xw7qG0SHepXx24vl]{Prevailing Position}</p>\n<p>You leave the stance you were in, gaining a +4 circumstance bonus to the triggering saving throw or to your AC against the triggering attack.</p>"
		},
		{
			"id": "Effect: Protective Mentor Boon (Admired) (PFS)",
			"name": "Effect: Protective Mentor Boon (Admired) (PFS)",
			"description": "<p><strong>Effect</strong> While working with less experienced Pathfinder allies, you shield your more fragile wards from the threat of death. For any PCs benefiting from a Level Bump and whose levels are lower than yours, you increase their current and maximum Hit Points by an additional amount equal to 3 times your Radiant Oath reputation tier.</p>\n<p><strong>Normal</strong> A Level Bump increases a PC's Hit Points by 10% or 10, whichever is higher.</p>\n<p><strong>Special</strong> A PC can only benefit from two mentor boons.</p>"
		},
		{
			"id": "Effect: Protective Mentor Boon (Liked) (PFS)",
			"name": "Effect: Protective Mentor Boon (Liked) (PFS)",
			"description": "<p><strong>Effect</strong> While working with less experienced Pathfinder allies, you shield your more fragile wards from the threat of death. For any PCs benefiting from a Level Bump and whose levels are lower than yours, you increase their current and maximum Hit Points by an additional amount equal to 3 times your Radiant Oath reputation tier.</p>\n<p><strong>Normal</strong> A Level Bump increases a PC's Hit Points by 10% or 10, whichever is higher.</p>\n<p><strong>Special</strong> A PC can only benefit from two mentor boons.</p>"
		},
		{
			"id": "Effect: Protective Mentor Boon (Revered) (PFS)",
			"name": "Effect: Protective Mentor Boon (Revered) (PFS)",
			"description": "<p><strong>Effect</strong> While working with less experienced Pathfinder allies, you shield your more fragile wards from the threat of death. For any PCs benefiting from a Level Bump and whose levels are lower than yours, you increase their current and maximum Hit Points by an additional amount equal to 3 times your Radiant Oath reputation tier.</p>\n<p><strong>Normal</strong> A Level Bump increases a PC's Hit Points by 10% or 10, whichever is higher.</p>\n<p><strong>Special</strong> A PC can only benefit from two mentor boons.</p>"
		},
		{
			"id": "Effect: Protective Spirit Mask",
			"name": "Effect: Protective Spirit Mask",
			"description": "<p>You gain a +1 circumstance bonus to AC until the start of the caster's next turn.</p>\n<p><strong>Granted By:</strong>@Compendium[pf2e.feats-srd.nn7DiYYWinsSYrZy]{Protective Spirit Mask}</p>"
		},
		{
			"id": "Effect: Purifying Breeze",
			"name": "Effect: Purifying Breeze",
			"description": "<p>You gain a +1 status bonus to Fortitude saving throws.</p>"
		},
		{
			"id": "Effect: Push Back the Dead!",
			"name": "Effect: Push Back the Dead!",
			"description": "<p>The creature gains a +2 circumstance bonus to saves against effects originating from undead.</p>"
		},
		{
			"id": "Effect: Radiant Circuitry",
			"name": "Effect: Radiant Circuitry",
			"description": "<p>Granted by @Compendium[pf2e.feats-srd.2XmdYW8OsAvjGDG3]{Radiant Circuitry}.</p>"
		},
		{
			"id": "Effect: Radiant Infusion",
			"name": "Effect: Radiant Infusion",
			"description": "<p>Granted by @Compendium[pf2e.feats-srd.JcXzKwrdMkNszrJQ]{Radiant Infusion}.</p>\n<p>If the next action you use is to cast <em>@Compendium[pf2e.spells-srd.rfZpqmj0AIIdkVIs]{Heal}</em> to restore Hit Points to a single living creature, the target deals an additional 1d6 positive damage with its melee weapons and unarmed attacks until the end of its next turn. If the <em>heal</em> spell is at least 5th level, this damage increases to 2d6, or 3d6 if the spell is at least 8th level.</p>"
		},
		{
			"id": "Effect: Rampaging Form",
			"name": "Effect: Rampaging Form",
			"description": "<p>You Change Shape into a form of living ice for 1 minute or until you shift back. Your battle form is Huge and has the following statistics:</p>\n<ul>\n<li>AC = 18 + your level. Ignore your armor's check penalty and Speed reduction.</li>\n<li>20 temporary Hit Points.</li>\n<li>Low-light vision and imprecise scent 30 feet.</li>\n<li>A Speed of 30, a Fly speed of 40, and you don't need to breathe</li>\n<li><strong>Melee</strong> <span class=\"pf2-icon\">a</span> jaws, <strong>Damage</strong> 2d8 piercing + 1d4 fire damage.</li>\n<li>Your unarmed attacks deal 1d4 additional fire damage, and your fire spells deal one additional die of fire damage (of the same damage die the spell uses).</li>\n<li>You can cast <em>@Compendium[pf2e.spells-srd.O9w7r4BKgPogYDDe]{Produce Flame}</em> as an innate spell; the casting is reduced from 2 actions to 1.</li>\n<li>Any creature that touches you or damages you with an unarmed attack or non-reach melee weapon takes [[/r {3d6}[fire]]]{3d6 fire} damage.</li>\n<li>Athletics modifier of +20, unless your own modifier is higher.</li>\n</ul>"
		},
		{
			"id": "Effect: Rampaging Form (Frozen Winds Kitsune)",
			"name": "Effect: Rampaging Form (Frozen Winds Kitsune)",
			"description": "<p>You Change Shape into a form of living ice for 1 minute or until you shift back. Your battle form is Huge and has the following statistics:</p>\n<ul>\n<li>AC = 18 + your level. Ignore your armor's check penalty and Speed reduction.</li>\n<li>20 temporary Hit Points.</li>\n<li>Low-light vision and imprecise scent 30 feet.</li>\n<li>A Speed of 30, a Fly speed of 40, and you don't need to breathe</li>\n<li><strong>Melee</strong> <span class=\"pf2-icon\">a</span> jaws, <strong>Damage</strong> 2d8 piercing + 1d4 cold damage.</li>\n<li>Your unarmed attacks deal 1d4 additional cold damage, and your cold spells deal one additional die of cold damage (of the same damage die the spell uses).</li>\n<li>You can cast <em>@Compendium[pf2e.spells-srd.gYjPm7YwGtEa1oxh]{Ray of Frost}</em> as an innate spell; the casting is reduced from 2 actions to 1.</li>\n<li>Any creature that touches you or damages you with an unarmed attack or non-reach melee weapon takes [[/r {3d6}[cold]]]{3d6 cold} damage.</li>\n<li>Athletics modifier of +20, unless your own modifier is higher.</li>\n</ul>"
		},
		{
			"id": "Effect: Read Shibboleths",
			"name": "Effect: Read Shibboleths",
			"description": "<p>Granted by @Compendium[pf2e.feats-srd.Crd3qMecF9FYHjuH]{Read Shibboleths}</p>\n<p>Once you've gleaned one or more true minor facts about a person, you can then incorporate these mannerisms into your speech to present yourself in a way that they find familiar. This grants you a +1 circumstance bonus to your Diplomacy and Deception checks with them</p>"
		},
		{
			"id": "Effect: Reanimator Dedication",
			"name": "Effect: Reanimator Dedication",
			"description": "<p>The undead you animate gains a +1 status bonus to attack rolls, AC, saving throws, and skill checks for the duration of animate dead.</p>"
		},
		{
			"id": "Effect: Reckless Abandon (Goblin)",
			"name": "Effect: Reckless Abandon (Goblin)",
			"description": "<p>For the remainder of your turn, if you roll a failure or critical failure on a saving throw against a harmful effect, you get a success instead.</p>"
		},
		{
			"id": "Effect: Reflective Ripple Stance",
			"name": "Effect: Reflective Ripple Stance",
			"description": "<p>You can make flowing wave attacks that deal 1d6 bludgeoning damage. They are in the brawling group and have the agile, disarm, finesse, nonlethal, trip, unarmed, and water traits.</p>\n<p>While in Reflective Ripple Stance, you gain a +1 circumstance bonus to Athletics checks to @Compendium[pf2e.actionspf2e.Dt6B1slsBy8ipJu9]{Disarm}, @Compendium[pf2e.actionspf2e.c8TGiZ48ygoSPofx]{Swim}, or @Compendium[pf2e.actionspf2e.ge56Lu1xXVFYUnLP]{Trip}, and you gain a +2 circumstance bonus to your Reflex DC to avoid being Disarmed and Tripped.</p>"
		},
		{
			"id": "Effect: Reflexive Shield",
			"name": "Effect: Reflexive Shield",
			"description": "<p>Granted by @Compendium[pf2e.feats-srd.dHUoQVzDa9Cf4QCG]{Reflexive Shield} when you raise a shield that gives a +2 circumstance bonus to AC.</p>\n<p>You gain your shield's cricumstance bonus to Reflex saves.</p>"
		},
		{
			"id": "Effect: Repair Module",
			"name": "Effect: Repair Module",
			"description": "<p>Granted by @Compendium[pf2e.feats-srd.ZGT7NLpcvREkJsMd]{Repair Module}.</p>"
		},
		{
			"id": "Effect: Resounding Bravery",
			"name": "Effect: Resounding Bravery",
			"description": "<p>Granted by @Compendium[pf2e.feats-srd.dTO1ShJovbzrKUY4]{Resounding Bravery} if you critically succeed at a Will save against a foe's ability.</p>\n<p>You gain a +1 status bonus to saves and a number of temporary Hit Points equal to half your level for 1 minute.</p>"
		},
		{
			"id": "Effect: Resounding Bravery (vs. Fear)",
			"name": "Effect: Resounding Bravery (vs. Fear)",
			"description": "<p>Granted by @Compendium[pf2e.feats-srd.dTO1ShJovbzrKUY4]{Resounding Bravery} if you critically succeed at a Will save against a foe's fear effect.</p>\n<p>You gain a +2 status bonus to saves and a number of temporary Hit Points equal to your level for 1 minute.</p>"
		},
		{
			"id": "Effect: Rugged Mentor Boon (PFS)",
			"name": "Effect: Rugged Mentor Boon (PFS)",
			"description": "<p><strong>Effect</strong> While working with less experienced Pathfinder allies, you provide important insights that keep your less experienced colleagues safe from harm. For any PCs benefiting from a Level Bump and whose levels are lower than yours, you increase the Level Bump's modifier to saving throws to 2.</p>\n<p><strong>Normal</strong> A Level Bump increases a PC's saving throw modifiers by 1.</p>\n<p><strong>Special</strong> A PC can only benefit from two mentor boons.</p>"
		},
		{
			"id": "Effect: Safeguard Soul",
			"name": "Effect: Safeguard Soul",
			"description": "<p>You gain a +2 status bonus to saving throws against death effects, possession effects, and effects that attempt to manipulate or steal your soul.</p>"
		},
		{
			"id": "Effect: Scout's Warning",
			"name": "Effect: Scout's Warning",
			"description": "<p>Granted by @Compendium[pf2e.feats-srd.Tpcq3Lk7qEOZ3LDP]{Scout's Warning}.</p>\n<p>You gain a +1 circumstance bonus to your initiative roll.</p>"
		},
		{
			"id": "Effect: Shadow Sight",
			"name": "Effect: Shadow Sight",
			"description": "<p>You gain Greater Darkvision for 1 minute.</p>"
		},
		{
			"id": "Effect: Shared Avoidance",
			"name": "Effect: Shared Avoidance",
			"description": "<p>Granted by @Compendium[pf2e.feats-srd.wIJC00ODLq9WYc1m]{Shared Avoidance}.</p>\n<p>Allies within 15 feet of you who are rolling the same saving throw against the same hazard also gain a +2 circumstance bonus to their saving throws.</p>"
		},
		{
			"id": "Effect: Shared Clarity",
			"name": "Effect: Shared Clarity",
			"description": "<p>Granted by @Compendium[pf2e.feats-srd.ybrx1nsg5J0L8d3j]{Shared Clarity}.</p>\n<p>Allies within 15 feet of you who failed the same saving throw against the same mental effect can also spend their reactions to reroll the failed saving throw with a +2 circumstance bonus.</p>"
		},
		{
			"id": "Effect: Skillful Mentor Boon (PFS)",
			"name": "Effect: Skillful Mentor Boon (PFS)",
			"description": "<p><strong>Effect</strong> While working with less experienced Pathfinder allies, you provide vital advice to sharpen your newer colleagues' skills. For any PCs benefiting from a Level Bump and whose levels are lower than yours, you increase the Level Bump's modifier to skill checks to 2.</p>\n<p><strong>Normal</strong> A Level Bump increases a PC's skill check modifiers by 1.</p>\n<p><strong>Special</strong> A PC can only benefit from two mentor boons.</p>"
		},
		{
			"id": "Effect: Smite Evil",
			"name": "Effect: Smite Evil",
			"description": "<p>Granted by @Compendium[pf2e.feats-srd.xgvKXeTxns0gIdAn]{Smite Evil}.</p>\n<p>Until the start of your next turn, your Strikes with the weapon your blade ally inhabits against that foe deal an extra 4 good damage, increasing to 6 if you have master proficiency with this weapon.</p>\n<p>If the foe attacks one of your allies, the duration extends to the end of that foe's next turn. If the foe continues to attack your allies each turn, the duration continues to extend.</p>"
		},
		{
			"id": "Effect: Smite Good",
			"name": "Effect: Smite Good",
			"description": "<p>Granted by @Compendium[pf2e.feats-srd.T5xFirAE8VLL5Lbu]{Smite Good}.</p>\n<p>Until the start of your next turn, your Strikes against that foe using the weapon your blade ally inhabits deal an extra 4 evil damage, increasing to 6 if you have master proficiency with this weapon.</p>\n<p>If the chosen enemy attacks you before the start of your next turn, the duration extends to the end of that enemy's next turn. If the enemy continues to attack you each turn, the duration continues to extend.</p>"
		},
		{
			"id": "Effect: Spin Tale",
			"name": "Effect: Spin Tale",
			"description": "<p>You gains a +1 status bonus to attack rolls and saving throws against the villain until the start of your next turn.</p>"
		},
		{
			"id": "Effect: Spiral Sworn",
			"name": "Effect: Spiral Sworn",
			"description": "<p>For 3 rounds, your Strikes and spells deal additional damage against undead, creatures in possession of an imprisoned soul, or creatures you have witnessed create or command undead. You gain a status bonus to damage with your Strikes against these creatures equal to the number of weapon damage dice. Spells you cast from spell slots gain a status bonus to damage against these creatures equal to the level of the spell; this bonus applies only to spells that deal damage and don't have a duration.</p>"
		},
		{
			"id": "Effect: Striking Retribution",
			"name": "Effect: Striking Retribution",
			"description": "<p>Granted by @Compendium[pf2e.feats-srd.TGlb3gmSKkJBZt5q]{Striking Retribution}</p>"
		},
		{
			"id": "Effect: Tiller's Drive",
			"name": "Effect: Tiller's Drive",
			"description": "<p>Granted by @Compendium[pf2e.feats-srd.Wo0HNBh6CCgPN3Co]{Tiller's Drive}</p>\n<p>Members of your crop receive a +5-foot circumstance bonus to Speed.</p>"
		},
		{
			"id": "Effect: Titan's Stature",
			"name": "Effect: Titan's Stature",
			"description": ""
		},
		{
			"id": "Effect: Topple Giants",
			"name": "Effect: Topple Giants",
			"description": "<p>When an ally within your overwatch field attempts to @Compendium[pf2e.actionspf2e.Dt6B1slsBy8ipJu9]{Disarm}, @Compendium[pf2e.actionspf2e.7blmbDrQFNfdT731]{Shove}, or @Compendium[pf2e.actionspf2e.ge56Lu1xXVFYUnLP]{Trip} an opponent within your overwatch field and fails, you coordinate efforts to provide a +2 circumstance bonus to the next Athletics check rolled by a different ally to attempt the same action on the same target before that target's next turn.</p>"
		},
		{
			"id": "Effect: Twin Parry",
			"name": "Effect: Twin Parry",
			"description": "<p>Granted by @Compendium[pf2e.feats-srd.Y8LHfkzGyOhPlUou]{Twin Parry} if neither weapon has the parry trait.</p>\n<p>You gain a +1 circumstance bonus to AC until the start of your next turn.</p>"
		},
		{
			"id": "Effect: Twin Parry (Parry Trait)",
			"name": "Effect: Twin Parry (Parry Trait)",
			"description": "<p>Granted by @Compendium[pf2e.feats-srd.Y8LHfkzGyOhPlUou]{Twin Parry} if either weapon has the parry trait.</p>\n<p>You gain a +2 circumstance bonus to AC until the start of your next turn.</p>"
		},
		{
			"id": "Effect: Underground Endemic Herbs",
			"name": "Effect: Underground Endemic Herbs",
			"description": "<p>Granted by @Compendium[pf2e.feats-srd.BQzExsEZrwGsJD66]{Endemic Herbs}</p>\n<p>Gain a +1 circumstance bonus to Perception.</p>"
		},
		{
			"id": "Effect: Undying Conviction",
			"name": "Effect: Undying Conviction",
			"description": "<p>Undead creatures gain a +2 status bonus to saving throws to resist positive damage and to Will saving throws to resist effects that would make them controlled.</p>"
		},
		{
			"id": "Effect: Vivacious Bravado",
			"name": "Effect: Vivacious Bravado",
			"description": "<p>Granted when you use @Compendium[pf2e.feats-srd.2MHzEh1KUQEbhjUf]{Vivacious Bravado}.</p>"
		},
		{
			"id": "Effect: Watchful Gaze",
			"name": "Effect: Watchful Gaze",
			"description": "<p>You gain @Compendium[pf2e.bestiary-ability-glossary-srd.9qV49KjZujZnSp6w]{All-Around Vision} until the start of your next turn. This lets you see in all directions and prevents you from being flanked.</p>"
		},
		{
			"id": "Effect: Wings of Air",
			"name": "Effect: Wings of Air",
			"description": "<p>You can strain to call forth feathered or cloudy wings from your back. Once manifested, these wings remain for 10 minutes. You gain a fly Speed equal to your land Speed while you've manifested your wings.</p>"
		},
		{
			"id": "Effect: Witch's Charge",
			"name": "Effect: Witch's Charge",
			"description": "<p>Granted when you designate someone as your @Compendium[pf2e.feats-srd.52QyoGaysrfBOy5H]{Witch's Charge}.</p>"
		},
		{
			"id": "Effect: Worldly Mentor Boon (PFS)",
			"name": "Effect: Worldly Mentor Boon (PFS)",
			"description": "<p><strong>Effect</strong> While working with less experienced Pathfinder allies, you help your less experienced colleagues recognize danger and withstand danger. For any PCs benefiting from a Level Bump and whose levels are lower than yours, you increase the Level Bump's modifier to Perception checks and Initiative rolls to 2.</p>\n<p><strong>Normal</strong> A Level Bump increases a PC's Perception modifier by 1.</p>\n<p><strong>Special</strong> A PC can only benefit from two mentor boons.</p>"
		},
		{
			"id": "Effect: Wyrmblessed Blood Magic (Status Bonus - Self)",
			"name": "Effect: Wyrmblessed Blood Magic (Status Bonus - Self)",
			"description": "<p>Draconic might carries in your voice. You gain a +1 status bonus to Intimidation checks for 1 round.</p>"
		},
		{
			"id": "Effect: Wyrmblessed Blood Magic (Status Penalty - Target)",
			"name": "Effect: Wyrmblessed Blood Magic (Status Penalty - Target)",
			"description": "<p>Draconic might carries in your voice. A target takes a -1 status penalty to Will saves for 1 round.</p>"
		},
		{
			"id": "Favored Terrain (Gain Climb Speed)",
			"name": "Favored Terrain (Gain Climb Speed)",
			"description": "<p>Granted by @Compendium[pf2e.feats-srd.sgo7J9BVofBqwlsF]{Favored Terrain (Forest, Moutain or Underground)} if you have the @Compendium[pf2e.classfeatures.RlwE99yKnhq8FUuy]{Wild Stride} class feature, and are in forested, mountainous or underground terrain and do not already have a climb Speed.</p>\n<p>You gain a climb Speed equal to your Speed.</p>"
		},
		{
			"id": "Favored Terrain (Gain Swim Speed)",
			"name": "Favored Terrain (Gain Swim Speed)",
			"description": "<p>Granted by @Compendium[pf2e.feats-srd.sgo7J9BVofBqwlsF]{Favored Terrain (Aquatic)} if you have the @Compendium[pf2e.classfeatures.RlwE99yKnhq8FUuy]{Wild Stride} class feature, and are in aquatic terrain and do not already have a swim Speed.</p>\n<p>You gain a swim Speed equal to your Speed.</p>"
		},
		{
			"id": "Favored Terrain (Increase Climb Speed)",
			"name": "Favored Terrain (Increase Climb Speed)",
			"description": "<p>Granted by @Compendium[pf2e.feats-srd.sgo7J9BVofBqwlsF]{Favored Terrain (Forest, Moutain or Underground)} if you have the @Compendium[pf2e.classfeatures.RlwE99yKnhq8FUuy]{Wild Stride} class feature, and are in forested, mountainous or underground terrain and already have a climb Speed.</p>\n<p>You gain a +10-foot status bonus to your climb Speed.</p>"
		},
		{
			"id": "Favored Terrain (Increase Swim Speed)",
			"name": "Favored Terrain (Increase Swim Speed)",
			"description": "<p>Granted by @Compendium[pf2e.feats-srd.sgo7J9BVofBqwlsF]{Favored Terrain (Aquatic)} if you have the @Compendium[pf2e.classfeatures.RlwE99yKnhq8FUuy]{Wild Stride} class feature, and are in aquatic terrain and already have a swimSpeed.</p>\n<p>You gain a +10-foot status bonus to your swim Speed.</p>"
		},
		{
			"id": "Goblin Song (Critical Success)",
			"name": "Goblin Song (Critical Success)",
			"description": "<p>Granted by @Compendium[pf2e.feats-srd.QZb0Utg0WFPf2Qg0]{Goblin Song}.</p>\n<p>The creature takes a -1 status penalty to Perception checks and Will saves.</p>"
		},
		{
			"id": "Goblin Song (Success)",
			"name": "Goblin Song (Success)",
			"description": "<p>Granted by @Compendium[pf2e.feats-srd.QZb0Utg0WFPf2Qg0]{Goblin Song}.</p>\n<p>The creature takes a -1 status penalty to Perception checks and Will saves.</p>"
		},
		{
			"id": "Stance: Clinging Shadows Stance",
			"name": "Stance: Clinging Shadows Stance",
			"description": "<p>Granted by <em>@Compendium[pf2e.spells-srd.uJXs4M6IeixfPBLc]{Clinging Shadows Stance}</em></p>\n<p>You adopt the stance of clinging shadows. You can make shadow grasp Strikes. These deal 1d4 negative damage; are in the brawling group; and have the agile, grapple, reach, and unarmed traits.</p>\n<p>While in the clinging shadows stance, you gain a +2 circumstance bonus to Athletics checks to @Compendium[pf2e.actionspf2e.PMbdMWc2QroouFGD]{Grapple}, and to the DC for creatures to @Compendium[pf2e.actionspf2e.SkZAQRkLLkmBQNB9]{Escape} from you.</p>"
		},
		{
			"id": "Stance: Cobra Stance",
			"name": "Stance: Cobra Stance",
			"description": "<p>Granted by @Compendium[pf2e.feats-srd.AkV4Jyllo6nlK2Sl]{Cobra Stance}</p>\n<p>You enter a tight stance, coiled up like a lashing cobra with your hands poised as venomous fangs. While in this stance, the only Strikes you can make are cobra fang unarmed attacks. These deal 1d4 poison damage; are in the brawling group; and have the agile, deadly d10, finesse, nonlethal, poison, and unarmed traits.</p>\n<p>While in Cobra Stance, you gain a +1 circumstance bonus to Fortitude saves and your Fortitude DC, and you gain poison resistance equal to half your level.</p>"
		},
		{
			"id": "Stance: Cobra Stance (Cobra Envenom)",
			"name": "Stance: Cobra Stance (Cobra Envenom)",
			"description": "<p>Granted by @Compendium[pf2e.feats-srd.AkV4Jyllo6nlK2Sl]{Cobra Stance} if you have @Compendium[pf2e.feats-srd.xQuNswWB3eg1UM28]{Cobra Envenom}, which increases the circumstance bonus to Fortitude saves and Fortitude DC to +2.</p>\n<p>You enter a tight stance, coiled up like a lashing cobra with your hands poised as venomous fangs. While in this stance, the only Strikes you can make are cobra fang unarmed attacks. These deal 1d4 poison damage; are in the brawling group; and have the agile, deadly d10, finesse, nonlethal, poison, and unarmed traits.</p>\n<p>While in Cobra Stance, you gain a +2 circumstance bonus to Fortitude saves and your Fortitude DC, and you gain poison resistance equal to half your level.</p>"
		},
		{
			"id": "Stance: Crane Stance",
			"name": "Stance: Crane Stance",
			"description": "<p>Granted by @Compendium[pf2e.feats-srd.bf7NCeKqDClaqhTR]{Crane Stance}</p>\n<p>You enter the stance of a crane, holding your arms in an imitation of a crane's wings and using flowing, defensive motions. You gain a +1 circumstance bonus to AC, but the only Strikes you can make are crane wing attacks. These deal 1d6 bludgeoning damage; are in the brawling group; and have the agile, finesse, nonlethal, and unarmed traits.</p>\n<p>While in Crane Stance, reduce the DC for @Compendium[pf2e.actionspf2e.2HJ4yuEFY1Cast4h]{High Jump} and @Compendium[pf2e.actionspf2e.JUvAvruz7yRQXfz2]{Long Jump} by 5, and when you @Compendium[pf2e.actionspf2e.d5I6018Mci2SWokk]{Leap}, you can move an additional 5 feet horizontally or 2 feet vertically.</p>"
		},
		{
			"id": "Stance: Disarming Stance",
			"name": "Stance: Disarming Stance",
			"description": "<p>Granted by @Compendium[pf2e.feats-srd.1p5ErCp33nGOzEsk]{Disarming Stance}.</p>\n<p>You gain a +1 circumstance bonus to Athletics checks to Disarm.</p>"
		},
		{
			"id": "Stance: Dragon Stance",
			"name": "Stance: Dragon Stance",
			"description": "<p>Granted by @Compendium[pf2e.feats-srd.8sy3sHwOHS4ImwvJ]{Dragon Stance}</p>\n<p>You enter the stance of a dragon and make powerful leg strikes like a lashing dragon's tail. You can make dragon tail attacks that deal 1d10 bludgeoning damage. They are in the brawling group and have the backswing, nonlethal, and unarmed traits.</p>\n<p>While in Dragon Stance, you can ignore the first square of difficult terrain while Striding.</p>"
		},
		{
			"id": "Stance: Dueling Dance",
			"name": "Stance: Dueling Dance",
			"description": "<p>Granted by @Compendium[pf2e.feats-srd.9VGmE7X4aK2W8YWj]{Dueling Dance (Swashbuckler)} or @Compendium[pf2e.feats-srd.FYz5eQeTox9IDkSd]{Dueling Dance (Fighter)}</p>"
		},
		{
			"id": "Stance: Everstand Stance",
			"name": "Stance: Everstand Stance",
			"description": "<p>When in this stance, you wield the shield with both hands. When wielding a shield this way, increase the weapon damage die of the shield's boss or spikes by one step, and increase the shield's Hardness by 2 when using the @Compendium[pf2e.feats-srd.jM72TjJ965jocBV8]{Shield Block} reaction.</p>"
		},
		{
			"id": "Stance: Gorilla Stance",
			"name": "Stance: Gorilla Stance",
			"description": "<p>Granted by @Compendium[pf2e.feats-srd.DqD7htz8Sd1dh3BT]{Gorilla Stance}</p>\n<p>You lower yourself to the ground and take an imposing, knuckle-walking stance. While in this stance, the only Strikes you can make are gorilla slam unarmed attacks. These deal 1d8 bludgeoning damage; are in the brawling group; and have the backswing, forceful, grapple, nonlethal, and unarmed traits.</p>\n<p>While you are in Gorilla Stance, you gain a +2 circumstance bonus to Athletics checks to @Compendium[pf2e.actionspf2e.pprgrYQ1QnIDGZiy]{Climb}, and if you roll a success on an Athletics check to Climb, you get a critical success instead.</p>"
		},
		{
			"id": "Stance: Gorilla Stance (Gorilla Pound)",
			"name": "Stance: Gorilla Stance (Gorilla Pound)",
			"description": "<p>Granted by @Compendium[pf2e.feats-srd.DqD7htz8Sd1dh3BT]{Gorilla Stance} if you have @Compendium[pf2e.feats-srd.nRjyyDulHnP5OewA]{Gorilla Pound}, which grants you a climb speed of 15 while you are in this stance.</p>\n<p>You lower yourself to the ground and take an imposing, knuckle-walking stance. While in this stance, the only Strikes you can make are gorilla slam unarmed attacks. These deal 1d8 bludgeoning damage; are in the brawling group; and have the backswing, forceful, grapple, nonlethal, and unarmed traits.</p>\n<p>While you are in Gorilla Stance, you gain a +2 circumstance bonus to Athletics checks to @Compendium[pf2e.actionspf2e.pprgrYQ1QnIDGZiy]{Climb}, and if you roll a success on an Athletics check to Climb, you get a critical success instead.</p>"
		},
		{
			"id": "Stance: Ironblood Stance",
			"name": "Stance: Ironblood Stance",
			"description": "<p>Granted by @Compendium[pf2e.feats-srd.x9cYkB8DrUBBwqJd]{Ironblood Stance}</p>\n<p>You enter the stance of impenetrable iron, refusing to yield to any blow. You can make iron sweep unarmed attacks. These deal 1d8 bludgeoning damage; are in the brawling group; and have the nonlethal, parry, sweep, and unarmed traits.</p>\n<p>While in Ironblood Stance, you gain resistance 2 to all damage. The resistance increases to 3 at 12th level, to 4 at 16th level, and to 5 at 20th level.</p>\n<p>@Compendium[pf2e.equipment-effects.fRlvmul3LbLo2xvR]{Effect: Parry}</p>"
		},
		{
			"id": "Stance: Jellyfish Stance",
			"name": "Stance: Jellyfish Stance",
			"description": "<p><strong>Requirements</strong> You are unarmored.</p>\n<p>You relax your posture and loosen your joints, allowing yourself to move with incredible fluidity. You can make stinging lash attacks that deal 1d8 slashing damage. These attacks are in the brawling group, and have the finesse, nonlethal, reach, and unarmed traits.</p>\n<p>While in Jellyfish Stance, you gain a +2 circumstance bonus to Reflex saves and on checks to @Compendium[pf2e.actionspf2e.SkZAQRkLLkmBQNB9]{Escape} and @Compendium[pf2e.actionspf2e.kMcV8e5EZUxa6evt]{Squeeze}.</p>"
		},
		{
			"id": "Stance: Monastic Archer Stance",
			"name": "Stance: Monastic Archer Stance",
			"description": "<p>Granted by @Compendium[pf2e.feats-srd.YG2RxXE9SMfwo6wP]{Monastic Archer Stance}</p>\n<p>You enter a specialized stance for a unique martial art centered around the use of a bow. While in this stance, the only Strikes you can make are those using longbows, shortbows, or bows with the monk trait.</p>\n<p>You can use @Compendium[pf2e.actionspf2e.nbfNETdpee8CVM17]{Flurry of Blows} with these bows. You can use your other monk feats or monk abilities that normally require unarmed attacks with these bows when attacking within half the first range increment (normally 50 feet for a longbow and 30 feet for a shortbow), so long as the feat or ability doesn't require a single, specific Strike.</p>"
		},
		{
			"id": "Stance: Mountain Stance",
			"name": "Stance: Mountain Stance",
			"description": "<p>Granted by @Compendium[pf2e.feats-srd.ZL5UU9quCTvcWzfY]{Mountain Stance}</p>\n<p>You enter the stance of an implacable mountain—a technique first discovered by dwarven monks—allowing you to strike with the weight of an avalanche. The only Strikes you can make are falling stone unarmed attacks. These deal 1d8 bludgeoning damage; are in the brawling group; and have the forceful, nonlethal, and unarmed traits.</p>\n<p>While in Mountain Stance, you gain a +4 item bonus to AC and a +2 circumstance bonus to any defenses against being Shoved or Tripped. However, you have a Dexterity modifier cap to your AC of +0, meaning you don't add your Dexterity to your AC, and your Speeds are all reduced by 5 feet. The item bonus to AC from Mountain Stance is cumulative with armor potency runes on your explorer's clothing, mage armor, and bracers of armor.</p>"
		},
		{
			"id": "Stance: Multishot Stance",
			"name": "Stance: Multishot Stance",
			"description": "<p>Granted by @Compendium[pf2e.feats-srd.RzhnxgiAopWILCvs]{Multishot Stance}.</p>\n<p>While you are in this stance, your penalty for Double Shot is reduced to -1, or -2 if you add the extra action to make three Strikes. If you move from your position, this stance ends.</p>"
		},
		{
			"id": "Stance: Paragon's Guard",
			"name": "Stance: Paragon's Guard",
			"description": "<p>Granted by @Compendium[pf2e.feats-srd.hPDerDCYmag3s0dP]{Paragon's Guard}.</p>\n<hr />\n<p><strong>Requirements</strong> You are wielding a shield</p>\n<hr style=\"border-top: 1px solid var(--color-border-light-primary); border-bottom: 1px solid var(--color-border-light-highlight);\">\n<p>Once you've had a moment to set your stance, you always have your shield ready without a thought.</p>\n<p>While you are in this stance, you constantly have your shield raised as if you'd used the @Compendium[pf2e.actionspf2e.xjGwis0uaC2305pm]{Raise a Shield} action, as long as you meet that action's requirements.</p>"
		},
		{
			"id": "Stance: Peafowl Stance",
			"name": "Stance: Peafowl Stance",
			"description": "<p>Granted by @Compendium[pf2e.feats-srd.C3MgEkPNaIhTddbr]{Peafowl Stance}</p>\n<p>You enter a tall and proud stance while remaining mobile, with all the grace and composure of a peafowl.</p>\n<p>While in this stance, the only Strikes you can make are melee Strikes with the required sword. Once per round, after you hit with a monk sword Strike, you can Step as a free action as your next action.</p>"
		},
		{
			"id": "Stance: Point-Blank Shot",
			"name": "Stance: Point-Blank Shot",
			"description": "<p>Granted by @Compendium[pf2e.feats-srd.Yl2wYv24v5kw95aS]{Point-Blank Shot}.</p>\n<p>When using a ranged weapon that doesn't have the volley trait, you gain a +2 circumstance bonus to damage rolls on attacks against targets within the weapon's first range increment.</p>"
		},
		{
			"id": "Stance: Rain of Embers Stance",
			"name": "Stance: Rain of Embers Stance",
			"description": "<p>Granted by @Compendium[pf2e.feats-srd.rbiMK71SvGZGRLJ1]{Rain of Embers Stance}</p>\n<p>You enter the stance of an enraged phoenix, holding your fingers as rigid as deadly talons while moving with quick, flickering gestures that dance with biting flames. The only Strikes you can make are fire talon Strikes. These deal 1d4 fire damage; are in the brawling group; and have the agile, finesse, fire, nonlethal, and unarmed traits.</p>\n<p>While in Rain of Embers Stance, you gain a +1 status bonus to AC and fire resistance equal to half your level (minimum 1).</p>"
		},
		{
			"id": "Stance: Shooting Stars Stance",
			"name": "Stance: Shooting Stars Stance",
			"description": "<p>Granted by @Compendium[pf2e.feats-srd.6cQSPqXoAO6oJl0i]{Shooting Stars Stance}</p>\n<p>You enter a stance that lets you throw shuriken with lightning speed.</p>\n<p>While in this stance, you can use your monk feats or monk abilities that normally require unarmed attacks with shuriken instead.</p>"
		},
		{
			"id": "Stance: Six Pillars Stance",
			"name": "Stance: Six Pillars Stance",
			"description": "<p>@Compendium[pf2e.feats-srd.hT0pVPqFuiEsmRb8]{Six Pillars Stance}</p>\n<p><strong>Requirements</strong> You are unarmored.</p>\n<p>You stand firm, steeling your mind and body, allowing you to use your magic unperturbed. While in this stance, you gain a +4 circumstance bonus to AC against reactions triggered by using actions with the concentrate or manipulate traits. In addition, when you cast a spell that requires one or more actions while in this stance, your unarmed Strikes gain a +1 circumstance bonus to damage.</p>"
		},
		{
			"id": "Stance: Sky and Heaven Stance",
			"name": "Stance: Sky and Heaven Stance",
			"description": "<p>Granted by @Compendium[pf2e.feats-srd.UjEeHamC2C8JfgJz]{Sky and Heaven Stance}</p>\n<p>You enter a stance perfected by past champions of the Challenge of Sky and Heaven, allowing you to make jagged strikes like flashes of lightning through the sky. The only Strikes you can make are skyward slash unarmed attacks. These unarmed attacks deal 1d10 slashing damage; are in the brawling group; and have the nonlethal, unarmed, and versatile P traits.</p>\n<p>While in Sky and Heaven Stance, you gain resistance 2 to electricity and resistance 2 to sonic damage. These resistances increase to 5 at 12th level and to 8 at 18th level.</p>"
		},
		{
			"id": "Stance: Stoked Flame Stance",
			"name": "Stance: Stoked Flame Stance",
			"description": "<p><strong>Requirements</strong> You're unarmored.</p>\n<hr />\n<p>You enter a stance of fast, fiery movements. You can make flashing spark attacks that deal 1d8 slashing damage. They are in the brawling group and have the forceful, nonlethal, sweep, and unarmed traits. If you have access to the flashing sparks' critical specialization effect, you can take an alternate effect instead: if your critical Strike dealt damage, the target takes 1d6 persistent fire damage.</p>\n<p>While in Stoked Flame Stance, you gain a +5-foot status bonus to your Speed. If you have incredible movement, increase the benefit from incredible movement to a +15-foot status bonus plus 5 feet for every 4 levels beyond 3rd.</p>\n<hr />\n<p><strong>Special</strong> This feat gains your choice of either the divine or occult trait, matching your ki spell tradition if possible.</p>"
		},
		{
			"id": "Stance: Stumbling Stance",
			"name": "Stance: Stumbling Stance",
			"description": "<p>Granted by @Compendium[pf2e.feats-srd.7FRYyKXDKjGoANYj]{Stumbling Stance}</p>\n<p>You enter a seemingly unfocused stance that mimics the movements of the inebriated—bobbing, weaving, leaving false openings, and distracting your enemies from your true movements. While in this stance, you gain a +1 circumstance bonus to Deception checks to @Compendium[pf2e.actionspf2e.QNAVeNKtHA0EUw4X]{Feint}.</p>\n<p>The only Strikes you can make are stumbling swing unarmed attacks. These deal 1d8 bludgeoning damage; are in the brawling group; and have the agile, backstabber, finesse, nonlethal, and unarmed traits. If an enemy hits you with a melee Strike while in this stance, it becomes flat-footed against the next stumbling swing Strike you make against it before the end of your next turn.</p>"
		},
		{
			"id": "Stance: Tangled Forest Stance",
			"name": "Stance: Tangled Forest Stance",
			"description": "<p>Granted by @Compendium[pf2e.feats-srd.2tUdsoPEnW9yS8so]{Tangled Forest Stance}</p>\n<p>You extend your arms like gnarled branches to interfere with your foes' movements. You can make lashing branch unarmed attacks. These deal 1d8 slashing damage; are in the brawling group; and have the agile, finesse, nonlethal, and unarmed traits.</p>\n<p>While you're in Tangled Forest Stance and can act, every enemy in your reach that tries to move away from you must succeed at a Reflex save, Acrobatics check, or Athletics check against your class DC or be immobilized for that action. If you prefer, you can allow the enemy to move.</p>"
		},
		{
			"id": "Stance: Tiger Stance",
			"name": "Stance: Tiger Stance",
			"description": "<p>Granted by @Compendium[pf2e.feats-srd.VCjAlOvjNvFJOsG5]{Tiger Stance}</p>\n<p>You enter the stance of a tiger and can make tiger claw attacks. These deal 1d8 slashing damage; are in the brawling group; and have the agile, finesse, nonlethal, and unarmed traits.</p>\n<p>On a critical success with your tiger claws, if you deal damage, the target takes @Localize[PF2E.PersistentDamage.Bleed1d4.success].</p>\n<p>As long as your Speed is at least 20 feet while in Tiger Stance, you can Step 10 feet.</p>"
		},
		{
			"id": "Stance: Vitality-Manipulation Stance",
			"name": "Stance: Vitality-Manipulation Stance",
			"description": "<p>You have learned to attack meridians and pressure points like your rival Shino Hakusa. You gain a vitality blast ranged unarmed Strike that deals [[/r {1d4}[negative]]]{1d4 negative damage}, has a range of 30 feet, and has the unarmed and versatile positive traits.</p>\n<p>Additionally, when you use Stunning Fist, instead of saving against being stunned, you can choose to have the target make a Fortitude save against your class DC with the following results. You must choose to do this before the target rolls its save.</p>\n<hr />\n<p><strong>Critical Success</strong> The target is unaffected.</p>\n<p><strong>Success</strong> The target's muscles become temporarily weaker. For 1 round, the target is @Compendium[pf2e.conditionitems.MIRkyAjyBeXivMa7]{Enfeebled 2}, and any time it attempts to take an action with the manipulate trait, the action is disrupted unless it succeeds at a flat check with a DC equal to 5 + its enfeebled value.</p>\n<p><strong>Failure</strong> As success, but the duration is 1 minute.</p>\n<p><strong>Critical Failure</strong> As success, but the duration is 1 minute, the flat check is DC 11, and the target takes -10-foot status penalty to all Speeds for the duration.</p>"
		},
		{
			"id": "Stance: Whirling Blade Stance",
			"name": "Stance: Whirling Blade Stance",
			"description": "<p>Granted by @Compendium[pf2e.feats-srd.IaiEZaA8erufMUCr]{Whirling Blade Stance}</p>\n<p>You enter a mindful stance that creates a deep connection between you and your monk weapons, allowing you to manipulate them with your ki even at a distance.</p>\n<p>All melee Monk weapons you wield with the finesse trait gain the thrown 10 feet trait (unless they already have the thrown trait with a greater range).</p>\n<p>Once you've made a thrown Strike with such a weapon, you can use the precision of your throw to make additional Strikes with it, even from a distance. Start from the space of the previous Strike's target to determine the range increment and whether the new target has cover. At the end of your turn, the thrown weapon flies directly back to you in a straight line. If a solid barrier blocks its path, it falls to the ground after hitting the barrier.</p>"
		},
		{
			"id": "Stance: Wild Winds Stance",
			"name": "Stance: Wild Winds Stance",
			"description": "<p>Granted by <em>@Compendium[pf2e.spells-srd.SkarN4VlNxSJSJNw]{Wild Winds Stance}</em></p>\n<p>You take on the stance of the flowing winds, sending out waves of energy at a distance.</p>\n<p>You can make wind crash unarmed Strikes as ranged Strikes against targets within 30 feet. These deal 1d6 bludgeoning damage, use the brawling group, and have the agile, nonlethal, propulsive, and unarmed traits. Wind crash Strikes ignore concealment and all cover.</p>\n<p>While in wild winds stance, you gain a +2 circumstance bonus to AC against ranged attacks.</p>"
		},
		{
			"id": "Stance: Wolf Stance",
			"name": "Stance: Wolf Stance",
			"description": "<p>Granted by @Compendium[pf2e.feats-srd.AN9jY1JVcU20Qdw6]{Wolf Stance}</p>\n<p>You enter the stance of a wolf, low to the ground with your hands held like fanged teeth. You can make wolf jaw unarmed attacks. These deal 1d8 piercing damage; are in the brawling group; and have the agile, backstabber, finesse, nonlethal, and unarmed traits.</p>\n<p>If you're flanking a target while in Wolf Stance, your wolf jaw unarmed attacks also gain the trip trait.</p>"
		}
	]
}