{
	"label": "La caída de Piedraplaga",
	"entries": [
		{
			"id": "Alchemical Drudge",
			"name": "Esclavo alquímico"
		},
		{
			"id": "Bee Swarm",
			"name": "Enjambre de abejas"
		},
		{
			"id": "Blood Ooze",
			"name": "Cieno de sangre"
		},
		{
			"id": "Bloodlash Bush",
			"name": "Arbusto azotasangre"
		},
		{
			"id": "Caustic Wolf",
			"name": "Lobo caústico"
		},
		{
			"id": "Drunken Farmer",
			"name": "Granjero borracho"
		},
		{
			"id": "Falling Debris",
			"name": "Caída de escombros"
		},
		{
			"id": "Fiery Leopard",
			"name": "Leopardo llameante"
		},
		{
			"id": "Giant Lightning Serpent",
			"name": "Serpiente de relámpago gigante"
		},
		{
			"id": "Graytusk",
			"name": "Colmillo Gris"
		},
		{
			"id": "Hallod",
			"name": "Hallod"
		},
		{
			"id": "Ice Fall Trap",
			"name": "Trampa de cascada de hielo"
		},
		{
			"id": "Icy Rat",
			"name": "Rata gélida"
		},
		{
			"id": "Lord Nar",
			"name": "Lord Nar"
		},
		{
			"id": "Mangy Wolf",
			"name": "Lobo sarnoso"
		},
		{
			"id": "Mutant Wolf",
			"name": "Lobo mutante"
		},
		{
			"id": "Orc Alchemist",
			"name": "Orco alquimista"
		},
		{
			"id": "Poisoned Lock",
			"name": "Cerradura envenenada"
		},
		{
			"id": "Spear Launcher",
			"name": "Lanza-arpones"
		},
		{
			"id": "Stone Horse",
			"name": "Caballo de piedra"
		},
		{
			"id": "The Amalgam",
			"name": "La Amalgama"
		},
		{
			"id": "The Behemoth",
			"name": "El Behemoth"
		},
		{
			"id": "The Sculptor",
			"name": "El escultor"
		},
		{
			"id": "Vilree",
			"name": "Vilree"
		},
		{
			"id": "Vine Lasher",
			"name": "Enredadera azotadora"
		}
	]
}