{
	"label": "Fists of the Ruby Phoenix",
	"entries": [
		{
			"id": "Abbot Tsujon",
			"name": "Abbot Tsujon"
		},
		{
			"id": "Agile Warrior",
			"name": "Agile Warrior"
		},
		{
			"id": "Agile Warrior (Nightmares)",
			"name": "Agile Warrior (Nightmares)"
		},
		{
			"id": "Air Rift",
			"name": "Air Rift"
		},
		{
			"id": "Akila Stormheel",
			"name": "Akila Stormheel"
		},
		{
			"id": "Amihan",
			"name": "Amihan"
		},
		{
			"id": "Angoyang",
			"name": "Angoyang"
		},
		{
			"id": "Anugobu Apprentice",
			"name": "Anugobu Apprentice"
		},
		{
			"id": "Anugobu Wondercrafter",
			"name": "Anugobu Wondercrafter"
		},
		{
			"id": "Archery Specialist",
			"name": "Archery Specialist"
		},
		{
			"id": "Arms of Balance (Jivati Rovat)",
			"name": "Arms of Balance (Jivati Rovat)"
		},
		{
			"id": "Arms of Balance (Pravan Majinapti)",
			"name": "Arms of Balance (Pravan Majinapti)"
		},
		{
			"id": "Arms of Balance (Ranya Shibhatesh)",
			"name": "Arms of Balance (Ranya Shibhatesh)"
		},
		{
			"id": "Arms of Balance (Usvani)",
			"name": "Arms of Balance (Usvani)"
		},
		{
			"id": "Artus Rodrivan",
			"name": "Artus Rodrivan"
		},
		{
			"id": "Berberoka",
			"name": "Berberoka"
		},
		{
			"id": "Blue Viper (Level 14)",
			"name": "Blue Viper (Level 14)"
		},
		{
			"id": "Blue Viper (Level 16)",
			"name": "Blue Viper (Level 16)"
		},
		{
			"id": "Blue Viper (Level 20)",
			"name": "Blue Viper (Level 20)"
		},
		{
			"id": "Broken Rebus Attack",
			"name": "Broken Rebus Attack"
		},
		{
			"id": "Bul-Gae",
			"name": "Bul-Gae"
		},
		{
			"id": "Butterfly Blade Warrior",
			"name": "Butterfly Blade Warrior"
		},
		{
			"id": "Canopy Elder",
			"name": "Canopy Elder"
		},
		{
			"id": "Caustic Monitor",
			"name": "Caustic Monitor"
		},
		{
			"id": "Cloudsplitter",
			"name": "Cloudsplitter"
		},
		{
			"id": "Collapsing Structure",
			"name": "Collapsing Structure"
		},
		{
			"id": "Dancing Night Parade",
			"name": "Dancing Night Parade"
		},
		{
			"id": "Desecrated Guardian",
			"name": "Desecrated Guardian"
		},
		{
			"id": "Dimensional Darkside Mirror",
			"name": "Dimensional Darkside Mirror"
		},
		{
			"id": "Drake Courser",
			"name": "Drake Courser"
		},
		{
			"id": "Dread Roc",
			"name": "Dread Roc"
		},
		{
			"id": "Dromornis",
			"name": "Dromornis"
		},
		{
			"id": "Elder Cauthooj",
			"name": "Elder Cauthooj"
		},
		{
			"id": "Floating Flamethrower",
			"name": "Floating Flamethrower"
		},
		{
			"id": "Flying Mountain Kaminari",
			"name": "Flying Mountain Kaminari"
		},
		{
			"id": "Freezing Floor Tiles",
			"name": "Freezing Floor Tiles"
		},
		{
			"id": "Ghost Monk",
			"name": "Ghost Monk"
		},
		{
			"id": "Golarion's Finest (Brartork)",
			"name": "Golarion's Finest (Brartork)"
		},
		{
			"id": "Golarion's Finest (Han)",
			"name": "Golarion's Finest (Han)"
		},
		{
			"id": "Golarion's Finest (Jun)",
			"name": "Golarion's Finest (Jun)"
		},
		{
			"id": "Golarion's Finest (Krankkiss)",
			"name": "Golarion's Finest (Krankkiss)"
		},
		{
			"id": "Golarion's Finest (Mingyu)",
			"name": "Golarion's Finest (Mingyu)"
		},
		{
			"id": "Golarion's Finest (Numoriz)",
			"name": "Golarion's Finest (Numoriz)"
		},
		{
			"id": "Golarion's Finest (Paunnima)",
			"name": "Golarion's Finest (Paunnima)"
		},
		{
			"id": "Golarion's Finest (Rajna)",
			"name": "Golarion's Finest (Rajna)"
		},
		{
			"id": "Gomwai",
			"name": "Gomwai"
		},
		{
			"id": "Grandfather Mantis",
			"name": "Grandfather Mantis"
		},
		{
			"id": "Grave Spinosaurus",
			"name": "Grave Spinosaurus"
		},
		{
			"id": "Gumiho",
			"name": "Gumiho"
		},
		{
			"id": "Halspin the Stung",
			"name": "Halspin the Stung"
		},
		{
			"id": "Hana's Hundreds",
			"name": "Hana's Hundreds"
		},
		{
			"id": "Hantu Belian",
			"name": "Hantu Belian"
		},
		{
			"id": "Hantu Denai",
			"name": "Hantu Denai"
		},
		{
			"id": "Huldrin Skolsdottir",
			"name": "Huldrin Skolsdottir"
		},
		{
			"id": "Hummingbird",
			"name": "Hummingbird"
		},
		{
			"id": "Inmyeonjo",
			"name": "Inmyeonjo"
		},
		{
			"id": "Jaiban",
			"name": "Jaiban"
		},
		{
			"id": "Ji-yook (Gumiho Form)",
			"name": "Ji-yook (Gumiho Form)"
		},
		{
			"id": "Ji-yook (Level 13)",
			"name": "Ji-yook (Level 13)"
		},
		{
			"id": "Ji-yook (Level 9)",
			"name": "Ji-yook (Level 9)"
		},
		{
			"id": "Jin-hae",
			"name": "Jin-hae"
		},
		{
			"id": "Joon-seo",
			"name": "Joon-seo"
		},
		{
			"id": "Juspix Rammel",
			"name": "Juspix Rammel"
		},
		{
			"id": "Kannitri",
			"name": "Kannitri"
		},
		{
			"id": "Kas Xi Rai",
			"name": "Kas Xi Rai"
		},
		{
			"id": "Ki Adept",
			"name": "Ki Adept"
		},
		{
			"id": "Ki Adept (Ahmoza Twins)",
			"name": "Ki Adept (Ahmoza Twins)"
		},
		{
			"id": "Koto Zekora",
			"name": "Koto Zekora"
		},
		{
			"id": "Kun",
			"name": "Kun"
		},
		{
			"id": "Lantondo",
			"name": "Lantondo"
		},
		{
			"id": "Laruhao",
			"name": "Laruhao"
		},
		{
			"id": "Lophiithu",
			"name": "Lophiithu"
		},
		{
			"id": "Maalya",
			"name": "Maalya"
		},
		{
			"id": "Mafika Ayuwari",
			"name": "Mafika Ayuwari"
		},
		{
			"id": "Mage of Many Styles",
			"name": "Mage of Many Styles"
		},
		{
			"id": "Mammoth Turtle",
			"name": "Mammoth Turtle"
		},
		{
			"id": "Manananggal",
			"name": "Manananggal"
		},
		{
			"id": "Master Xun",
			"name": "Master Xun"
		},
		{
			"id": "Melodic Squall",
			"name": "Melodic Squall"
		},
		{
			"id": "Minister of Tumult",
			"name": "Minister of Tumult"
		},
		{
			"id": "Mogaru's Breath",
			"name": "Mogaru's Breath"
		},
		{
			"id": "Muckish Creep",
			"name": "Muckish Creep"
		},
		{
			"id": "Nai Yan Fei",
			"name": "Nai Yan Fei"
		},
		{
			"id": "Old Man Statue",
			"name": "Old Man Statue"
		},
		{
			"id": "Orochi",
			"name": "Orochi"
		},
		{
			"id": "Peng",
			"name": "Peng"
		},
		{
			"id": "Phuthi",
			"name": "Phuthi"
		},
		{
			"id": "Planar Terra-cotta Soldier",
			"name": "Planar Terra-cotta Soldier"
		},
		{
			"id": "Planar Terra-cotta Squadron",
			"name": "Planar Terra-cotta Squadron"
		},
		{
			"id": "Portal Eater",
			"name": "Portal Eater"
		},
		{
			"id": "Provincial Jiang-shi",
			"name": "Provincial Jiang-shi"
		},
		{
			"id": "Quaking Footfall",
			"name": "Quaking Footfall"
		},
		{
			"id": "Rai Sho Disciple",
			"name": "Rai Sho Disciple"
		},
		{
			"id": "Rai Sho Postulant",
			"name": "Rai Sho Postulant"
		},
		{
			"id": "Ran-to (Level 14)",
			"name": "Ran-to (Level 14)"
		},
		{
			"id": "Ran-to (Level 16)",
			"name": "Ran-to (Level 16)"
		},
		{
			"id": "Ran-to (Level 20)",
			"name": "Ran-to (Level 20)"
		},
		{
			"id": "Razu",
			"name": "Razu"
		},
		{
			"id": "Rivka (Cimurlian)",
			"name": "Rivka (Cimurlian)"
		},
		{
			"id": "Rivka (Igroon)",
			"name": "Rivka (Igroon)"
		},
		{
			"id": "Rivka (Kujiba)",
			"name": "Rivka (Kujiba)"
		},
		{
			"id": "Rivka (Mogaru)",
			"name": "Rivka (Mogaru)"
		},
		{
			"id": "Rivka (Yorak)",
			"name": "Rivka (Yorak)"
		},
		{
			"id": "Sand Whirlwind",
			"name": "Sand Whirlwind"
		},
		{
			"id": "Sanzuwu",
			"name": "Sanzuwu"
		},
		{
			"id": "Shadow Yai",
			"name": "Shadow Yai"
		},
		{
			"id": "Shino Hakusa (Level 14)",
			"name": "Shino Hakusa (Level 14)"
		},
		{
			"id": "Shino Hakusa (Level 16)",
			"name": "Shino Hakusa (Level 16)"
		},
		{
			"id": "Shino Hakusa (Level 20)",
			"name": "Shino Hakusa (Level 20)"
		},
		{
			"id": "Sigbin",
			"name": "Sigbin"
		},
		{
			"id": "Sixth Pillar Student",
			"name": "Sixth Pillar Student"
		},
		{
			"id": "Spinel Leviathan Syndara",
			"name": "Spinel Leviathan Syndara"
		},
		{
			"id": "Spirit Turtle",
			"name": "Spirit Turtle"
		},
		{
			"id": "Sthira",
			"name": "Sthira"
		},
		{
			"id": "Surjit Hamelan",
			"name": "Surjit Hamelan"
		},
		{
			"id": "Swatting Tail",
			"name": "Swatting Tail"
		},
		{
			"id": "Syndara the Sculptor",
			"name": "Syndara the Sculptor"
		},
		{
			"id": "Syu Tak-nwa (Level 14)",
			"name": "Syu Tak-nwa (Level 14)"
		},
		{
			"id": "Syu Tak-nwa (Level 16)",
			"name": "Syu Tak-nwa (Level 16)"
		},
		{
			"id": "Syu Tak-nwa (Level 20)",
			"name": "Syu Tak-nwa (Level 20)"
		},
		{
			"id": "Taiga Yai",
			"name": "Taiga Yai"
		},
		{
			"id": "Takatorra (Daitengu Form)",
			"name": "Takatorra (Daitengu Form)"
		},
		{
			"id": "Takatorra (Level 13)",
			"name": "Takatorra (Level 13)"
		},
		{
			"id": "Takatorra (Level 9)",
			"name": "Takatorra (Level 9)"
		},
		{
			"id": "Tamikan",
			"name": "Tamikan"
		},
		{
			"id": "Tino (Oni Form)",
			"name": "Tino (Oni Form)"
		},
		{
			"id": "Tino Tung (Level 13)",
			"name": "Tino Tung (Level 13)"
		},
		{
			"id": "Tino Tung (Level 9)",
			"name": "Tino Tung (Level 9)"
		},
		{
			"id": "Troff Frostknuckles",
			"name": "Troff Frostknuckles"
		},
		{
			"id": "Tyrannosaurus Imperator",
			"name": "Tyrannosaurus Imperator"
		},
		{
			"id": "Umbasi",
			"name": "Umbasi"
		},
		{
			"id": "Urnak Lostwind",
			"name": "Urnak Lostwind"
		},
		{
			"id": "Watchtower Poltergeist",
			"name": "Watchtower Poltergeist"
		},
		{
			"id": "Watchtower Shadow",
			"name": "Watchtower Shadow"
		},
		{
			"id": "Watchtower Wraith",
			"name": "Watchtower Wraith"
		},
		{
			"id": "Weapon Master",
			"name": "Weapon Master"
		},
		{
			"id": "Weapon Master (Under the Pale Sun Dervishes)",
			"name": "Weapon Master (Under the Pale Sun Dervishes)"
		},
		{
			"id": "Wronged Monk's Wrath",
			"name": "Wronged Monk's Wrath"
		},
		{
			"id": "Yabin (White Serpent Form)",
			"name": "Yabin (White Serpent Form)"
		},
		{
			"id": "Yabin the Just (Level 13)",
			"name": "Yabin the Just (Level 13)"
		},
		{
			"id": "Yabin the Just (Level 9)",
			"name": "Yabin the Just (Level 9)"
		},
		{
			"id": "Yarrika Mulandez",
			"name": "Yarrika Mulandez"
		},
		{
			"id": "Yoh Souran",
			"name": "Yoh Souran"
		}
	]
}