{
	"label": "Familiar Abilities",
	"entries": [
		{
			"id": "Accompanist",
			"name": "Accompanist",
			"description": "<p>Your familiar helps you perform. Whenever you attempt a Performance check, if your familiar is nearby and can act, it accompanies you with chirps, claps, or its own miniature instrument. This grants you a +1 circumstance bonus, or +2 if you're a master in Performance.</p>"
		},
		{
			"id": "Ambassador",
			"name": "Ambassador",
			"description": "<p>Your familiar knows how to act cute or focused on cue, helping you make a good impression.</p>\n<p>Despite being a minion, your familiar gains 1 reaction at the start of its turns, which it can use only to @Compendium[pf2e.actionspf2e.HCl3pzVefiv9ZKQW]{Aid} you on a Diplomacy check to @Compendium[pf2e.actionspf2e.OX4fy22hQgUHDr0q]{Make an Impression} (it still has to prepare to help you as normal for the Aid reaction, which requires it to participate throughout the activity).</p>\n<p>It automatically succeeds at its check to Aid you with those skills or automatically critically succeeds if you're a master of the skill in question.</p>"
		},
		{
			"id": "Amphibious",
			"name": "Amphibious",
			"description": "<p>It gains a swim Speed of 25 feet (or Speed of 25 feet if it already has a swim Speed).</p>"
		},
		{
			"id": "Burrower",
			"name": "Burrower",
			"description": "<p>It gains a burrow Speed of 5 feet, allowing it to dig Tiny holes.</p>"
		},
		{
			"id": "Cantrip Connection",
			"name": "Cantrip Connection",
			"description": "<p>You can prepare an additional cantrip, or if you have a repertoire, instead designate a cantrip to add to your repertoire every time you select this ability; you can retrain it but can't otherwise change it. You must be able to prepare cantrips or add them to your repertoire to select this.</p>"
		},
		{
			"id": "Climber",
			"name": "Climber",
			"description": "<p>It gains a climb Speed of 25 feet.</p>"
		},
		{
			"id": "Damage Avoidance: Fortitude",
			"name": "Damage Avoidance: Fortitude",
			"description": "<p>It takes no damage when it succeeds at Fortitude saves; this doesn't prevent effects other than damage.</p>"
		},
		{
			"id": "Damage Avoidance: Reflex",
			"name": "Damage Avoidance: Reflex",
			"description": "<p>It takes no damage when it succeeds at Reflex saves; this doesn't prevent effects other than damage.</p>"
		},
		{
			"id": "Damage Avoidance: Will",
			"name": "Damage Avoidance: Will",
			"description": "<p>It takes no damage when it succeeds at Will saves; this doesn't prevent effects other than damage.</p>"
		},
		{
			"id": "Darkeater",
			"name": "Darkeater",
			"description": "<p>Your familiar naturally recovers in the shadows. After spending 10 consecutive minutes in an area of dim light or darkness, your familiar recovers a number of Hit Points equal to half your level.</p>\n<p>This ability is for a shadow familiar. A shadowcaster, however, can select this ability for any kind of familiar.</p>"
		},
		{
			"id": "Darkvision",
			"name": "Darkvision",
			"description": "<p>It gains darkvision.</p>"
		},
		{
			"id": "Extra Reagents",
			"name": "Extra Reagents",
			"description": "<p>Your familiar grows extra infused reagents on or in its body. You gain an additional batch of infused reagents. You must have the infused reagents ability to select this ability.</p>"
		},
		{
			"id": "Familiar Focus",
			"name": "Familiar Focus",
			"description": "<p>Once per day, your familiar can use 2 actions with the concentrate trait to restore 1 Focus Point to your focus pool, up to your usual maximum. You must have a focus pool to select this.</p>"
		},
		{
			"id": "Fast Movement: Climb",
			"name": "Fast Movement: Climb",
			"description": "<p>Increase the familiar's climb Speed from 25 feet to 40 feet.</p>"
		},
		{
			"id": "Fast Movement: Fly",
			"name": "Fast Movement: Fly",
			"description": "<p>Increase the familiar's fly Speed from 25 feet to 40 feet.</p>"
		},
		{
			"id": "Fast Movement: Land",
			"name": "Fast Movement: Land",
			"description": "<p>Increase the familiar's land Speed from 25 feet to 40 feet.</p>"
		},
		{
			"id": "Fast Movement: Swim",
			"name": "Fast Movement: Swim",
			"description": "<p>Increase the familiar's swim Speed from 25 feet to 40 feet.</p>"
		},
		{
			"id": "Flier",
			"name": "Flier",
			"description": "<p>It gains a fly Speed of 25 feet.</p>"
		},
		{
			"id": "Focused Rejuvenation",
			"name": "Focused Rejuvenation",
			"description": "<p>When you Refocus, you generate magical energy that heals your familiar. Your familiar regains 1 Hit Point per level whenever you Refocus.</p>"
		},
		{
			"id": "Gills",
			"name": "Gills",
			"description": "<p>Your familiar grows a set of gills, allowing it to breathe water in addition to air.</p>"
		},
		{
			"id": "Grasping Tendrils",
			"name": "Grasping Tendrils",
			"description": "<p>Prequisites @Compendium[pf2e.feats-srd.baz18CdB13DVMHV9]{Leshy Familiar Secrets}</p>\n<p>Your familiar can extend vines or similar tendrils, increasing its reach to 15 feet.</p>"
		},
		{
			"id": "Greater Resistance",
			"name": "Greater Resistance",
			"description": "<p>Your familiar increases the resistance it gains from its resistance familiar ability to 3 + half your level. Your familiar must have the @Compendium[pf2e.familiar-abilities.FcQQLMAJMgOLjnSv]{Resistance} ability to select this.</p>"
		},
		{
			"id": "Independent",
			"name": "Independent",
			"description": "<p>In an encounter, if you don't Command your familiar, it still gains 1 action each round. Typically, you still decide how it spends that action, but, the GM might determine that your familiar chooses its own tactics rather than performing your preferred action. This doesn't work with @Compendium[pf2e.familiar-abilities.9PsptrEoCC4QdM23]{Valet} or similar abilities that require a command, if you're capable of riding your familiar, or similar situations.</p>"
		},
		{
			"id": "Innate Surge",
			"name": "Innate Surge",
			"description": "<p>Once per day, you can draw upon your familiar's innate magic to replenish your own. You can cast one innate spell gained from an ancestry feat that you have already cast today. You must still Cast the Spell and meet the spell's other requirements.</p>"
		},
		{
			"id": "Kinspeech",
			"name": "Kinspeech",
			"description": "<p>It can understand and speak with animals of the same species. To select this, your familiar must be an animal, it must have the speech ability, and you must be at least 6th level.</p>"
		},
		{
			"id": "Lab Assistant",
			"name": "Lab Assistant",
			"description": "<p>It can use your Quick Alchemy action. You must have Quick Alchemy, and your familiar must be in your space. This has the same cost and requirement as if you used it. It must have the manual dexterity ability to select this.</p>"
		},
		{
			"id": "Lifelink",
			"name": "Lifelink",
			"description": "<p>If your familiar would be reduced to 0 HP by damage, as a reaction with the concentrate trait, you can take the damage. If you do, you take all the damage and your familiar takes none. However, special effects that would occur due to that damage (such as snake venom) still apply to your familiar.</p>"
		},
		{
			"id": "Major Resistance",
			"name": "Major Resistance",
			"description": "<p>Your familiar increases the resistance it gains from its resistance familiar ability to a value equal to your level. To select this, your familiar must have the @Compendium[pf2e.familiar-abilities.zKTL9y9et0oTHEYS]{Greater Resistance} ability and you must be at least 8th level.</p>"
		},
		{
			"id": "Manual Dexterity",
			"name": "Manual Dexterity",
			"description": "<p>It can use up to two of its limbs as if they were hands to use manipulate actions.</p>"
		},
		{
			"id": "Mask Freeze",
			"name": "Mask Freeze",
			"description": "<p>When in mask form, your familiar can hide its obvious supernatural qualities to pass as a simple, unassuming mask. It doesn't need to Impersonate to fool a passing glance, and it gains a +4 circumstance bonus to its Deception DC against an active observer Seeking or otherwise studying it.</p>"
		},
		{
			"id": "Master's Form",
			"name": "Master's Form",
			"description": "<p>Your familiar can change shape as a single action, transforming into a humanoid of your ancestry with the same age, gender, and build of its true form, though it always maintains a clearly unnatural remnant of its nature, such as a cat's eyes or a serpent's tongue. This form is always the same each time it uses this ability. This otherwise uses the effects of <em>humanoid form</em>, except the change is purely cosmetic. It only appears humanoid and gains no new capabilities. Your familiar must have the manual dexterity and speech abilities to select this.</p>"
		},
		{
			"id": "Partner in Crime",
			"name": "Partner in Crime",
			"description": "<p>Your familiar is your criminal associate. Despite being a minion, your familiar gains 1 reaction at the start of its turns, which it can use only to Aid you on a Deception or Thievery skill check (it still has to prepare to help you as normal for the Aid reaction). It automatically succeeds at its check to Aid you with those skills or automatically critically succeeds if you're a master of the skill in question.</p>"
		},
		{
			"id": "Plant Form",
			"name": "Plant Form",
			"description": "<p>Your plant familiar can change shape as a single action, transforming into a Tiny plant of a type roughly similar to the familiar's nature. This otherwise uses the effects of <em>tree shape</em>. You must have a familiar with the plant trait, such as a leshy, to select this ability.</p>"
		},
		{
			"id": "Poison Reservoir",
			"name": "Poison Reservoir",
			"description": "<p>Your homunculus familiar has a reservoir for poison, allowing it to apply an injury poison to an adjacent ally's exposed weapon with a single Interact action. You must supply the poison and instill it into this reservoir using two consecutive Interact actions. You must have a homunculus familiar to select this ability.</p>"
		},
		{
			"id": "Purify Air",
			"name": "Purify Air",
			"description": "<p>Prequisites @Compendium[pf2e.feats-srd.baz18CdB13DVMHV9]{Leshy Familiar Secrets}</p>\n<p>Your familiar recycles air, providing enough oxygen for a Medium creature in areas with stale air, such as a sealed chamber or extradimensional space. If the leshy is within the area of an inhaled poison effect or an effect that relies on smell, creatures within a @Template[type:emanation|distance:15] from the leshy gain a +2 circumstance bonus to their saving throws against the effect.</p>"
		},
		{
			"id": "Recall Familiar",
			"name": "Recall Familiar",
			"description": "<p>You can summon your familiar to your side. Once per day, you can use a 3-action activity, which has the concentrate trait, to teleport your familiar to your space. Your familiar must be within 1 mile or the attempt to summon it fails. This is a conjuration and teleport effect.</p>"
		},
		{
			"id": "Resistance",
			"name": "Resistance",
			"description": "<p>Choose two of the following: acid, cold, electricity, fire, poison, or sonic. Your familiar gains resistance equal to half your level against the chosen damage types.</p>"
		},
		{
			"id": "Restorative Familiar",
			"name": "Restorative Familiar",
			"description": "<p>Once per day, your familiar can use 2 actions with the concentrate trait to give up some of its animating energy and heal you. It must be in your space to do so. You restore a number of Hit Points equal to [[/r max(floor(@actor.level/2)d8, 1d8)]]{1d8 times half your level} (minimum 1d8).</p>"
		},
		{
			"id": "Scent",
			"name": "Scent",
			"description": "<p>It gains scent (imprecise, 30 feet).</p>"
		},
		{
			"id": "Second Opinion",
			"name": "Second Opinion",
			"description": "<p>Your familiar is your academic confidant.</p>\n<p>Despite being a minion, your familiar gains 1 reaction at the start of its turns, which it can use only to @Compendium[pf2e.actionspf2e.HCl3pzVefiv9ZKQW]{Aid} you on a Recall Knowledge skill check for a skill in which it has the @Compendium[pf2e.familiar-abilities.jevzf9JbJJibpqaI]{Skilled} familiar ability (it still has to prepare to help you as normal for the Aid reaction).</p>\n<p>It automatically succeeds at its check to Aid you with those skills or automatically critically succeeds if you're a master of the skill in question. Your familiar must have the skilled ability to select this.</p>"
		},
		{
			"id": "Shadow Step",
			"name": "Shadow Step",
			"description": "<p>This ability is for a Shadow Familiar. A @Compendium[pf2e.feats-srd.ncrNQcwm4gOQRAA3]{Shadowcaster}, however, can select this ability for any kind of familiar. Your familiar gains the @Compendium[pf2e.actionspf2e.VQ5OxaDKE0lCj8Mr]{Shadow Step} action.</p>\n<p>You must be at least 7th level to select this familiar ability for your familiar.</p>"
		},
		{
			"id": "Share Senses",
			"name": "Share Senses",
			"description": "<p>Once every 10 minutes, you can use a single action with the concentrate trait to project your senses into your familiar. When you do, you lose all sensory information from your own body, but can sense through your familiar's body for up to 1 minute. You can Dismiss this effect.</p>"
		},
		{
			"id": "Skilled",
			"name": "Skilled",
			"description": "<p>Choose a skill other than Acrobatics or Stealth. Your familiar's modifier for that skill is equal to your level plus your key spellcasting ability modifier, rather than just your level. You can select this ability repeatedly, choosing a different skill each time.</p>"
		},
		{
			"id": "Snoop",
			"name": "Snoop",
			"description": "<p>Your familiar keeps its eyes and ears open, ready to relay every snippet of gossip it catches, helping you gather information.</p>\n<p>Despite being a minion, your familiar gains 1 reaction at the start of its turns, which it can use only to @Compendium[pf2e.actionspf2e.HCl3pzVefiv9ZKQW]{Aid} you on a Diplomacy check to @Compendium[pf2e.actionspf2e.plBGdZhqq5JBl1D8]{Gather Information} (it still has to prepare to help you as normal for the Aid reaction, which requires it to participate throughout the activity).</p>\n<p>It automatically succeeds at its check to Aid you with those skills or automatically critically succeeds if you're a master of the skill in question.</p>"
		},
		{
			"id": "Speech",
			"name": "Speech",
			"description": "<p>It understands and speaks a language you know.</p>"
		},
		{
			"id": "Spell Battery",
			"name": "Spell Battery",
			"description": "<p>You gain one additional spell slot at least 3 levels lower than your highest-level spell slot; you must be able to cast 4th-level spells using spell slots to select this master ability.</p>"
		},
		{
			"id": "Spell Delivery",
			"name": "Spell Delivery",
			"description": "<p>If your familiar is in your space, you can cast a spell with a range of touch, transfer its power to your familiar, and command the familiar to deliver the spell. If you do, the familiar uses its 2 actions for the round to move to a target of your choice and touch that target. If it doesn't reach the target to touch it this turn, the spell has no effect.</p>"
		},
		{
			"id": "Spellcasting",
			"name": "Spellcasting",
			"description": "<p>Choose a spell in your repertoire or that you prepared today at least 5 levels lower than your highest-level spell slot. Your familiar can Cast that Spell once per day using your magical tradition, spell attack modifier, and spell DC. If the spell has a drawback that affects the caster, both you and your familiar are affected. You must be able to cast 6th-level spells using spell slots to select this.</p>"
		},
		{
			"id": "Tattoo Transformation",
			"name": "Tattoo Transformation",
			"description": "<p>Your familiar can transform into a tattoo you carry on your flesh. When transformed into a tattoo, the familiar looks like a colorful and stylized version of itself and can't act except to turn back into a familiar. It isn't affected by area effects and must be targeted separately to affect it, which requires knowledge that it's a creature. This means you and your allies can heal or assist the familiar while most enemies stay unaware of its true nature. Creatures must attempt a @Check[type:perception|dc:20|showDC:all] check to Seek to realize a tattoo is actually a familiar (which few foes will try). Your familiar can still communicate its feelings empathically. Transforming into a tattoo or back to familiar form is a 1-minute activity that has the concentrate trait.</p>"
		},
		{
			"id": "Threat Display",
			"name": "Threat Display",
			"description": "<p>Your familiar helps you convey wordless threats through body language.</p>\n<p>Whenever you attempt an Intimidation check to @Compendium[pf2e.actionspf2e.2u915NdUyQan6uKF]{Demoralize} a creature, if your familiar is within 30 feet of your target and can act, it accompanies you with snarls, hisses, or raising its hackles.</p>\n<p>If it can do so, you don't take the normal -4 penalty on the Intimidation check if your target doesn't understand the language you're speaking.</p>"
		},
		{
			"id": "Toolbearer",
			"name": "Toolbearer",
			"description": "<p>Your familiar can carry a set of tools of up to light Bulk. So long as your familiar is adjacent to you, you can draw and replace the tools as part of the action that uses them as if you were wearing them. Your familiar must have the manual dexterity ability to select this.</p>"
		},
		{
			"id": "Touch Telepathy",
			"name": "Touch Telepathy",
			"description": "<p>Your familiar can telepathically communicate with you via touch. If it also has the speech ability, it can telepathically communicate via touch with any creature if they share a language.</p>"
		},
		{
			"id": "Tough",
			"name": "Tough",
			"description": "<p>Your familiar's max HP increase by 2 per level.</p>"
		},
		{
			"id": "Tremorsense",
			"name": "Tremorsense",
			"description": "<p>Your familiar is keenly aware of any vibrations traveling through a surface. It gains imprecise tremorsense with a range of 30 feet.</p>"
		},
		{
			"id": "Valet",
			"name": "Valet",
			"description": "<p>You can command your familiar to deliver you items more efficiently. Your familiar doesn't use its 2 actions immediately upon your command. Instead, up to twice before the end of your turn, you can have your familiar Interact to retrieve an item of light or negligible Bulk you are wearing and place it into one of your free hands. The familiar can't use this ability to retrieve stowed items. If the familiar has a different number of actions, it can retrieve one item for each action it has when commanded this way.</p>"
		},
		{
			"id": "Verdant Burst",
			"name": "Verdant Burst",
			"description": "<p>Prequisites @Compendium[pf2e.feats-srd.baz18CdB13DVMHV9]{Leshy Familiar Secrets}</p>\n<p>When your familiar dies,it releases its primal energy to cast the 3-action version of <em>@Compendium[pf2e.spells-srd.rfZpqmj0AIIdkVIs]{Heal}</em>, heightened to a level 1 lower than your highest-level spell slot. The <em>heal</em> spell gains a status bonus equal to twice the spell's level to the Hit Points it restores to plants. You must be able to cast 2nd-level spells using spell slots to select this familiar ability.</p>"
		},
		{
			"id": "Wavesense",
			"name": "Wavesense",
			"description": "<p>Your familiar can sense vibrations in the water. It gains imprecise wavesense with a range of 30 feet.</p>"
		}
	]
}