{
	"label": "PFS Introductions",
	"entries": [
		{
			"id": "Ancient Summoning Rune",
			"name": "Ancient Summoning Rune"
		},
		{
			"id": "Befuddled Thoughts",
			"name": "Befuddled Thoughts"
		},
		{
			"id": "Blood Hunger",
			"name": "Blood Hunger"
		},
		{
			"id": "Cheerful Tune",
			"name": "Cheerful Tune"
		},
		{
			"id": "Cleaning Agents",
			"name": "Cleaning Agents"
		},
		{
			"id": "Encouraging Supervision",
			"name": "Encouraging Supervision"
		},
		{
			"id": "Ghoul (PFS Intro 2)",
			"name": "Ghoul (PFS Intro 2)"
		},
		{
			"id": "Rain In Cloudy Day",
			"name": "Rain In Cloudy Day"
		},
		{
			"id": "Spiked Pit",
			"name": "Spiked Pit"
		},
		{
			"id": "Spite of the Righteous",
			"name": "Spite of the Righteous"
		},
		{
			"id": "Sun-Scorched Shadow Drake",
			"name": "Sun-Scorched Shadow Drake"
		},
		{
			"id": "Swamp Ooze",
			"name": "Swamp Ooze"
		},
		{
			"id": "Swampy Quicksand",
			"name": "Swampy Quicksand"
		}
	]
}