{
	"label": "Night of the Gray Death",
	"entries": [
		{
			"id": "Chakanaj",
			"name": "Chakanaj"
		},
		{
			"id": "Conqueror Worm",
			"name": "Conqueror Worm"
		},
		{
			"id": "Gray Death",
			"name": "Gray Death"
		},
		{
			"id": "Gray Gardener Assassin",
			"name": "Gray Gardener Assassin"
		},
		{
			"id": "Gray Gardener Director General",
			"name": "Gray Gardener Director General"
		},
		{
			"id": "Gray Gardener Enforcer",
			"name": "Gray Gardener Enforcer"
		},
		{
			"id": "Guillotine Golem",
			"name": "Guillotine Golem"
		},
		{
			"id": "Keznin Nevarmo",
			"name": "Keznin Nevarmo"
		},
		{
			"id": "Mateena Lumlin",
			"name": "Mateena Lumlin"
		},
		{
			"id": "Miss Whisper",
			"name": "Miss Whisper"
		},
		{
			"id": "Pageant Troupe",
			"name": "Pageant Troupe"
		},
		{
			"id": "Pendulum Pit",
			"name": "Pendulum Pit"
		},
		{
			"id": "Planar Eviction Trap",
			"name": "Planar Eviction Trap"
		},
		{
			"id": "Riekanoy",
			"name": "Riekanoy"
		},
		{
			"id": "Tumblak",
			"name": "Tumblak"
		},
		{
			"id": "Worm Prophet",
			"name": "Worm Prophet"
		},
		{
			"id": "Zintaya Calbieste",
			"name": "Zintaya Calbieste"
		}
	]
}