{
	"label": "Season 1",
	"entries": [
		{
			"id": "'Zombie' Flesh Golem (3-4)",
			"name": "'Zombie' Flesh Golem (3-4)"
		},
		{
			"id": "'Zombie' Flesh Golem (5-6)",
			"name": "'Zombie' Flesh Golem (5-6)"
		},
		{
			"id": "Acid Spray Fountain",
			"name": "Acid Spray Fountain"
		},
		{
			"id": "Adolescent Sea Serpent",
			"name": "Adolescent Sea Serpent"
		},
		{
			"id": "Aeon Nexus (3-4)",
			"name": "Aeon Nexus (3-4)"
		},
		{
			"id": "Aeon Nexus (5-6)",
			"name": "Aeon Nexus (5-6)"
		},
		{
			"id": "Ahksiva (1-2)",
			"name": "Ahksiva (1-2)"
		},
		{
			"id": "Ahksiva (3-4)",
			"name": "Ahksiva (3-4)"
		},
		{
			"id": "Ahrkinos (3-4)",
			"name": "Ahrkinos (3-4)"
		},
		{
			"id": "Ahrkinos (5-6)",
			"name": "Ahrkinos (5-6)"
		},
		{
			"id": "Angry Fox",
			"name": "Angry Fox"
		},
		{
			"id": "Animal Companion (wolf) (1-2)",
			"name": "Animal Companion (wolf) (1-2)"
		},
		{
			"id": "Animal Companion (wolf) (3-4)",
			"name": "Animal Companion (wolf) (3-4)"
		},
		{
			"id": "Ankle Trap (1-2)",
			"name": "Ankle Trap (1-2)"
		},
		{
			"id": "Ankle Trap (3-4)",
			"name": "Ankle Trap (3-4)"
		},
		{
			"id": "Annis Hag (1-06)",
			"name": "Annis Hag (1-06)"
		},
		{
			"id": "Automatic Fire Suppression (3-4)",
			"name": "Automatic Fire Suppression (3-4)"
		},
		{
			"id": "Automatic Fire Suppression (5-6)",
			"name": "Automatic Fire Suppression (5-6)"
		},
		{
			"id": "Bandit Disciple (1-2)",
			"name": "Bandit Disciple (1-2)"
		},
		{
			"id": "Bandit Disciple (3-4)",
			"name": "Bandit Disciple (3-4)"
		},
		{
			"id": "Bandit Lieutenant",
			"name": "Bandit Lieutenant"
		},
		{
			"id": "Bandit Scout",
			"name": "Bandit Scout"
		},
		{
			"id": "Barbed Bloodseeker",
			"name": "Barbed Bloodseeker"
		},
		{
			"id": "Barralbus (1-2)",
			"name": "Barralbus (1-2)"
		},
		{
			"id": "Barralbus (3-4)",
			"name": "Barralbus (3-4)"
		},
		{
			"id": "Bijan And Zaynap Ohrlavi",
			"name": "Bijan And Zaynap Ohrlavi"
		},
		{
			"id": "Blue Streak Ambushers (5-6)",
			"name": "Blue Streak Ambushers (5-6)"
		},
		{
			"id": "Blue Streak Ambushers (7-8)",
			"name": "Blue Streak Ambushers (7-8)"
		},
		{
			"id": "Blue Streak Burglar",
			"name": "Blue Streak Burglar"
		},
		{
			"id": "Blue Streak Mage (5-6)",
			"name": "Blue Streak Mage (5-6)"
		},
		{
			"id": "Blue Streak Mage (7-8)",
			"name": "Blue Streak Mage (7-8)"
		},
		{
			"id": "Blue Streak Sentry",
			"name": "Blue Streak Sentry"
		},
		{
			"id": "Boggard Pit (3-4)",
			"name": "Boggard Pit (3-4)"
		},
		{
			"id": "Boggard Pit (5-6)",
			"name": "Boggard Pit (5-6)"
		},
		{
			"id": "Boggard Swampseer (PFS 1-24)",
			"name": "Boggard Swampseer (PFS 1-24)"
		},
		{
			"id": "Cairn Wight (PFS 1-20)",
			"name": "Cairn Wight (PFS 1-20)"
		},
		{
			"id": "Charlatan",
			"name": "Charlatan"
		},
		{
			"id": "Chops (1-2)",
			"name": "Chops (1-2)"
		},
		{
			"id": "Chops (3-4)",
			"name": "Chops (3-4)"
		},
		{
			"id": "Cinder Wolf",
			"name": "Cinder Wolf"
		},
		{
			"id": "Collapsing Barricade (1-2)",
			"name": "Collapsing Barricade (1-2)"
		},
		{
			"id": "Collapsing Barricade (3-4)",
			"name": "Collapsing Barricade (3-4)"
		},
		{
			"id": "Collapsing Ceiling (1-2)",
			"name": "Collapsing Ceiling (1-2)"
		},
		{
			"id": "Collapsing Ceiling (3-4)",
			"name": "Collapsing Ceiling (3-4)"
		},
		{
			"id": "Collapsing Floor",
			"name": "Collapsing Floor"
		},
		{
			"id": "Crowd Agitator",
			"name": "Crowd Agitator"
		},
		{
			"id": "Crowd Leader",
			"name": "Crowd Leader"
		},
		{
			"id": "Crowd with Chamberpots",
			"name": "Crowd with Chamberpots"
		},
		{
			"id": "Crowd with Trash",
			"name": "Crowd with Trash"
		},
		{
			"id": "Crumbling Floor",
			"name": "Crumbling Floor"
		},
		{
			"id": "Damaged Alchemical Golem",
			"name": "Damaged Alchemical Golem"
		},
		{
			"id": "Dead Organ (5-6)",
			"name": "Dead Organ (5-6)"
		},
		{
			"id": "Dead Organ (7-8)",
			"name": "Dead Organ (7-8)"
		},
		{
			"id": "Deadfall Trap (1-2)",
			"name": "Deadfall Trap (1-2)"
		},
		{
			"id": "Deadfall Trap (3-4)",
			"name": "Deadfall Trap (3-4)"
		},
		{
			"id": "Deeply Flawed Ritual",
			"name": "Deeply Flawed Ritual"
		},
		{
			"id": "Dehydrated Krooth",
			"name": "Dehydrated Krooth"
		},
		{
			"id": "Desert Wind",
			"name": "Desert Wind"
		},
		{
			"id": "Dilapidated Alchemical Golem",
			"name": "Dilapidated Alchemical Golem"
		},
		{
			"id": "Dire Cinder Wolf",
			"name": "Dire Cinder Wolf"
		},
		{
			"id": "Dire Warg",
			"name": "Dire Warg"
		},
		{
			"id": "Dockhand Cultist",
			"name": "Dockhand Cultist"
		},
		{
			"id": "Doctor Velshun (5-6)",
			"name": "Doctor Velshun (5-6)"
		},
		{
			"id": "Doctor Velshun (7-8)",
			"name": "Doctor Velshun (7-8)"
		},
		{
			"id": "Dorobu (1-2)",
			"name": "Dorobu (1-2)"
		},
		{
			"id": "Dorobu (3-4)",
			"name": "Dorobu (3-4)"
		},
		{
			"id": "Eerie Skeletal Giant",
			"name": "Eerie Skeletal Giant"
		},
		{
			"id": "Elderly Giant Tarantula",
			"name": "Elderly Giant Tarantula"
		},
		{
			"id": "Elite Boggard Swampseer (PFS 1-24, Animal Staff)",
			"name": "Elite Boggard Swampseer (PFS 1-24, Animal Staff)"
		},
		{
			"id": "Elite Boggard Swampseer (PFS 1-24, Staff)",
			"name": "Elite Boggard Swampseer (PFS 1-24, Staff)"
		},
		{
			"id": "Elite Duergar Taskmaster",
			"name": "Elite Duergar Taskmaster"
		},
		{
			"id": "Elite Glass River Midge",
			"name": "Elite Glass River Midge"
		},
		{
			"id": "Elite Prefect (Fist) (3-4)",
			"name": "Elite Prefect (Fist) (3-4)"
		},
		{
			"id": "Elite Rebel",
			"name": "Elite Rebel"
		},
		{
			"id": "Elite Sewer Ooze (Q9)",
			"name": "Elite Sewer Ooze (Q9)"
		},
		{
			"id": "Elite Skeletal Giant (1-18)",
			"name": "Elite Skeletal Giant (1-18)"
		},
		{
			"id": "Elite Waterworks Rebel",
			"name": "Elite Waterworks Rebel"
		},
		{
			"id": "Enraged Raven Swarm",
			"name": "Enraged Raven Swarm"
		},
		{
			"id": "Experienced Mercenary (1-07)",
			"name": "Experienced Mercenary (1-07)"
		},
		{
			"id": "Farmer Drystan's Scarecrow (1-2)",
			"name": "Farmer Drystan's Scarecrow (1-2)"
		},
		{
			"id": "Farmer Drystan's Scarecrow (3-4)",
			"name": "Farmer Drystan's Scarecrow (3-4)"
		},
		{
			"id": "Flaming Skull Skeletal Champion",
			"name": "Flaming Skull Skeletal Champion"
		},
		{
			"id": "Flaming Skull Skeleton Guard",
			"name": "Flaming Skull Skeleton Guard"
		},
		{
			"id": "Flawed Ritual",
			"name": "Flawed Ritual"
		},
		{
			"id": "Flesh Golem (1-25)",
			"name": "Flesh Golem (1-25)"
		},
		{
			"id": "Fleshforge Dreg (Acid Spit)",
			"name": "Fleshforge Dreg (Acid Spit)"
		},
		{
			"id": "Fleshforge Dreg (Breath Weapon)",
			"name": "Fleshforge Dreg (Breath Weapon)"
		},
		{
			"id": "Fleshforge Dreg (Leaping Charge)",
			"name": "Fleshforge Dreg (Leaping Charge)"
		},
		{
			"id": "Fleshforge Dreg (Reach)",
			"name": "Fleshforge Dreg (Reach)"
		},
		{
			"id": "Fleshforge Dreg (Shield)",
			"name": "Fleshforge Dreg (Shield)"
		},
		{
			"id": "Fleshforge Prototype (Acid Spit)",
			"name": "Fleshforge Prototype (Acid Spit)"
		},
		{
			"id": "Fleshforge Prototype (Breath Weapon)",
			"name": "Fleshforge Prototype (Breath Weapon)"
		},
		{
			"id": "Fleshforge Prototype (Leaping Charge)",
			"name": "Fleshforge Prototype (Leaping Charge)"
		},
		{
			"id": "Fleshforge Prototype (Reach)",
			"name": "Fleshforge Prototype (Reach)"
		},
		{
			"id": "Fleshforge Prototype (Roots)",
			"name": "Fleshforge Prototype (Roots)"
		},
		{
			"id": "Fleshforge Prototype (Shield)",
			"name": "Fleshforge Prototype (Shield)"
		},
		{
			"id": "Frog Swarm",
			"name": "Frog Swarm"
		},
		{
			"id": "Ghost Of Diggen Thrune (1-2)",
			"name": "Ghost Of Diggen Thrune (1-2)"
		},
		{
			"id": "Ghost Of Diggen Thrune (3-4)",
			"name": "Ghost Of Diggen Thrune (3-4)"
		},
		{
			"id": "Giant Osprey",
			"name": "Giant Osprey"
		},
		{
			"id": "Giant Short-faced Bear",
			"name": "Giant Short-faced Bear"
		},
		{
			"id": "Giant Shrew",
			"name": "Giant Shrew"
		},
		{
			"id": "Glass River Midge",
			"name": "Glass River Midge"
		},
		{
			"id": "Goblin Skeleton",
			"name": "Goblin Skeleton"
		},
		{
			"id": "Grasping Limbs (3-4)",
			"name": "Grasping Limbs (3-4)"
		},
		{
			"id": "Grasping Limbs (5-6)",
			"name": "Grasping Limbs (5-6)"
		},
		{
			"id": "Greater Metallic Sod Hound",
			"name": "Greater Metallic Sod Hound"
		},
		{
			"id": "Greater Shadow Wisp",
			"name": "Greater Shadow Wisp"
		},
		{
			"id": "Greater Steel Mephit",
			"name": "Greater Steel Mephit"
		},
		{
			"id": "Groetus's Chosen (1-2)",
			"name": "Groetus's Chosen (1-2)"
		},
		{
			"id": "Groetus's Chosen (3-4)",
			"name": "Groetus's Chosen (3-4)"
		},
		{
			"id": "Guard",
			"name": "Guard"
		},
		{
			"id": "Guard Captain",
			"name": "Guard Captain"
		},
		{
			"id": "Gwibble (1-2)",
			"name": "Gwibble (1-2)"
		},
		{
			"id": "Gwibble (3-4)",
			"name": "Gwibble (3-4)"
		},
		{
			"id": "Halfling Druid (1-2)",
			"name": "Halfling Druid (1-2)"
		},
		{
			"id": "Halfling Druid (3-4)",
			"name": "Halfling Druid (3-4)"
		},
		{
			"id": "Harsus (1-2)",
			"name": "Harsus (1-2)"
		},
		{
			"id": "Harsus (3-4)",
			"name": "Harsus (3-4)"
		},
		{
			"id": "Hogweed Leshy (1-2)",
			"name": "Hogweed Leshy (1-2)"
		},
		{
			"id": "Hogweed Leshy (3-4)",
			"name": "Hogweed Leshy (3-4)"
		},
		{
			"id": "House Cat",
			"name": "House Cat"
		},
		{
			"id": "Human Bandit (3-4)",
			"name": "Human Bandit (3-4)"
		},
		{
			"id": "Human Bandit (5-6)",
			"name": "Human Bandit (5-6)"
		},
		{
			"id": "Human Bandit (PFS 1-06)",
			"name": "Human Bandit (PFS 1-06)"
		},
		{
			"id": "Hungry Blade Apprentice",
			"name": "Hungry Blade Apprentice"
		},
		{
			"id": "Hungry Blade Recruit",
			"name": "Hungry Blade Recruit"
		},
		{
			"id": "Iloise (5-6)",
			"name": "Iloise (5-6)"
		},
		{
			"id": "Iloise (7-8)",
			"name": "Iloise (7-8)"
		},
		{
			"id": "Immature Giant Gecko",
			"name": "Immature Giant Gecko"
		},
		{
			"id": "Injured Sewer Ooze",
			"name": "Injured Sewer Ooze"
		},
		{
			"id": "Injured Weak Otyugh",
			"name": "Injured Weak Otyugh"
		},
		{
			"id": "Jury-Rigged Annihilator",
			"name": "Jury-Rigged Annihilator"
		},
		{
			"id": "Kanker",
			"name": "Kanker"
		},
		{
			"id": "Keff The Lion (1-2)",
			"name": "Keff The Lion (1-2)"
		},
		{
			"id": "Keff The Lion (3-4)",
			"name": "Keff The Lion (3-4)"
		},
		{
			"id": "Kip The Druid (1-2)",
			"name": "Kip The Druid (1-2)"
		},
		{
			"id": "Kip The Druid (3-4)",
			"name": "Kip The Druid (3-4)"
		},
		{
			"id": "Kobold Dragon Spellweaver",
			"name": "Kobold Dragon Spellweaver"
		},
		{
			"id": "Krooth Hatchlings",
			"name": "Krooth Hatchlings"
		},
		{
			"id": "Larraz Virtanne",
			"name": "Larraz Virtanne"
		},
		{
			"id": "Lelzeshin (Tier 3-4)",
			"name": "Lelzeshin (Tier 3-4)"
		},
		{
			"id": "Lelzeshin (Tier 5-6)",
			"name": "Lelzeshin (Tier 5-6)"
		},
		{
			"id": "Leshy Crafter (1-2)",
			"name": "Leshy Crafter (1-2)"
		},
		{
			"id": "Leshy Crafter (3-4)",
			"name": "Leshy Crafter (3-4)"
		},
		{
			"id": "Lesser Giant Short-faced Bear",
			"name": "Lesser Giant Short-faced Bear"
		},
		{
			"id": "Lesser Guardian Statue",
			"name": "Lesser Guardian Statue"
		},
		{
			"id": "Lightning Platform (5-6)",
			"name": "Lightning Platform (5-6)"
		},
		{
			"id": "Lightning Platform (7-8)",
			"name": "Lightning Platform (7-8)"
		},
		{
			"id": "Lion",
			"name": "Lion"
		},
		{
			"id": "Little Zura (1-2)",
			"name": "Little Zura (1-2)"
		},
		{
			"id": "Little Zura (3-4)",
			"name": "Little Zura (3-4)"
		},
		{
			"id": "Loyal Giant Fox",
			"name": "Loyal Giant Fox"
		},
		{
			"id": "Malfunctioning Annihilator",
			"name": "Malfunctioning Annihilator"
		},
		{
			"id": "Malicious Spirits",
			"name": "Malicious Spirits"
		},
		{
			"id": "Marcon Tinol (1-2)",
			"name": "Marcon Tinol (1-2)"
		},
		{
			"id": "Marcon Tinol (3-4)",
			"name": "Marcon Tinol (3-4)"
		},
		{
			"id": "Meleeka Sanvara (1-2)",
			"name": "Meleeka Sanvara (1-2)"
		},
		{
			"id": "Meleeka Sanvara (3-4)",
			"name": "Meleeka Sanvara (3-4)"
		},
		{
			"id": "Mercenary",
			"name": "Mercenary"
		},
		{
			"id": "Mirrored Lelzeshin (Tier 3-4)",
			"name": "Mirrored Lelzeshin (Tier 3-4)"
		},
		{
			"id": "Mirrored Lelzeshin (Tier 5-6)",
			"name": "Mirrored Lelzeshin (Tier 5-6)"
		},
		{
			"id": "Mitflit Sneak",
			"name": "Mitflit Sneak"
		},
		{
			"id": "Moldy Deck",
			"name": "Moldy Deck"
		},
		{
			"id": "Moldy Foodstuffs (1-2)",
			"name": "Moldy Foodstuffs (1-2)"
		},
		{
			"id": "Moldy Foodstuffs (3-4)",
			"name": "Moldy Foodstuffs (3-4)"
		},
		{
			"id": "Mountain Goat",
			"name": "Mountain Goat"
		},
		{
			"id": "Mummy Brute",
			"name": "Mummy Brute"
		},
		{
			"id": "Mummy Shambler",
			"name": "Mummy Shambler"
		},
		{
			"id": "Muraxi (3-4)",
			"name": "Muraxi (3-4)"
		},
		{
			"id": "Muraxi (5-6)",
			"name": "Muraxi (5-6)"
		},
		{
			"id": "Nalla, Rebel Leader (1-2)",
			"name": "Nalla, Rebel Leader (1-2)"
		},
		{
			"id": "Nalla, Rebel Leader (3-4)",
			"name": "Nalla, Rebel Leader (3-4)"
		},
		{
			"id": "Nashaxian The Angered",
			"name": "Nashaxian The Angered"
		},
		{
			"id": "Nashaxian The Bored",
			"name": "Nashaxian The Bored"
		},
		{
			"id": "Neidre Fliavazzana (3-4)",
			"name": "Neidre Fliavazzana (3-4)"
		},
		{
			"id": "Neidre Fliavazzana (5-6)",
			"name": "Neidre Fliavazzana (5-6)"
		},
		{
			"id": "Offended Gambler",
			"name": "Offended Gambler"
		},
		{
			"id": "Offended High Roller",
			"name": "Offended High Roller"
		},
		{
			"id": "Ogre",
			"name": "Ogre"
		},
		{
			"id": "Orc Alchemist",
			"name": "Orc Alchemist"
		},
		{
			"id": "Osprey",
			"name": "Osprey"
		},
		{
			"id": "Paravaax (3-4)",
			"name": "Paravaax (3-4)"
		},
		{
			"id": "Paravaax (5-6)",
			"name": "Paravaax (5-6)"
		},
		{
			"id": "Phoenix Rune (1-2)",
			"name": "Phoenix Rune (1-2)"
		},
		{
			"id": "Phoenix Rune (3-4)",
			"name": "Phoenix Rune (3-4)"
		},
		{
			"id": "Pile of Fireworks (3-4)",
			"name": "Pile of Fireworks (3-4)"
		},
		{
			"id": "Pile of Fireworks (5-6)",
			"name": "Pile of Fireworks (5-6)"
		},
		{
			"id": "Pine Brute",
			"name": "Pine Brute"
		},
		{
			"id": "Plum Leshy (1-2)",
			"name": "Plum Leshy (1-2)"
		},
		{
			"id": "Plum Leshy (3-4)",
			"name": "Plum Leshy (3-4)"
		},
		{
			"id": "Port Peril Bar Fight (Last Catch) (1-2)",
			"name": "Port Peril Bar Fight (Last Catch) (1-2)"
		},
		{
			"id": "Port Peril Bar Fight (Last Catch) (3-4)",
			"name": "Port Peril Bar Fight (Last Catch) (3-4)"
		},
		{
			"id": "Port Peril Bar Fight (Rivanti's Bar) (1-2)",
			"name": "Port Peril Bar Fight (Rivanti's Bar) (1-2)"
		},
		{
			"id": "Port Peril Bar Fight (Rivanti's Bar) (3-4)",
			"name": "Port Peril Bar Fight (Rivanti's Bar) (3-4)"
		},
		{
			"id": "Port Peril Bar Fight (The Watchtower) (1-2)",
			"name": "Port Peril Bar Fight (The Watchtower) (1-2)"
		},
		{
			"id": "Port Peril Bar Fight (The Watchtower) (3-4)",
			"name": "Port Peril Bar Fight (The Watchtower) (3-4)"
		},
		{
			"id": "Prefect (Electrowhip) (3-4)",
			"name": "Prefect (Electrowhip) (3-4)"
		},
		{
			"id": "Prefect (Electrowhip) (5-6)",
			"name": "Prefect (Electrowhip) (5-6)"
		},
		{
			"id": "Prefect (Fist) (3-4)",
			"name": "Prefect (Fist) (3-4)"
		},
		{
			"id": "Prefect (Fist) (5-6)",
			"name": "Prefect (Fist) (5-6)"
		},
		{
			"id": "Protoplasmic Extruder",
			"name": "Protoplasmic Extruder"
		},
		{
			"id": "Ptiro Valner (1-2)",
			"name": "Ptiro Valner (1-2)"
		},
		{
			"id": "Quagmire",
			"name": "Quagmire"
		},
		{
			"id": "Rabid Squirrel Swarm",
			"name": "Rabid Squirrel Swarm"
		},
		{
			"id": "Raging Forest Fire",
			"name": "Raging Forest Fire"
		},
		{
			"id": "Ralthiss (1-2)",
			"name": "Ralthiss (1-2)"
		},
		{
			"id": "Ralthiss (3-4)",
			"name": "Ralthiss (3-4)"
		},
		{
			"id": "Raven Swarm (1-05)",
			"name": "Raven Swarm (1-05)"
		},
		{
			"id": "Ravenous Giant Centipede",
			"name": "Ravenous Giant Centipede"
		},
		{
			"id": "Reast Mycer (1-2)",
			"name": "Reast Mycer (1-2)"
		},
		{
			"id": "Reast Mycer (3-4)",
			"name": "Reast Mycer (3-4)"
		},
		{
			"id": "Rebel",
			"name": "Rebel"
		},
		{
			"id": "Rebel Brute",
			"name": "Rebel Brute"
		},
		{
			"id": "Rending Hands",
			"name": "Rending Hands"
		},
		{
			"id": "Ruffian",
			"name": "Ruffian"
		},
		{
			"id": "Ruffian (Q11)",
			"name": "Ruffian (Q11)"
		},
		{
			"id": "Scrabbling Hands",
			"name": "Scrabbling Hands"
		},
		{
			"id": "Sea Devil Invader",
			"name": "Sea Devil Invader"
		},
		{
			"id": "Seaborn Captain",
			"name": "Seaborn Captain"
		},
		{
			"id": "Seaborn Fisher",
			"name": "Seaborn Fisher"
		},
		{
			"id": "Shadow Wisp",
			"name": "Shadow Wisp"
		},
		{
			"id": "Skeletal Gladiator",
			"name": "Skeletal Gladiator"
		},
		{
			"id": "Skeletal Mage",
			"name": "Skeletal Mage"
		},
		{
			"id": "Skeletal Mount",
			"name": "Skeletal Mount"
		},
		{
			"id": "Skeleton Captain",
			"name": "Skeleton Captain"
		},
		{
			"id": "Skeleton Corporal",
			"name": "Skeleton Corporal"
		},
		{
			"id": "Skeleton Soldier",
			"name": "Skeleton Soldier"
		},
		{
			"id": "Smoldering Forest Fire",
			"name": "Smoldering Forest Fire"
		},
		{
			"id": "Sodden Floor",
			"name": "Sodden Floor"
		},
		{
			"id": "Spear Launcher (Q9:1-2)",
			"name": "Spear Launcher (Q9:1-2)"
		},
		{
			"id": "Spear Launcher (Q9:3-4)",
			"name": "Spear Launcher (Q9:3-4)"
		},
		{
			"id": "Spiky Pit (1-2)",
			"name": "Spiky Pit (1-2)"
		},
		{
			"id": "Spiky Pit (3-4)",
			"name": "Spiky Pit (3-4)"
		},
		{
			"id": "Spirit Guardian Statue",
			"name": "Spirit Guardian Statue"
		},
		{
			"id": "Spitting Acid 'Bushes' (5-6)",
			"name": "Spitting Acid 'Bushes' (5-6)"
		},
		{
			"id": "Spitting Acid 'Bushes' (7-8)",
			"name": "Spitting Acid 'Bushes' (7-8)"
		},
		{
			"id": "Squirrel Swarm (1-04)",
			"name": "Squirrel Swarm (1-04)"
		},
		{
			"id": "Statue Of Set",
			"name": "Statue Of Set"
		},
		{
			"id": "Steaming Fields (5-6)",
			"name": "Steaming Fields (5-6)"
		},
		{
			"id": "Steaming Fields (7-8)",
			"name": "Steaming Fields (7-8)"
		},
		{
			"id": "Steel Mephit",
			"name": "Steel Mephit"
		},
		{
			"id": "Storm Acolyte",
			"name": "Storm Acolyte"
		},
		{
			"id": "Storm Warrior-Priest",
			"name": "Storm Warrior-Priest"
		},
		{
			"id": "Submerged Shard",
			"name": "Submerged Shard"
		},
		{
			"id": "Synthetic Khismar (5-6)",
			"name": "Synthetic Khismar (5-6)"
		},
		{
			"id": "Synthetic Khismar (7-8)",
			"name": "Synthetic Khismar (7-8)"
		},
		{
			"id": "Technic Zombie (3-4)",
			"name": "Technic Zombie (3-4)"
		},
		{
			"id": "Technic Zombie (5-6)",
			"name": "Technic Zombie (5-6)"
		},
		{
			"id": "The Ascendant (3-4)",
			"name": "The Ascendant (3-4)"
		},
		{
			"id": "The Ascendant (5-6)",
			"name": "The Ascendant (5-6)"
		},
		{
			"id": "Tough Giant Shrew",
			"name": "Tough Giant Shrew"
		},
		{
			"id": "Tough Mountain Goat",
			"name": "Tough Mountain Goat"
		},
		{
			"id": "Toxic Snapjaw (3-4)",
			"name": "Toxic Snapjaw (3-4)"
		},
		{
			"id": "Toxic Snapjaw (5-6)",
			"name": "Toxic Snapjaw (5-6)"
		},
		{
			"id": "Trapmaster Tok's Surprise (1-2)",
			"name": "Trapmaster Tok's Surprise (1-2)"
		},
		{
			"id": "Trapmaster Tok's Surprise (3-4)",
			"name": "Trapmaster Tok's Surprise (3-4)"
		},
		{
			"id": "Treacherous Quagmire",
			"name": "Treacherous Quagmire"
		},
		{
			"id": "Unkillable Zombie Brute",
			"name": "Unkillable Zombie Brute"
		},
		{
			"id": "Vengeant Thorn (1-2)",
			"name": "Vengeant Thorn (1-2)"
		},
		{
			"id": "Vengeant Thorn (3-4)",
			"name": "Vengeant Thorn (3-4)"
		},
		{
			"id": "Vengeful Spirits",
			"name": "Vengeful Spirits"
		},
		{
			"id": "Veteran Guard Captain",
			"name": "Veteran Guard Captain"
		},
		{
			"id": "Vicious Vulpine",
			"name": "Vicious Vulpine"
		},
		{
			"id": "Vigilant Guard",
			"name": "Vigilant Guard"
		},
		{
			"id": "Waterworks Rebel",
			"name": "Waterworks Rebel"
		},
		{
			"id": "Weak Arboreal Warden",
			"name": "Weak Arboreal Warden"
		},
		{
			"id": "Weak Green Hag",
			"name": "Weak Green Hag"
		},
		{
			"id": "Weak Soulbound Homunculus",
			"name": "Weak Soulbound Homunculus"
		},
		{
			"id": "Weak Spider Swarm",
			"name": "Weak Spider Swarm"
		},
		{
			"id": "Weak Zephyr Hawk (PFS 1-24)",
			"name": "Weak Zephyr Hawk (PFS 1-24)"
		},
		{
			"id": "Whispering Souls",
			"name": "Whispering Souls"
		},
		{
			"id": "Whispering Spirits",
			"name": "Whispering Spirits"
		},
		{
			"id": "Wounded Orc Brute",
			"name": "Wounded Orc Brute"
		},
		{
			"id": "Young Bloodseeker Swarm",
			"name": "Young Bloodseeker Swarm"
		},
		{
			"id": "Young Sea Serpent",
			"name": "Young Sea Serpent"
		},
		{
			"id": "Zatqualmish (3-4)",
			"name": "Zatqualmish (3-4)"
		},
		{
			"id": "Zatqualmish (5-6)",
			"name": "Zatqualmish (5-6)"
		},
		{
			"id": "Zombie Brute (1-18)",
			"name": "Zombie Brute (1-18)"
		},
		{
			"id": "Zombie Charger",
			"name": "Zombie Charger"
		},
		{
			"id": "Zombie Minihulk",
			"name": "Zombie Minihulk"
		},
		{
			"id": "Zombie Riding Horse",
			"name": "Zombie Riding Horse"
		},
		{
			"id": "Zombie Warhorse",
			"name": "Zombie Warhorse"
		}
	]
}