{
	"label": "Domains",
	"entries": [
		{
			"id": "Abomination Domain",
			"name": "Abomination Domain",
			"description": "<p><strong>Deities</strong> @Compendium[pf2e.deities.8Oy4qHylOOp79JxD]{Nhimbaloth}</p>\n<p><strong>Domain Spell</strong> <em>@Compendium[pf2e.spells-srd.6GjJtLJnwC18Y0aZ]{Lift Nature's Caul}</em><u></u>; <strong>Advanced Domain Spell</strong> <em>@Compendium[pf2e.spells-srd.0qA4MfMkFklOz2Lk]{Fearful Feast}</em></p>\n<p>You seek to instill abhorrence and horror in those around you.</p>"
		},
		{
			"id": "Air Domain",
			"name": "Air Domain",
			"description": "<p><strong>Deities</strong> @Compendium[pf2e.deities.oJPwMa9xG8oMnC14]{Apollyon}, @Compendium[pf2e.deities.9WD0hbUT0IbnuTiM]{Baalzebul}, @Compendium[pf2e.deities.oRvuLq3o2FxXizt9]{Ghlaunder}, @Compendium[pf2e.deities.swwwP7eVmlNuWTb7]{Gozreh},@Compendium[pf2e.deities.DEKKbg6riAdL2ARf]{Hei Feng},@Compendium[pf2e.deities.rRuxBgC58PxrLzRv]{Horus},@Compendium[pf2e.deities.A37XqON6QRPzQhp7]{Hshurha},@Compendium[pf2e.deities.IZcdF1G8ZsnMotaM]{Pazuzu},@Compendium[pf2e.deities.o9tK1T28LNEVzpFV]{Ragdya},@Compendium[pf2e.deities.Ij1KRM8ufkEjGnR3]{Ranginori},@Compendium[pf2e.deities.Bhxji0kxIbMKqdkw]{Rovagug},@Compendium[pf2e.deities.97Qe42wJN5EVUS14]{Sturovenen},@Compendium[pf2e.deities.YXmeBdOZfWgUljW1]{Ylimancha}</p>\n<p><strong>Domain Spell</strong><em>@Compendium[pf2e.spells-srd.myC2EIrsjmB8xosi]{Pushing Gust}</em>;<strong>Advanced Domain Spell</strong><em>@Compendium[pf2e.spells-srd.L8pzCOi7Jzx5ALs9]{Disperse into Air}</em></p>\n<p>You can control winds and the weather.</p>"
		},
		{
			"id": "Ambition Domain",
			"name": "Ambition Domain",
			"description": "<p><strong>Deities</strong> @Compendium[pf2e.deities.9WD0hbUT0IbnuTiM]{Baalzebul}, @Compendium[pf2e.deities.soiVh53y9RAeSLEk]{Casandalee}, @Compendium[pf2e.deities.aVyxfqY9GBjTqQul]{Eiseth}, @Compendium[pf2e.deities.6O4UGWcYERDEugzk]{Fumeiyoshi}, @Compendium[pf2e.deities.zlJGKpeLBwajP91o]{Gyronna}, @Compendium[pf2e.deities.sNjPI1iaS8Z43YJf]{Mammon}, @Compendium[pf2e.deities.1nQVLOyWv5kC0bCU]{Ravithra}, @Compendium[pf2e.deities.zzhYFcShT9JoE2Mp]{Shax}, @Compendium[pf2e.deities.rDTXcBJ8LyqA2TkL]{Szuriel}, @Compendium[pf2e.deities.PFp4Sdp2TDDKD62l]{Thamir}, @Compendium[pf2e.deities.4bEPoujxhYdUyUOg]{Ydersius}, @Compendium[pf2e.deities.SCGdJmm7Wzle9jFP]{Zohls}, @Compendium[pf2e.deities.ZfN7jkK6boU1FuiS]{Zon-Kuthon}</p>\n<p><strong>Domain Spell</strong> <em>@Compendium[pf2e.spells-srd.Dj44lViYKvOJ8a53]{Blind Ambition}</em>; <strong>Advanced Domain Spell</strong> <em>@Compendium[pf2e.spells-srd.NOB92Wpn7jXvtyVW]{Competitive Edge}</em></p>\n<p>You strive to keep up with and outpace the competition.</p>"
		},
		{
			"id": "Change Domain",
			"name": "Change Domain",
			"description": "<p><strong>Deities</strong> @Compendium[pf2e.deities.9n2CI0B3EA4y3BuU]{Alseta}, @Compendium[pf2e.deities.remyY1BwhEVmBwya]{Belial}, @Compendium[pf2e.deities.gXHoxuuiAD54LnWV]{Cyth-V'sug}, @Compendium[pf2e.deities.AHX89nhuVhmg8k6w]{Dagon}, @Compendium[pf2e.deities.M3eb94Nd6uXti2IK]{Daikitsu}, @Compendium[pf2e.deities.fuPTR1laXO6EionS]{Grandmother Spider}, @Compendium[pf2e.deities.qqqrbq4uCrelQvgH]{Irori}, @Compendium[pf2e.deities.5ZIvg8CkqRMepVcX]{Korada}, @Compendium[pf2e.deities.aipkJQxP4GBsTaGq]{Lamashtu}, @Compendium[pf2e.deities.QibpLccM5bLUMopj]{Lymnieris}, @Compendium[pf2e.deities.fTJLgTfEMZreJ19r]{Milani}, @Compendium[pf2e.deities.E1dUhoSEf2XfklU2]{Mother Vulture}, @Compendium[pf2e.deities.hhV2g6aU8jKLEca1]{Narakaas}, @Compendium[pf2e.deities.jL1qiVOZBKXETtVD]{Nocticula}, @Compendium[pf2e.deities.nuvfUC4TcOvFbKxx]{Osiris}, @Compendium[pf2e.deities.1xHnoMlCyCV70TnT]{Saloc}, @Compendium[pf2e.deities.nuqIimigyt986WLE]{The Lantern King}, @Compendium[pf2e.deities.0R2BjVb7d9tYCIbk]{Tlehar}, @Compendium[pf2e.deities.aTYy1WHwAZiuei4h]{Tsukiyo}, @Compendium[pf2e.deities.mebdNVKeKuTmDDHj]{Xhamen-Dor}, @Compendium[pf2e.deities.iEt6idGIEPXY2HzV]{Ydajisk}</p>\n<p><strong>Domain Spell</strong> <em>@Compendium[pf2e.spells-srd.GUnw9YXaW3YyaCAU]{Adapt Self}</em>; <strong>Advanced Domain Spell</strong> <em>@Compendium[pf2e.spells-srd.GoKkejPj5yWJPIPK]{Adaptive Ablation}</em></p>\n<p>You can restructure the physical and metaphysical.</p>"
		},
		{
			"id": "Cities Domain",
			"name": "Cities Domain",
			"description": "<p><strong>Deities</strong> @Compendium[pf2e.deities.d56paSkcwvll2OhR]{Abadar}, @Compendium[pf2e.deities.v67fHklTZ6LoU54q]{Cayden Cailean}, @Compendium[pf2e.deities.OlVCyRgOaPJji4qt]{Chohar}, @Compendium[pf2e.deities.CzHjFLx4hpIEIoWt]{Dispater}, @Compendium[pf2e.deities.liXIbl7y8www2eAn]{Findeladlara}, @Compendium[pf2e.deities.VEyowuhC4FsBnG8c]{Folgrit}, @Compendium[pf2e.deities.iXvyp9rGnqvFfy4q]{Kazutal}, @Compendium[pf2e.deities.ub0PJ5QkrdoGzzb2]{Luhar}, @Compendium[pf2e.deities.hWTTS0e7J9hJfsp3]{Matravash}, @Compendium[pf2e.deities.0R2BjVb7d9tYCIbk]{Tlehar}, @Compendium[pf2e.deities.SCGdJmm7Wzle9jFP]{Zohls}</p>\n<p><strong>Domain Spell</strong> <em>@Compendium[pf2e.spells-srd.yH13KXUK2x093NUv]{Face in the Crowd}</em>; <strong>Advanced Domain Spell</strong> <em>@Compendium[pf2e.spells-srd.ivKnEtI1z4UqEKIA]{Pulse of the City}</em></p>\n<p>You have powers over urban environments and denizens.</p>"
		},
		{
			"id": "Cold Domain",
			"name": "Cold Domain",
			"description": "<p><strong>Deities</strong> @Compendium[pf2e.deities.uXkMGx0OD896ZQlT]{Alglenweis}, @Compendium[pf2e.deities.swwwP7eVmlNuWTb7]{Gozreh}, @Compendium[pf2e.deities.A37XqON6QRPzQhp7]{Hshurha}, @Compendium[pf2e.deities.JcIf4uwKLxEWdplI]{Kostchtchie}, @Compendium[pf2e.deities.Vzxm5FyIA40b2OSP]{Pulura}, @Compendium[pf2e.deities.tb0oADxOoMhyrYRA]{Yamatsumi}</p>\n<p><strong>Domain Spell</strong> <em>@Compendium[pf2e.spells-srd.DeNz6eAUlE0IE9U3]{Winter Bolt}</em>; <strong>Advanced Domain Spell</strong> <em>@Compendium[pf2e.spells-srd.wjJW9hWY5CkkMvY5]{Diamond Dust}</em></p>\n<p>You control ice, snow, and freezing temperatures.</p>"
		},
		{
			"id": "Confidence Domain",
			"name": "Confidence Domain",
			"description": "<p><strong>Deities</strong> @Compendium[pf2e.deities.HtRxo4J3elFteIqu]{Arazni}, @Compendium[pf2e.deities.KDFujU3Yug6AwCOz]{Arshea}, @Compendium[pf2e.deities.QRkcFciCOmFoxF1B]{Asmodeus}, @Compendium[pf2e.deities.HD7g8T8ioy1EH3M8]{Bolka}, @Compendium[pf2e.deities.4GO4iT585ynLJnc8]{Chaldira}, @Compendium[pf2e.deities.vSUz97Y29l1O50bC]{Count Ranalc}, @Compendium[pf2e.deities.CzHjFLx4hpIEIoWt]{Dispater}, @Compendium[pf2e.deities.8DXel4AvpyUy6oJ0]{Eritrice}, @Compendium[pf2e.deities.Zi1UARhode3FSFLr]{General Susumu}, @Compendium[pf2e.deities.88vRw2ZVPax4hhga]{Gorum}, @Compendium[pf2e.deities.tk7gRxXsqvBwQrUF]{Grundinnar}, @Compendium[pf2e.deities.eErEiVmBqltYXFJ6]{Iomedae}, @Compendium[pf2e.deities.bF77ydtptI54STl9]{Jaidz}, @Compendium[pf2e.deities.Mv6uTJLh3VGEoGLH]{Nivi Rhombodazzle}, @Compendium[pf2e.deities.o9tK1T28LNEVzpFV]{Ragdya}, @Compendium[pf2e.deities.u3YfcJh1C4w6n75j]{Raumya}, @Compendium[pf2e.deities.97Qe42wJN5EVUS14]{Sturovenen}, @Compendium[pf2e.deities.PFp4Sdp2TDDKD62l]{Thamir}, @Compendium[pf2e.deities.N8a76dkGfUvxvSW0]{Trudd}</p>\n<p><strong>Domain Spell</strong> <em>@Compendium[pf2e.spells-srd.Q25JQAgnJSGgFDKZ]{Veil of Confidence}</em>; <strong>Advanced Domain Spell</strong> <em>@Compendium[pf2e.spells-srd.J8pL8yTshga8QOk8]{Delusional Pride}</em></p>\n<p>You overcome your fear and project pride.</p>"
		},
		{
			"id": "Creation Domain",
			"name": "Creation Domain",
			"description": "<p><strong>Deities</strong> @Compendium[pf2e.deities.uXkMGx0OD896ZQlT]{Alglenweis}, @Compendium[pf2e.deities.o8ayCv3LAHWlu0vQ]{Apsu}, @Compendium[pf2e.deities.uydTiyN5AzhBnQY8]{Ardad Lili}, @Compendium[pf2e.deities.vEMCpm7iidycRT5D]{Brigh}, @Compendium[pf2e.deities.soiVh53y9RAeSLEk]{Casandalee}, @Compendium[pf2e.deities.M3eb94Nd6uXti2IK]{Daikitsu}, @Compendium[pf2e.deities.AMFkYKUNQ3kCD0ob]{Doloras}, @Compendium[pf2e.deities.6mgCX7lvKtaEYoa9]{Dwarven Pantheon}, @Compendium[pf2e.deities.Zw8nhcpRxinoYRSa]{Elven Pantheon}, @Compendium[pf2e.deities.IXLzDSMGndFb5rGY]{Falayna}, @Compendium[pf2e.deities.liXIbl7y8www2eAn]{Findeladlara}, @Compendium[pf2e.deities.fuPTR1laXO6EionS]{Grandmother Spider}, @Compendium[pf2e.deities.xu05XGotyT5st56H]{Lady Jingxi}, @Compendium[pf2e.deities.lUFMwdv1UOyzFhIM]{Likha}, @Compendium[pf2e.deities.sNjPI1iaS8Z43YJf]{Mammon}, @Compendium[pf2e.deities.W4QGkdn9V5ACRpkh]{Monad}, @Compendium[pf2e.deities.jL1qiVOZBKXETtVD]{Nocticula}, @Compendium[pf2e.deities.JgDqFUB1NtQkGmzp]{Otolmens}, @Compendium[pf2e.deities.WO9UsCY41oTtC2G0]{Pillars of Knowledge}, @Compendium[pf2e.deities.gxwmzxUWBOhdgFSN]{Shelyn}, @Compendium[pf2e.deities.vnmoAGURp8oWCY6R]{Soralyon}, @Compendium[pf2e.deities.6nq25AjImkT5GxDT]{The Prismatic Ray}, @Compendium[pf2e.deities.0R2BjVb7d9tYCIbk]{Tlehar}, @Compendium[pf2e.deities.sZrdzh0ANQnZGXJb]{Torag}, @Compendium[pf2e.deities.uYpxTi4byHc5w78R]{Yuelral}</p>\n<p><strong>Domain Spell</strong> <em>@Compendium[pf2e.spells-srd.xTpp8dHZsNMDm75B]{Splash of Art}</em>; <strong>Advanced Domain Spell</strong> <em>@Compendium[pf2e.spells-srd.eb4FXf62NYArTqek]{Artistic Flourish}</em></p>\n<p>You have divine abilities related to crafting and art.</p>"
		},
		{
			"id": "Darkness Domain",
			"name": "Darkness Domain",
			"description": "<p><strong>Deities</strong> @Compendium[pf2e.deities.pCtJONJlhAugUXaG]{Ahriman}, @Compendium[pf2e.deities.uydTiyN5AzhBnQY8]{Ardad Lili}, @Compendium[pf2e.deities.DJ7LDFTtns6YFodT]{Ashava}, @Compendium[pf2e.deities.oV5cnlPJQS8JfMIg]{Cosmic Caravan}, @Compendium[pf2e.deities.vSUz97Y29l1O50bC]{Count Ranalc}, @Compendium[pf2e.deities.fuPTR1laXO6EionS]{Grandmother Spider}, @Compendium[pf2e.deities.WloVxo6HXJdS4YTt]{Groetus}, @Compendium[pf2e.deities.s81N9hxffmRuy3ik]{Kerkamoth}, @Compendium[pf2e.deities.wjXNXFWBLbJaeZQR]{Ketephys}, @Compendium[pf2e.deities.MbJ93Nw39h2cBYi5]{Lao Shu Po}, @Compendium[pf2e.deities.ub0PJ5QkrdoGzzb2]{Luhar}, @Compendium[pf2e.deities.jL1qiVOZBKXETtVD]{Nocticula}, @Compendium[pf2e.deities.iKgERiIc8rt3fatf]{Nyarlathotep (Haunter in the Dark)}, @Compendium[pf2e.deities.3nxIpMGeCvcBIVov]{Nyarlathotep (The Crawling Chaos)}, @Compendium[pf2e.deities.Vzxm5FyIA40b2OSP]{Pulura}, @Compendium[pf2e.deities.DFxbPmQLOqcmbPTz]{Tanagaar}, @Compendium[pf2e.deities.ZfN7jkK6boU1FuiS]{Zon-Kuthon}</p>\n<p><strong>Domain Spell</strong> <em>@Compendium[pf2e.spells-srd.SE0fbgBj7atuukdv]{Cloak of Shadow}</em>; <strong>Advanced Domain Spell</strong> <em>@Compendium[pf2e.spells-srd.oiUhJbJ3YCKF62Fu]{Darkened Eyes}</em></p>\n<p>You operate in the darkness and take away the light.</p>"
		},
		{
			"id": "Death Domain",
			"name": "Death Domain",
			"description": "<p><strong>Deities</strong> @Compendium[pf2e.deities.51kMMWaT6CqpGlGk]{Achaekek},<strong></strong> @Compendium[pf2e.deities.pCtJONJlhAugUXaG]{Ahriman}, @Compendium[pf2e.deities.UUcAqU3KeJSMNxGF]{Barzahk}, @Compendium[pf2e.deities.tcXrtRYCOr2EmgGB]{Charon}, @Compendium[pf2e.deities.H1VrZ1QX0d2aPXT8]{Dammerich}, @Compendium[pf2e.deities.QlDnoOwf0PppymTn]{Hanspur}, @Compendium[pf2e.deities.KIEgpcmHYtFu1dpg]{Imot}, @Compendium[pf2e.deities.nsiDGdgbAzkTQzOt]{Magrim}, @Compendium[pf2e.deities.E1dUhoSEf2XfklU2]{Mother Vulture}, @Compendium[pf2e.deities.pm8H2DbtrHM01KNV]{Naderi}, @Compendium[pf2e.deities.hhV2g6aU8jKLEca1]{Narakaas}, @Compendium[pf2e.deities.GX6PF9ifR47Xyjg9]{Norgorber}, @Compendium[pf2e.deities.QZD0u1jxwz0kj8uI]{Pharasma}, @Compendium[pf2e.deities.1xHnoMlCyCV70TnT]{Saloc}, @Compendium[pf2e.deities.zzhYFcShT9JoE2Mp]{Shax}, @Compendium[pf2e.deities.83jKKHQPoqVylmrF]{Yaezhing}, @Compendium[pf2e.deities.LLMTMgARSTlO7S9U]{Zyphus}</p>\n<p><strong>Domain Spell</strong> <em>@Compendium[pf2e.spells-srd.HG4afO9EOGEU9bZN]{Death's Call}</em>; <strong>Advanced Domain Spell</strong> <em>@Compendium[pf2e.spells-srd.J5MNC4xq3CHH31qT]{Eradicate Undeath}</em></p>\n<p>You have the power to end lives and destroy undead.</p>"
		},
		{
			"id": "Decay Domain",
			"name": "Decay Domain",
			"description": "<p><strong>Deities</strong> @Compendium[pf2e.deities.oJPwMa9xG8oMnC14]{Apollyon}, @Compendium[pf2e.deities.sILda7I8Ak20Ioj9]{Azathoth}, @Compendium[pf2e.deities.gXHoxuuiAD54LnWV]{Cyth-V'sug}, @Compendium[pf2e.deities.oRvuLq3o2FxXizt9]{Ghlaunder}, @Compendium[pf2e.deities.WloVxo6HXJdS4YTt]{Groetus}, @Compendium[pf2e.deities.s81N9hxffmRuy3ik]{Kerkamoth}, @Compendium[pf2e.deities.E1dUhoSEf2XfklU2]{Mother Vulture}, @Compendium[pf2e.deities.8Oy4qHylOOp79JxD]{Nhimbaloth}, @Compendium[pf2e.deities.3INt1X4ijBYnZYbU]{Shyka}, @Compendium[pf2e.deities.pVQzTL5elNTxvffu]{The Green Mother}, @Compendium[pf2e.deities.9eltBjLngkR9x1Xm]{Trelmarixian}, @Compendium[pf2e.deities.22n3N47sqbqbDxbp]{Urgathoa}, @Compendium[pf2e.deities.mebdNVKeKuTmDDHj]{Xhamen-Dor}</p>\n<p><strong>Domain Spell</strong> <em>@Compendium[pf2e.spells-srd.7tp97g0UCJ9wOrd5]{Withering Grasp}</em>; <strong>Advanced Domain Spell</strong> <em>@Compendium[pf2e.spells-srd.2RhZkHNv8ajq0yLq]{Fallow Field}</em></p>\n<p>You have the power to spoil and deteriorate matter.</p>"
		},
		{
			"id": "Delirium Domain",
			"name": "Delirium Domain",
			"description": "<p><strong>Deities</strong> @Compendium[pf2e.deities.65o189p2eUPbqaDK]{Narriseminek}, @Compendium[pf2e.deities.8Oy4qHylOOp79JxD]{Nhimbaloth}, @Compendium[pf2e.deities.3INt1X4ijBYnZYbU]{Shyka}, @Compendium[pf2e.deities.iJyhAFmHOLZBvWnJ]{Sivanah}, @Compendium[pf2e.deities.nuqIimigyt986WLE]{The Lantern King}, @Compendium[pf2e.deities.aTYy1WHwAZiuei4h]{Tsukiyo}, @Compendium[pf2e.deities.8ZSywyo8YQPduo92]{Zura}</p>\n<p><strong>Domain Spell</strong> <em>@Compendium[pf2e.spells-srd.XhgMx9WC6NfXd9RP]{Hyperfocus}</em>; <strong>Advanced Domain Spell</strong> <em>@Compendium[pf2e.spells-srd.HisaZTk67YAxLGBq]{Ephemeral Hazards}</em></p>\n<p>You can bring about hallucinations and restlessness.</p>"
		},
		{
			"id": "Destruction Domain",
			"name": "Destruction Domain",
			"description": "<p><strong>Deities</strong> @Compendium[pf2e.deities.bLI1JMpI2GXQT5AC]{Abraxas}, @Compendium[pf2e.deities.pCtJONJlhAugUXaG]{Ahriman}, @Compendium[pf2e.deities.cHAbE86pto5bvIWo]{Angazhan}, @Compendium[pf2e.deities.aChBtIDfA59QQ7SN]{Ayrzul}, @Compendium[pf2e.deities.sILda7I8Ak20Ioj9]{Azathoth}, @Compendium[pf2e.deities.wkDOeK7ENz1ra8IC]{Besmara}, @Compendium[pf2e.deities.AHX89nhuVhmg8k6w]{Dagon}, @Compendium[pf2e.deities.Bzfc5mIUfMxOnQWu]{Dahak}, @Compendium[pf2e.deities.dcbf3pBSNa2q1Kkq]{Dhalavei}, @Compendium[pf2e.deities.XHDlP7o1jNz9851v]{Diomazul}, @Compendium[pf2e.deities.aVyxfqY9GBjTqQul]{Eiseth}, @Compendium[pf2e.deities.6O4UGWcYERDEugzk]{Fumeiyoshi}, @Compendium[pf2e.deities.Zi1UARhode3FSFLr]{General Susumu}, @Compendium[pf2e.deities.88vRw2ZVPax4hhga]{Gorum}, @Compendium[pf2e.deities.WloVxo6HXJdS4YTt]{Groetus}, @Compendium[pf2e.deities.DEKKbg6riAdL2ARf]{Hei Feng}, @Compendium[pf2e.deities.A37XqON6QRPzQhp7]{Hshurha}, @Compendium[pf2e.deities.KIEgpcmHYtFu1dpg]{Imot}, @Compendium[pf2e.deities.14GLsVobnZTEmJrs]{Kelizandri}, @Compendium[pf2e.deities.s81N9hxffmRuy3ik]{Kerkamoth}, @Compendium[pf2e.deities.JcIf4uwKLxEWdplI]{Kostchtchie}, @Compendium[pf2e.deities.r6SFB1PzKsagDXff]{Lady Nanbyo}, @Compendium[pf2e.deities.fTJLgTfEMZreJ19r]{Milani}, @Compendium[pf2e.deities.g1VxllMjs2YRIJAm]{Moloch}, @Compendium[pf2e.deities.9EKyWmjLUu42evxC]{Nethys}, @Compendium[pf2e.deities.SAuFz101iP6VVwvw]{Nurgal}, @Compendium[pf2e.deities.XYJupIPx0GW4s7eu]{Ragadahn}, @Compendium[pf2e.deities.GEBaoeiv5CB9h2Bn]{Ragathiel}, @Compendium[pf2e.deities.Bhxji0kxIbMKqdkw]{Rovagug}, @Compendium[pf2e.deities.0nQItOlce5ua6Eaf]{Sekhmet}, @Compendium[pf2e.deities.rDTXcBJ8LyqA2TkL]{Szuriel}, @Compendium[pf2e.deities.ENzMYuzBZGIujSMx]{Treerazer}, @Compendium[pf2e.deities.7L9KIqixgseSCY3X]{Ymeri}, @Compendium[pf2e.deities.8roijlQ03l9rWFFe]{Zevgavizeb}, @Compendium[pf2e.deities.ZfN7jkK6boU1FuiS]{Zon-Kuthon}</p>\n<p><strong>Domain Spell</strong> <em>@Compendium[pf2e.spells-srd.0H1ozccQGGFLUwFI]{Cry of Destruction}</em>; <strong>Advanced Domain Spell</strong> <em>@Compendium[pf2e.spells-srd.7d4DUTDIlzDa8OvX]{Destructive Aura}</em></p>\n<p>You are a conduit for divine devastation.</p>"
		},
		{
			"id": "Dreams Domain",
			"name": "Dreams Domain",
			"description": "<p><strong>Deities</strong> @Compendium[pf2e.deities.JgqH3BhuEuA4Zyqs]{Desna}, @Compendium[pf2e.deities.VvxEvEKhCGRwrMJp]{Imbrex}, @Compendium[pf2e.deities.ub0PJ5QkrdoGzzb2]{Luhar}, @Compendium[pf2e.deities.mebdNVKeKuTmDDHj]{Xhamen-Dor}</p>\n<p><strong>Domain Spell</strong> <em>@Compendium[pf2e.spells-srd.BRtKFk0PKfWIlCAB]{Sweet Dream}</em>; <strong>Advanced Domain Spell</strong> <em>@Compendium[pf2e.spells-srd.PztLrElcZfLwRnEq]{Dreamer's Call}</em></p>\n<p>You have the power to enter and manipulate dreams.</p>"
		},
		{
			"id": "Dust Domain",
			"name": "Dust Domain",
			"description": "<p><strong>Deities</strong> @Compendium[pf2e.deities.A37XqON6QRPzQhp7]{Hshurha}, @Compendium[pf2e.deities.SAuFz101iP6VVwvw]{Nurgal}, @Compendium[pf2e.deities.9eltBjLngkR9x1Xm]{Trelmarixian}, @Compendium[pf2e.deities.7L9KIqixgseSCY3X]{Ymeri}</p>\n<p><strong>Domain Spell</strong> <em>@Compendium[pf2e.spells-srd.7CUgqHunmHfW2lC5]{Parch}</em>; <strong>Advanced Domain Spell</strong> <em>@Compendium[pf2e.spells-srd.K1wmI4qPmRhFczmy]{Dust Storm}</em></p>\n<p>You have the power to dry and crumble what opposes you.</p>"
		},
		{
			"id": "Duty Domain",
			"name": "Duty Domain",
			"description": "<p><strong>Deities</strong> @Compendium[pf2e.deities.d56paSkcwvll2OhR]{Abadar}, @Compendium[pf2e.deities.QRkcFciCOmFoxF1B]{Asmodeus}, @Compendium[pf2e.deities.OlVCyRgOaPJji4qt]{Chohar}, @Compendium[pf2e.deities.H1VrZ1QX0d2aPXT8]{Dammerich}, @Compendium[pf2e.deities.CzHjFLx4hpIEIoWt]{Dispater}, @Compendium[pf2e.deities.39z55kowQFOUH2v0]{Droskar}, @Compendium[pf2e.deities.6mgCX7lvKtaEYoa9]{Dwarven Pantheon}, @Compendium[pf2e.deities.mm1j6UbHqFCI8fwB]{Erastil}, @Compendium[pf2e.deities.eErEiVmBqltYXFJ6]{Iomedae}, @Compendium[pf2e.deities.zhPhYge7VJbIlJvA]{Kols}, @Compendium[pf2e.deities.nsiDGdgbAzkTQzOt]{Magrim}, @Compendium[pf2e.deities.g1VxllMjs2YRIJAm]{Moloch}, @Compendium[pf2e.deities.GEBaoeiv5CB9h2Bn]{Ragathiel}, @Compendium[pf2e.deities.s9opv94lGDRKnw6W]{Shizuru}, @Compendium[pf2e.deities.DFxbPmQLOqcmbPTz]{Tanagaar}, @Compendium[pf2e.deities.JndhOIHnQoMwnsw3]{The Godclaw}, @Compendium[pf2e.deities.sZrdzh0ANQnZGXJb]{Torag}, @Compendium[pf2e.deities.N8a76dkGfUvxvSW0]{Trudd}, @Compendium[pf2e.deities.y93whGnGZjFyw5A0]{Vildeis}, @Compendium[pf2e.deities.83jKKHQPoqVylmrF]{Yaezhing}</p>\n<p><strong>Domain Spell</strong> <em>@Compendium[pf2e.spells-srd.cokeXkDHUAo4zHsw]{Oathkeeper's Insignia}</em>; <strong>Advanced Domain Spell</strong> <em>@Compendium[pf2e.spells-srd.caehfpQz7yp9yNzz]{Dutiful Challenge}</em></p>\n<p>You defend oaths and carry out your divine missions with great dedication.</p>"
		},
		{
			"id": "Earth Domain",
			"name": "Earth Domain",
			"description": "<p><strong>Deities</strong> @Compendium[pf2e.deities.d56paSkcwvll2OhR]{Abadar}, @Compendium[pf2e.deities.RbslST0RZPXj6Eby]{Ashukharma}, @Compendium[pf2e.deities.aChBtIDfA59QQ7SN]{Ayrzul}, @Compendium[pf2e.deities.eyGEoggFlTEUQmvJ]{Bes}, @Compendium[pf2e.deities.vEMCpm7iidycRT5D]{Brigh}, @Compendium[pf2e.deities.XHDlP7o1jNz9851v]{Diomazul}, @Compendium[pf2e.deities.39z55kowQFOUH2v0]{Droskar}, @Compendium[pf2e.deities.mm1j6UbHqFCI8fwB]{Erastil}, @Compendium[pf2e.deities.6O4UGWcYERDEugzk]{Fumeiyoshi}, @Compendium[pf2e.deities.3ffVxwgtvR1imHm8]{Gendowyn}, @Compendium[pf2e.deities.VvxEvEKhCGRwrMJp]{Imbrex}, @Compendium[pf2e.deities.Mv6uTJLh3VGEoGLH]{Nivi Rhombodazzle}, @Compendium[pf2e.deities.Bhxji0kxIbMKqdkw]{Rovagug}, @Compendium[pf2e.deities.1NxkZf6ndijKeufX]{Sairazul}, @Compendium[pf2e.deities.vnmoAGURp8oWCY6R]{Soralyon}, @Compendium[pf2e.deities.sZrdzh0ANQnZGXJb]{Torag}, @Compendium[pf2e.deities.9eltBjLngkR9x1Xm]{Trelmarixian}, @Compendium[pf2e.deities.tb0oADxOoMhyrYRA]{Yamatsumi}, @Compendium[pf2e.deities.uYpxTi4byHc5w78R]{Yuelral}</p>\n<p><strong>Domain Spell</strong> <em>@Compendium[pf2e.spells-srd.pRKaEXnjGJXbPHPC]{Hurtling Stone}</em>; <strong>Advanced Domain Spell</strong> <em>@Compendium[pf2e.spells-srd.cBUuG1yJHGeKffpg]{Localized Quake}</em></p>\n<p>You control soil and stone.</p>"
		},
		{
			"id": "Family Domain",
			"name": "Family Domain",
			"description": "<p><strong>Deities</strong> @Compendium[pf2e.deities.CDkr6eXR1lgu7g6A]{Andoletta}, @Compendium[pf2e.deities.eyGEoggFlTEUQmvJ]{Bes}, @Compendium[pf2e.deities.HD7g8T8ioy1EH3M8]{Bolka}, @Compendium[pf2e.deities.OlVCyRgOaPJji4qt]{Chohar}, @Compendium[pf2e.deities.M3eb94Nd6uXti2IK]{Daikitsu}, @Compendium[pf2e.deities.6mgCX7lvKtaEYoa9]{Dwarven Pantheon}, @Compendium[pf2e.deities.mm1j6UbHqFCI8fwB]{Erastil}, @Compendium[pf2e.deities.liXIbl7y8www2eAn]{Findeladlara}, @Compendium[pf2e.deities.VEyowuhC4FsBnG8c]{Folgrit}, @Compendium[pf2e.deities.xxUGdZYUj5IW7E0L]{Followers of Fate}, @Compendium[pf2e.deities.3ffVxwgtvR1imHm8]{Gendowyn}, @Compendium[pf2e.deities.fuPTR1laXO6EionS]{Grandmother Spider}, @Compendium[pf2e.deities.tk7gRxXsqvBwQrUF]{Grundinnar}, @Compendium[pf2e.deities.TpAMy8tb5LrRgvqN]{Hathor}, @Compendium[pf2e.deities.VvxEvEKhCGRwrMJp]{Imbrex}, @Compendium[pf2e.deities.EFyDjlH7XjGq7Erd]{Isis}, @Compendium[pf2e.deities.aLCfEgt48SRUHnMC]{Jaidi}, @Compendium[pf2e.deities.iXvyp9rGnqvFfy4q]{Kazutal}, @Compendium[pf2e.deities.aipkJQxP4GBsTaGq]{Lamashtu}, @Compendium[pf2e.deities.Mv6uTJLh3VGEoGLH]{Nivi Rhombodazzle}, @Compendium[pf2e.deities.1NxkZf6ndijKeufX]{Sairazul}, @Compendium[pf2e.deities.ra7mnjAZcEuJxI37]{Shei}, @Compendium[pf2e.deities.gxwmzxUWBOhdgFSN]{Shelyn}, @Compendium[pf2e.deities.fTs56epghXwclPcX]{Stag Mother of the Forest of Stones}, @Compendium[pf2e.deities.6nq25AjImkT5GxDT]{The Prismatic Ray}, @Compendium[pf2e.deities.sZrdzh0ANQnZGXJb]{Torag}, @Compendium[pf2e.deities.g1AVEGi8QibhS007]{Walkena}, @Compendium[pf2e.deities.ZynnoQJFz12FD0Xn]{Wards of the Pharaoh}</p>\n<p><strong>Domain Spell</strong> <em>@Compendium[pf2e.spells-srd.YGRpHU5yxw73mls8]{Soothing Words}</em>; <strong>Advanced Domain Spell</strong> <em>@Compendium[pf2e.spells-srd.tYLBjOTvBVn9JtRb]{Unity}</em></p>\n<p>You aid and protect your family and community more effectively.</p>"
		},
		{
			"id": "Fate Domain",
			"name": "Fate Domain",
			"description": "<p><strong>Deities</strong> @Compendium[pf2e.deities.Xb1N5YfxboJH26Jh]{Angradd}, @Compendium[pf2e.deities.oV5cnlPJQS8JfMIg]{Cosmic Caravan}, @Compendium[pf2e.deities.Dm8qlzpUj7g82QFv]{Erecura}, @Compendium[pf2e.deities.xxUGdZYUj5IW7E0L]{Followers of Fate}, @Compendium[pf2e.deities.fuPTR1laXO6EionS]{Grandmother Spider}, @Compendium[pf2e.deities.KIEgpcmHYtFu1dpg]{Imot}, @Compendium[pf2e.deities.lSciGZGcbU9PJxQy]{Irez}, @Compendium[pf2e.deities.w66gCNiZ7dslqG8K]{Lissala}, @Compendium[pf2e.deities.ub0PJ5QkrdoGzzb2]{Luhar}, @Compendium[pf2e.deities.SCMlQDcoU1QcF3AS]{Lysianassa}, @Compendium[pf2e.deities.iMRXc519Uepf8yH3]{Magdh}, @Compendium[pf2e.deities.nsiDGdgbAzkTQzOt]{Magrim}, @Compendium[pf2e.deities.Af4TSJjutVi9Vdwi]{Mahathallah}, @Compendium[pf2e.deities.JgDqFUB1NtQkGmzp]{Otolmens}, @Compendium[pf2e.deities.QZD0u1jxwz0kj8uI]{Pharasma}, @Compendium[pf2e.deities.1nQVLOyWv5kC0bCU]{Ravithra}, @Compendium[pf2e.deities.3INt1X4ijBYnZYbU]{Shyka}, @Compendium[pf2e.deities.9FWBJcADLEeP8Krf]{Valmallos}</p>\n<p><strong>Domain Spell</strong> <em>@Compendium[pf2e.spells-srd.Vvxgn7saUPW2bJhb]{Read Fate}</em>; <strong>Advanced Domain Spell</strong> <em>@Compendium[pf2e.spells-srd.GqvKSxzN7A7kuFk4]{Tempt Fate}</em></p>\n<p>You see and understand hidden inevitabilities.</p>"
		},
		{
			"id": "Fire Domain",
			"name": "Fire Domain",
			"description": "<p><strong>Deities</strong> @Compendium[pf2e.deities.Xb1N5YfxboJH26Jh]{Angradd}, @Compendium[pf2e.deities.QRkcFciCOmFoxF1B]{Asmodeus}, @Compendium[pf2e.deities.R0DvoLO8WbYIYhb3]{Atreia}, @Compendium[pf2e.deities.vEMCpm7iidycRT5D]{Brigh}, @Compendium[pf2e.deities.OlVCyRgOaPJji4qt]{Chohar}, @Compendium[pf2e.deities.Bzfc5mIUfMxOnQWu]{Dahak}, @Compendium[pf2e.deities.39z55kowQFOUH2v0]{Droskar}, @Compendium[pf2e.deities.r6SFB1PzKsagDXff]{Lady Nanbyo}, @Compendium[pf2e.deities.g1VxllMjs2YRIJAm]{Moloch}, @Compendium[pf2e.deities.SAuFz101iP6VVwvw]{Nurgal}, @Compendium[pf2e.deities.woDEgBs1MznhzpJ4]{Ra}, @Compendium[pf2e.deities.GEBaoeiv5CB9h2Bn]{Ragathiel}, @Compendium[pf2e.deities.BNycwu3I21dTh4D9]{Sarenrae}, @Compendium[pf2e.deities.rDTXcBJ8LyqA2TkL]{Szuriel}, @Compendium[pf2e.deities.tb0oADxOoMhyrYRA]{Yamatsumi}, @Compendium[pf2e.deities.7L9KIqixgseSCY3X]{Ymeri}</p>\n<p><strong>Domain Spell</strong> <em>@Compendium[pf2e.spells-srd.oJKZi8OQgmVXHOc0]{Fire Ray}</em>; <strong>Advanced Domain Spell</strong> <em>@Compendium[pf2e.spells-srd.y7Tusv3CieZktkkV]{Flame Barrier}</em></p>\n<p>You control flame.</p>"
		},
		{
			"id": "Freedom Domain",
			"name": "Freedom Domain",
			"description": "<p><strong>Deities</strong> @Compendium[pf2e.deities.HtRxo4J3elFteIqu]{Arazni}, @Compendium[pf2e.deities.KDFujU3Yug6AwCOz]{Arshea}, @Compendium[pf2e.deities.c9NFjRR8gr6CWpjl]{Black Butterfly}, @Compendium[pf2e.deities.soiVh53y9RAeSLEk]{Casandalee}, @Compendium[pf2e.deities.v67fHklTZ6LoU54q]{Cayden Cailean}, @Compendium[pf2e.deities.oV5cnlPJQS8JfMIg]{Cosmic Caravan}, @Compendium[pf2e.deities.IXLzDSMGndFb5rGY]{Falayna}, @Compendium[pf2e.deities.iXvyp9rGnqvFfy4q]{Kazutal}, @Compendium[pf2e.deities.fTJLgTfEMZreJ19r]{Milani}, @Compendium[pf2e.deities.65o189p2eUPbqaDK]{Narriseminek}, @Compendium[pf2e.deities.Ij1KRM8ufkEjGnR3]{Ranginori}, @Compendium[pf2e.deities.1xHnoMlCyCV70TnT]{Saloc}, @Compendium[pf2e.deities.ra7mnjAZcEuJxI37]{Shei}, @Compendium[pf2e.deities.g1AVEGi8QibhS007]{Walkena}</p>\n<p><strong>Domain Spell</strong> <em>@Compendium[pf2e.spells-srd.gwOYh5zMVZB0HNcT]{Unimpeded Stride}</em>; <strong>Advanced Domain Spell</strong> <em>@Compendium[pf2e.spells-srd.2jB9eyX7YekwoCvA]{Word of Freedom}</em></p>\n<p>You liberate yourself and others from shackles and constraints.</p>"
		},
		{
			"id": "Glyph Domain",
			"name": "Glyph Domain",
			"description": "<p><strong>Deities</strong> @Compendium[pf2e.deities.QRkcFciCOmFoxF1B]{Asmodeus}, @Compendium[pf2e.deities.6mgCX7lvKtaEYoa9]{Dwarven Pantheon}, @Compendium[pf2e.deities.8DXel4AvpyUy6oJ0]{Eritrice}, @Compendium[pf2e.deities.tcvobm8O84qv0aO5]{Gruhastha}, @Compendium[pf2e.deities.WvoMr86bSSYxXKtI]{Hastur}, @Compendium[pf2e.deities.KIEgpcmHYtFu1dpg]{Imot}, @Compendium[pf2e.deities.lSciGZGcbU9PJxQy]{Irez}, @Compendium[pf2e.deities.xu05XGotyT5st56H]{Lady Jingxi}, @Compendium[pf2e.deities.w66gCNiZ7dslqG8K]{Lissala}, @Compendium[pf2e.deities.iMRXc519Uepf8yH3]{Magdh}, @Compendium[pf2e.deities.nsiDGdgbAzkTQzOt]{Magrim}, @Compendium[pf2e.deities.KWVdoAm3b01M8Lcp]{Mephistopheles}, @Compendium[pf2e.deities.gsFaxWHbZmc1moY6]{Nalinivati}, @Compendium[pf2e.deities.9EKyWmjLUu42evxC]{Nethys}, @Compendium[pf2e.deities.WO9UsCY41oTtC2G0]{Pillars of Knowledge}, @Compendium[pf2e.deities.iJyhAFmHOLZBvWnJ]{Sivanah}, @Compendium[pf2e.deities.aievwuZalZ2abs2q]{Thoth}, @Compendium[pf2e.deities.9FWBJcADLEeP8Krf]{Valmallos}, @Compendium[pf2e.deities.ZynnoQJFz12FD0Xn]{Wards of the Pharaoh}, @Compendium[pf2e.deities.8wOAwLMgB1HFLo9n]{Winlas}, @Compendium[pf2e.deities.iEt6idGIEPXY2HzV]{Ydajisk}</p>\n<p><strong>Domain Spell</strong> <em>@Compendium[pf2e.spells-srd.ifXNOhtmU4fKL68v]{Redact}</em>; <strong>Advanced Domain Spell</strong> <em>@Compendium[pf2e.spells-srd.vhe9DduqaivMs8FV]{Ghostly Transcription}</em></p>\n<p>You wield power over written words and symbols.</p>"
		},
		{
			"id": "Healing Domain",
			"name": "Healing Domain",
			"description": "<p><strong>Deities</strong> @Compendium[pf2e.deities.jrPmEfubRDzMKbxl]{Arundhat}, @Compendium[pf2e.deities.R0DvoLO8WbYIYhb3]{Atreia}, @Compendium[pf2e.deities.HD7g8T8ioy1EH3M8]{Bolka}, @Compendium[pf2e.deities.yiKle2URZ43KYVKQ]{Chamidu}, @Compendium[pf2e.deities.McUqN13BGLTpYWCg]{Green Man}, @Compendium[pf2e.deities.EFyDjlH7XjGq7Erd]{Isis}, @Compendium[pf2e.deities.5ZIvg8CkqRMepVcX]{Korada}, @Compendium[pf2e.deities.nuvfUC4TcOvFbKxx]{Osiris}, @Compendium[pf2e.deities.QZD0u1jxwz0kj8uI]{Pharasma}, @Compendium[pf2e.deities.giAsBYiL2omr0x2L]{Qi Zhong}, @Compendium[pf2e.deities.BNycwu3I21dTh4D9]{Sarenrae}, @Compendium[pf2e.deities.0nQItOlce5ua6Eaf]{Sekhmet}, @Compendium[pf2e.deities.xTD0XFaguBX6QQ2L]{Selket}, @Compendium[pf2e.deities.ra7mnjAZcEuJxI37]{Shei}, @Compendium[pf2e.deities.fTs56epghXwclPcX]{Stag Mother of the Forest of Stones}, @Compendium[pf2e.deities.6nq25AjImkT5GxDT]{The Prismatic Ray}, @Compendium[pf2e.deities.0R2BjVb7d9tYCIbk]{Tlehar}, @Compendium[pf2e.deities.ZynnoQJFz12FD0Xn]{Wards of the Pharaoh}</p>\n<p><strong>Domain Spell</strong> <em>@Compendium[pf2e.spells-srd.rhJyqB9g3ziImQgM]{Healer's Blessing}</em>; <strong>Advanced Domain Spell</strong> <em>@Compendium[pf2e.spells-srd.4nHYSMHito1GUXlm]{Rebuke Death}</em></p>\n<p>Your healing magic is particularly potent.</p>"
		},
		{
			"id": "Indulgence Domain",
			"name": "Indulgence Domain",
			"description": "<p><strong>Deities</strong> @Compendium[pf2e.deities.aj4ChTlDcZCmrtJD]{Baphomet}, @Compendium[pf2e.deities.v67fHklTZ6LoU54q]{Cayden Cailean}, @Compendium[pf2e.deities.RUzMtIQal0drPwQY]{Gogunta}, @Compendium[pf2e.deities.K1tzUClsozKcdpIe]{Halcamora}, @Compendium[pf2e.deities.DEKKbg6riAdL2ARf]{Hei Feng}, @Compendium[pf2e.deities.V5PbbkZUP9N7kl6h]{Kabriri}, @Compendium[pf2e.deities.ItYptsfjV8XvfhOV]{Lahkgya}, @Compendium[pf2e.deities.0nQItOlce5ua6Eaf]{Sekhmet}, @Compendium[pf2e.deities.BLNXYqvzmLgjMq2p]{Sun Wukong}, @Compendium[pf2e.deities.pVQzTL5elNTxvffu]{The Green Mother}, @Compendium[pf2e.deities.22n3N47sqbqbDxbp]{Urgathoa}, @Compendium[pf2e.deities.4bEPoujxhYdUyUOg]{Ydersius}, @Compendium[pf2e.deities.8ZSywyo8YQPduo92]{Zura}</p>\n<p><strong>Domain Spell</strong> <em>@Compendium[pf2e.spells-srd.mFHQ2u4LWiejqKQG]{Overstuff}</em>; <strong>Advanced Domain Spell</strong> <em>@Compendium[pf2e.spells-srd.ZeHeNQ5BNq6m5F1j]{Take its Course}</em></p>\n<p>You feast mightily and can shake off the effects of overindulging.</p>"
		},
		{
			"id": "Knowledge Domain",
			"name": "Knowledge Domain",
			"description": "<p><strong>Deities</strong> @Compendium[pf2e.deities.bLI1JMpI2GXQT5AC]{Abraxas}, @Compendium[pf2e.deities.CDkr6eXR1lgu7g6A]{Andoletta}, @Compendium[pf2e.deities.UUcAqU3KeJSMNxGF]{Barzahk}, @Compendium[pf2e.deities.vEMCpm7iidycRT5D]{Brigh}, @Compendium[pf2e.deities.soiVh53y9RAeSLEk]{Casandalee}, @Compendium[pf2e.deities.tcXrtRYCOr2EmgGB]{Charon}, @Compendium[pf2e.deities.dcbf3pBSNa2q1Kkq]{Dhalavei}, @Compendium[pf2e.deities.oyp2E685VsQFKMXi]{Dranngvit}, @Compendium[pf2e.deities.8DXel4AvpyUy6oJ0]{Eritrice}, @Compendium[pf2e.deities.xxUGdZYUj5IW7E0L]{Followers of Fate}, @Compendium[pf2e.deities.tcvobm8O84qv0aO5]{Gruhastha}, @Compendium[pf2e.deities.qqqrbq4uCrelQvgH]{Irori}, @Compendium[pf2e.deities.V5PbbkZUP9N7kl6h]{Kabriri}, @Compendium[pf2e.deities.zhPhYge7VJbIlJvA]{Kols}, @Compendium[pf2e.deities.xu05XGotyT5st56H]{Lady Jingxi}, @Compendium[pf2e.deities.lUFMwdv1UOyzFhIM]{Likha}, @Compendium[pf2e.deities.ArmPZQrl0SFAKvrY]{Ma'at}, @Compendium[pf2e.deities.iMRXc519Uepf8yH3]{Magdh}, @Compendium[pf2e.deities.KWVdoAm3b01M8Lcp]{Mephistopheles}, @Compendium[pf2e.deities.W4QGkdn9V5ACRpkh]{Monad}, @Compendium[pf2e.deities.65o189p2eUPbqaDK]{Narriseminek}, @Compendium[pf2e.deities.9EKyWmjLUu42evxC]{Nethys}, @Compendium[pf2e.deities.RzTd9PmgnfHNlFVf]{Ng}, @Compendium[pf2e.deities.iKgERiIc8rt3fatf]{Nyarlathotep (Haunter in the Dark)}, @Compendium[pf2e.deities.3nxIpMGeCvcBIVov]{Nyarlathotep (The Crawling Chaos)}, @Compendium[pf2e.deities.JgDqFUB1NtQkGmzp]{Otolmens}, @Compendium[pf2e.deities.QZD0u1jxwz0kj8uI]{Pharasma}, @Compendium[pf2e.deities.WO9UsCY41oTtC2G0]{Pillars of Knowledge}, @Compendium[pf2e.deities.giAsBYiL2omr0x2L]{Qi Zhong}, @Compendium[pf2e.deities.u3YfcJh1C4w6n75j]{Raumya}, @Compendium[pf2e.deities.1xHnoMlCyCV70TnT]{Saloc}, @Compendium[pf2e.deities.HbuynQRCjGKtbhcC]{The Lost Prince}, @Compendium[pf2e.deities.9FWBJcADLEeP8Krf]{Valmallos}, @Compendium[pf2e.deities.ZynnoQJFz12FD0Xn]{Wards of the Pharaoh}, @Compendium[pf2e.deities.8wOAwLMgB1HFLo9n]{Winlas}, @Compendium[pf2e.deities.iEt6idGIEPXY2HzV]{Ydajisk}, @Compendium[pf2e.deities.SUaGdvQXxSAQAw03]{Yog-Sothoth}, @Compendium[pf2e.deities.uYpxTi4byHc5w78R]{Yuelral}, @Compendium[pf2e.deities.SCGdJmm7Wzle9jFP]{Zohls}</p>\n<p><strong>Domain Spell</strong> <em>@Compendium[pf2e.spells-srd.dXIRotMLsABDQQSB]{Scholarly Recollection}</em>; <strong>Advanced Domain Spell</strong> <em>@Compendium[pf2e.spells-srd.l6zjNysNedpJcmDT]{Know the Enemy}</em></p>\n<p>You receive divine insights.</p>"
		},
		{
			"id": "Lightning Domain",
			"name": "Lightning Domain",
			"description": "<p><strong>Deities</strong> @Compendium[pf2e.deities.soiVh53y9RAeSLEk]{Casandalee}, @Compendium[pf2e.deities.EE8sNM4JraOPN669]{Cernunnos}, @Compendium[pf2e.deities.yiKle2URZ43KYVKQ]{Chamidu}, @Compendium[pf2e.deities.swwwP7eVmlNuWTb7]{Gozreh}, @Compendium[pf2e.deities.DEKKbg6riAdL2ARf]{Hei Feng}, @Compendium[pf2e.deities.Ij1KRM8ufkEjGnR3]{Ranginori}</p>\n<p><strong>Domain Spell</strong> <em>@Compendium[pf2e.spells-srd.g1eY1vN44mgluE33]{Charged Javelin}</em>; <strong>Advanced Domain Spell</strong> <em>@Compendium[pf2e.spells-srd.VUwpDY4Z91s9QCg0]{Bottle the Storm}</em></p>\n<p>You control electricity, thunder, and storms.</p>"
		},
		{
			"id": "Luck Domain",
			"name": "Luck Domain",
			"description": "<p><strong>Deities</strong> @Compendium[pf2e.deities.eyGEoggFlTEUQmvJ]{Bes}, @Compendium[pf2e.deities.JgqH3BhuEuA4Zyqs]{Desna}, @Compendium[pf2e.deities.3ffVxwgtvR1imHm8]{Gendowyn}, @Compendium[pf2e.deities.K1tzUClsozKcdpIe]{Halcamora}, @Compendium[pf2e.deities.lSciGZGcbU9PJxQy]{Irez}, @Compendium[pf2e.deities.AIcDyoff265z9285]{Kofusachi}, @Compendium[pf2e.deities.MbJ93Nw39h2cBYi5]{Lao Shu Po}, @Compendium[pf2e.deities.Mv6uTJLh3VGEoGLH]{Nivi Rhombodazzle}</p>\n<p><strong>Domain Spell</strong> <em>@Compendium[pf2e.spells-srd.Fr2CGvWcgSyLcUi7]{Bit of Luck}</em>; <strong>Advanced Domain Spell</strong> <em>@Compendium[pf2e.spells-srd.7OwZHalOdRCRnFmZ]{Lucky Break}</em></p>\n<p>You're unnaturally lucky and keep out of harm's way.</p>"
		},
		{
			"id": "Magic Domain",
			"name": "Magic Domain",
			"description": "<p><strong>Deities</strong> @Compendium[pf2e.deities.bLI1JMpI2GXQT5AC]{Abraxas}, @Compendium[pf2e.deities.9n2CI0B3EA4y3BuU]{Alseta}, @Compendium[pf2e.deities.jrPmEfubRDzMKbxl]{Arundhat}, @Compendium[pf2e.deities.9WD0hbUT0IbnuTiM]{Baalzebul}, @Compendium[pf2e.deities.oiEo6tDP3gICHtfZ]{Barbatos}, @Compendium[pf2e.deities.Zw8nhcpRxinoYRSa]{Elven Pantheon}, @Compendium[pf2e.deities.lSciGZGcbU9PJxQy]{Irez}, @Compendium[pf2e.deities.EFyDjlH7XjGq7Erd]{Isis}, @Compendium[pf2e.deities.5ZIvg8CkqRMepVcX]{Korada}, @Compendium[pf2e.deities.w66gCNiZ7dslqG8K]{Lissala}, @Compendium[pf2e.deities.gsFaxWHbZmc1moY6]{Nalinivati}, @Compendium[pf2e.deities.9EKyWmjLUu42evxC]{Nethys}, @Compendium[pf2e.deities.RzTd9PmgnfHNlFVf]{Ng}, @Compendium[pf2e.deities.3nxIpMGeCvcBIVov]{Nyarlathotep (The Crawling Chaos)}, @Compendium[pf2e.deities.giAsBYiL2omr0x2L]{Qi Zhong}, @Compendium[pf2e.deities.xTD0XFaguBX6QQ2L]{Selket}, @Compendium[pf2e.deities.iJyhAFmHOLZBvWnJ]{Sivanah}, @Compendium[pf2e.deities.vnmoAGURp8oWCY6R]{Soralyon}, @Compendium[pf2e.deities.22n3N47sqbqbDxbp]{Urgathoa}, @Compendium[pf2e.deities.9FWBJcADLEeP8Krf]{Valmallos}, @Compendium[pf2e.deities.ZynnoQJFz12FD0Xn]{Wards of the Pharaoh}, @Compendium[pf2e.deities.uYpxTi4byHc5w78R]{Yuelral}</p>\n<p><strong>Domain Spell</strong> <em>@Compendium[pf2e.spells-srd.u4FGIUQgruLjml7J]{Magic's Vessel}</em>; <strong>Advanced Domain Spell</strong> <em>@Compendium[pf2e.spells-srd.2SYq0ZTsOtJEigFx]{Mystic Beacon}</em></p>\n<p>You perform the unexpected and inexplicable.</p>"
		},
		{
			"id": "Might Domain",
			"name": "Might Domain",
			"description": "<p><strong>Deities</strong> @Compendium[pf2e.deities.51kMMWaT6CqpGlGk]{Achaekek}, @Compendium[pf2e.deities.uXkMGx0OD896ZQlT]{Alglenweis}, @Compendium[pf2e.deities.cHAbE86pto5bvIWo]{Angazhan}, @Compendium[pf2e.deities.RbslST0RZPXj6Eby]{Ashukharma}, @Compendium[pf2e.deities.aChBtIDfA59QQ7SN]{Ayrzul}, @Compendium[pf2e.deities.aj4ChTlDcZCmrtJD]{Baphomet}, @Compendium[pf2e.deities.v67fHklTZ6LoU54q]{Cayden Cailean}, @Compendium[pf2e.deities.oyp2E685VsQFKMXi]{Dranngvit}, @Compendium[pf2e.deities.aVyxfqY9GBjTqQul]{Eiseth}, @Compendium[pf2e.deities.IXLzDSMGndFb5rGY]{Falayna}, @Compendium[pf2e.deities.Zi1UARhode3FSFLr]{General Susumu}, @Compendium[pf2e.deities.WOiSJ4IWjaRsSgRO]{Geryon}, @Compendium[pf2e.deities.RUzMtIQal0drPwQY]{Gogunta}, @Compendium[pf2e.deities.88vRw2ZVPax4hhga]{Gorum}, @Compendium[pf2e.deities.McUqN13BGLTpYWCg]{Green Man}, @Compendium[pf2e.deities.VvxEvEKhCGRwrMJp]{Imbrex}, @Compendium[pf2e.deities.eErEiVmBqltYXFJ6]{Iomedae}, @Compendium[pf2e.deities.qqqrbq4uCrelQvgH]{Irori}, @Compendium[pf2e.deities.aLCfEgt48SRUHnMC]{Jaidi}, @Compendium[pf2e.deities.iXvyp9rGnqvFfy4q]{Kazutal}, @Compendium[pf2e.deities.zhPhYge7VJbIlJvA]{Kols}, @Compendium[pf2e.deities.JcIf4uwKLxEWdplI]{Kostchtchie}, @Compendium[pf2e.deities.r5vooG7NfvA9prJK]{Kurgess}, @Compendium[pf2e.deities.aipkJQxP4GBsTaGq]{Lamashtu}, @Compendium[pf2e.deities.g1VxllMjs2YRIJAm]{Moloch}, @Compendium[pf2e.deities.o9tK1T28LNEVzpFV]{Ragdya}, @Compendium[pf2e.deities.u3YfcJh1C4w6n75j]{Raumya}, @Compendium[pf2e.deities.0nQItOlce5ua6Eaf]{Sekhmet}, @Compendium[pf2e.deities.TvxsVRztDlGcWpcI]{Sobek}, @Compendium[pf2e.deities.BLNXYqvzmLgjMq2p]{Sun Wukong}, @Compendium[pf2e.deities.rDTXcBJ8LyqA2TkL]{Szuriel}, @Compendium[pf2e.deities.N8a76dkGfUvxvSW0]{Trudd}, @Compendium[pf2e.deities.22n3N47sqbqbDxbp]{Urgathoa}, @Compendium[pf2e.deities.tb0oADxOoMhyrYRA]{Yamatsumi}, @Compendium[pf2e.deities.4bEPoujxhYdUyUOg]{Ydersius}, @Compendium[pf2e.deities.8roijlQ03l9rWFFe]{Zevgavizeb}</p>\n<p><strong>Domain Spell</strong> <em>@Compendium[pf2e.spells-srd.UGJzJRJDoonfWqqI]{Athletic Rush}</em>; <strong>Advanced Domain Spell</strong> <em>@Compendium[pf2e.spells-srd.eG1fBodYwolaXK98]{Enduring Might}</em></p>\n<p>Your physical power is bolstered by divine strength.</p>"
		},
		{
			"id": "Moon Domain",
			"name": "Moon Domain",
			"description": "<p><strong>Deities</strong> @Compendium[pf2e.deities.DJ7LDFTtns6YFodT]{Ashava}, @Compendium[pf2e.deities.oV5cnlPJQS8JfMIg]{Cosmic Caravan}, @Compendium[pf2e.deities.JgqH3BhuEuA4Zyqs]{Desna}, @Compendium[pf2e.deities.liXIbl7y8www2eAn]{Findeladlara}, @Compendium[pf2e.deities.rRuxBgC58PxrLzRv]{Horus}, @Compendium[pf2e.deities.wjXNXFWBLbJaeZQR]{Ketephys}, @Compendium[pf2e.deities.VG51y4FbTLdeGHZB]{The Path of the Heavens}, @Compendium[pf2e.deities.6nq25AjImkT5GxDT]{The Prismatic Ray}, @Compendium[pf2e.deities.aievwuZalZ2abs2q]{Thoth}, @Compendium[pf2e.deities.aTYy1WHwAZiuei4h]{Tsukiyo}</p>\n<p><strong>Domain Spell</strong> <em>@Compendium[pf2e.spells-srd.SuBtUJiU6DbSJYIw]{Moonbeam}</em>; <strong>Advanced Domain Spell</strong> <em>@Compendium[pf2e.spells-srd.oXCwHBeDja4e0Mx0]{Touch of the Moon}</em></p>\n<p>You command powers associated with the moon.</p>"
		},
		{
			"id": "Naga Domain",
			"name": "Naga Domain",
			"description": "<p><strong>Deities</strong> @Compendium[pf2e.deities.1nQVLOyWv5kC0bCU]{Ravithra}</p>\n<p><strong>Domain Spell</strong> <em>@Compendium[pf2e.spells-srd.lXxP1ziyf4ozkpmv]{Split the Tongue}</em>; <strong>Advanced Domain Spell</strong> <em>@Compendium[pf2e.spells-srd.CPNlhDQP3aDmLzB3]{Ordained Purpose}</em></p>\n<p>Like the serpentine nagas, you're in tune with cosmic forces that Ravithra once controlled.</p>"
		},
		{
			"id": "Nature Domain",
			"name": "Nature Domain",
			"description": "<p><strong>Deities</strong> @Compendium[pf2e.deities.cHAbE86pto5bvIWo]{Angazhan}, @Compendium[pf2e.deities.jrPmEfubRDzMKbxl]{Arundhat}, @Compendium[pf2e.deities.oiEo6tDP3gICHtfZ]{Barbatos}, @Compendium[pf2e.deities.zRmAXj7FSlrMfDeA]{Bastet}, @Compendium[pf2e.deities.EE8sNM4JraOPN669]{Cernunnos}, @Compendium[pf2e.deities.yiKle2URZ43KYVKQ]{Chamidu}, @Compendium[pf2e.deities.gXHoxuuiAD54LnWV]{Cyth-V'sug}, @Compendium[pf2e.deities.M3eb94Nd6uXti2IK]{Daikitsu}, @Compendium[pf2e.deities.Zw8nhcpRxinoYRSa]{Elven Pantheon}, @Compendium[pf2e.deities.mm1j6UbHqFCI8fwB]{Erastil}, @Compendium[pf2e.deities.3ffVxwgtvR1imHm8]{Gendowyn}, @Compendium[pf2e.deities.swwwP7eVmlNuWTb7]{Gozreh}, @Compendium[pf2e.deities.McUqN13BGLTpYWCg]{Green Man}, @Compendium[pf2e.deities.tcvobm8O84qv0aO5]{Gruhastha}, @Compendium[pf2e.deities.K1tzUClsozKcdpIe]{Halcamora}, @Compendium[pf2e.deities.aLCfEgt48SRUHnMC]{Jaidi}, @Compendium[pf2e.deities.wjXNXFWBLbJaeZQR]{Ketephys}, @Compendium[pf2e.deities.ItYptsfjV8XvfhOV]{Lahkgya}, @Compendium[pf2e.deities.SCMlQDcoU1QcF3AS]{Lysianassa}, @Compendium[pf2e.deities.hWTTS0e7J9hJfsp3]{Matravash}, @Compendium[pf2e.deities.E1dUhoSEf2XfklU2]{Mother Vulture}, @Compendium[pf2e.deities.8Oy4qHylOOp79JxD]{Nhimbaloth}, @Compendium[pf2e.deities.nuvfUC4TcOvFbKxx]{Osiris}, @Compendium[pf2e.deities.woDEgBs1MznhzpJ4]{Ra}, @Compendium[pf2e.deities.xTD0XFaguBX6QQ2L]{Selket}, @Compendium[pf2e.deities.fTs56epghXwclPcX]{Stag Mother of the Forest of Stones}, @Compendium[pf2e.deities.BLNXYqvzmLgjMq2p]{Sun Wukong}, @Compendium[pf2e.deities.DFxbPmQLOqcmbPTz]{Tanagaar}, @Compendium[pf2e.deities.pVQzTL5elNTxvffu]{The Green Mother}, @Compendium[pf2e.deities.ENzMYuzBZGIujSMx]{Treerazer}, @Compendium[pf2e.deities.mebdNVKeKuTmDDHj]{Xhamen-Dor}, @Compendium[pf2e.deities.YXmeBdOZfWgUljW1]{Ylimancha}, @Compendium[pf2e.deities.8roijlQ03l9rWFFe]{Zevgavizeb}</p>\n<p><strong>Domain Spell</strong> <em>@Compendium[pf2e.spells-srd.nnSipUPNd3sm5vYL]{Vibrant Thorns}</em>; <strong>Advanced Domain Spell</strong> <em>@Compendium[pf2e.spells-srd.vSSKyUdrHu86E5Gk]{Nature's Bounty}</em></p>\n<p>You hold power over animals and plants.</p>"
		},
		{
			"id": "Nightmares Domain",
			"name": "Nightmares Domain",
			"description": "<p><strong>Deities</strong> @Compendium[pf2e.deities.sILda7I8Ak20Ioj9]{Azathoth}, @Compendium[pf2e.deities.yiKle2URZ43KYVKQ]{Chamidu}, @Compendium[pf2e.deities.WloVxo6HXJdS4YTt]{Groetus}, @Compendium[pf2e.deities.zlJGKpeLBwajP91o]{Gyronna}, @Compendium[pf2e.deities.bF77ydtptI54STl9]{Jaidz}, @Compendium[pf2e.deities.14GLsVobnZTEmJrs]{Kelizandri}, @Compendium[pf2e.deities.aipkJQxP4GBsTaGq]{Lamashtu}, @Compendium[pf2e.deities.iKgERiIc8rt3fatf]{Nyarlathotep (Haunter in the Dark)}, @Compendium[pf2e.deities.3nxIpMGeCvcBIVov]{Nyarlathotep (The Crawling Chaos)}, @Compendium[pf2e.deities.BrbXGyzCeORNyJT5]{Sifkesh}, @Compendium[pf2e.deities.ENzMYuzBZGIujSMx]{Treerazer}, @Compendium[pf2e.deities.9eltBjLngkR9x1Xm]{Trelmarixian}, @Compendium[pf2e.deities.8ZSywyo8YQPduo92]{Zura}</p>\n<p><strong>Domain Spell</strong> <em>@Compendium[pf2e.spells-srd.DU5daB09xwfE1y38]{Waking Nightmare}</em>; <strong>Advanced Domain Spell</strong> <em>@Compendium[pf2e.spells-srd.skvgOWNTitLehL0b]{Shared Nightmare}</em></p>\n<p>You fill minds with horror and dread.</p>"
		},
		{
			"id": "Pain Domain",
			"name": "Pain Domain",
			"description": "<p><strong>Deities</strong> @Compendium[pf2e.deities.HtRxo4J3elFteIqu]{Arazni}, @Compendium[pf2e.deities.AlL9GtlTldbqNoVm]{Calistria}, @Compendium[pf2e.deities.AMFkYKUNQ3kCD0ob]{Doloras}, @Compendium[pf2e.deities.zlJGKpeLBwajP91o]{Gyronna}, @Compendium[pf2e.deities.hhV2g6aU8jKLEca1]{Narakaas}, @Compendium[pf2e.deities.zzhYFcShT9JoE2Mp]{Shax}, @Compendium[pf2e.deities.BrbXGyzCeORNyJT5]{Sifkesh}, @Compendium[pf2e.deities.fTs56epghXwclPcX]{Stag Mother of the Forest of Stones}, @Compendium[pf2e.deities.y93whGnGZjFyw5A0]{Vildeis}, @Compendium[pf2e.deities.83jKKHQPoqVylmrF]{Yaezhing}, @Compendium[pf2e.deities.ZfN7jkK6boU1FuiS]{Zon-Kuthon}</p>\n<p><strong>Domain Spell</strong> <em>@Compendium[pf2e.spells-srd.xn0V2HDrmDWNzPEt]{Savor the Sting}</em>; <strong>Advanced Domain Spell</strong> <em>@Compendium[pf2e.spells-srd.SSsUC7rZo0CwayPn]{Retributive Pain}</em></p>\n<p>You punish those who displease you with the sharp sting of pain.</p>"
		},
		{
			"id": "Passion Domain",
			"name": "Passion Domain",
			"description": "<p><strong>Deities</strong> @Compendium[pf2e.deities.uydTiyN5AzhBnQY8]{Ardad Lili}, @Compendium[pf2e.deities.KDFujU3Yug6AwCOz]{Arshea}, @Compendium[pf2e.deities.zRmAXj7FSlrMfDeA]{Bastet}, @Compendium[pf2e.deities.remyY1BwhEVmBwya]{Belial}, @Compendium[pf2e.deities.HD7g8T8ioy1EH3M8]{Bolka}, @Compendium[pf2e.deities.AlL9GtlTldbqNoVm]{Calistria}, @Compendium[pf2e.deities.EE8sNM4JraOPN669]{Cernunnos}, @Compendium[pf2e.deities.TpAMy8tb5LrRgvqN]{Hathor}, @Compendium[pf2e.deities.EFyDjlH7XjGq7Erd]{Isis}, @Compendium[pf2e.deities.AIcDyoff265z9285]{Kofusachi}, @Compendium[pf2e.deities.lUFMwdv1UOyzFhIM]{Likha}, @Compendium[pf2e.deities.QibpLccM5bLUMopj]{Lymnieris}, @Compendium[pf2e.deities.pm8H2DbtrHM01KNV]{Naderi}, @Compendium[pf2e.deities.gsFaxWHbZmc1moY6]{Nalinivati}, @Compendium[pf2e.deities.gxwmzxUWBOhdgFSN]{Shelyn}, @Compendium[pf2e.deities.pVQzTL5elNTxvffu]{The Green Mother}, @Compendium[pf2e.deities.nuqIimigyt986WLE]{The Lantern King}, @Compendium[pf2e.deities.0R2BjVb7d9tYCIbk]{Tlehar}</p>\n<p><strong>Domain Spell</strong> <em>@Compendium[pf2e.spells-srd.ut9IhJ9jSZSHDUop]{Charming Touch}</em>; <strong>Advanced Domain Spell</strong> <em>@Compendium[pf2e.spells-srd.jJphHQlENHFlSElH]{Captivating Adoration}</em></p>\n<p>You evoke passion, whether as love or lust.</p>"
		},
		{
			"id": "Perfection Domain",
			"name": "Perfection Domain",
			"description": "<p><strong>Deities</strong> @Compendium[pf2e.deities.KDFujU3Yug6AwCOz]{Arshea}, @Compendium[pf2e.deities.soiVh53y9RAeSLEk]{Casandalee}, @Compendium[pf2e.deities.tcvobm8O84qv0aO5]{Gruhastha}, @Compendium[pf2e.deities.qqqrbq4uCrelQvgH]{Irori}, @Compendium[pf2e.deities.65o189p2eUPbqaDK]{Narriseminek}, @Compendium[pf2e.deities.JgDqFUB1NtQkGmzp]{Otolmens}, @Compendium[pf2e.deities.WO9UsCY41oTtC2G0]{Pillars of Knowledge}, @Compendium[pf2e.deities.o9tK1T28LNEVzpFV]{Ragdya}, @Compendium[pf2e.deities.ra7mnjAZcEuJxI37]{Shei}, @Compendium[pf2e.deities.s9opv94lGDRKnw6W]{Shizuru}, @Compendium[pf2e.deities.JndhOIHnQoMwnsw3]{The Godclaw}</p>\n<p><strong>Domain Spell</strong> <em>@Compendium[pf2e.spells-srd.cDFAQN7Z3es07WSA]{Perfected Mind}</em>; <strong>Advanced Domain Spell</strong> <em>@Compendium[pf2e.spells-srd.8ifpNZkaxrbs3dBJ]{Perfected Form}</em></p>\n<p>You strive to perfect your mind, body, and spirit.</p>"
		},
		{
			"id": "Plague Domain",
			"name": "Plague Domain",
			"description": "<p><strong>Deities</strong> @Compendium[pf2e.deities.oJPwMa9xG8oMnC14]{Apollyon}, @Compendium[pf2e.deities.gXHoxuuiAD54LnWV]{Cyth-V'sug}, @Compendium[pf2e.deities.oRvuLq3o2FxXizt9]{Ghlaunder}, @Compendium[pf2e.deities.r6SFB1PzKsagDXff]{Lady Nanbyo}</p>\n<p><strong>Domain Spell</strong> <em>@Compendium[pf2e.spells-srd.NkeLctXo9FLGnDhi]{Divine Plagues}</em>; <strong>Advanced Domain Spell</strong> <em>@Compendium[pf2e.spells-srd.6nTBr5XNuKOuPM5m]{Foul Miasma}</em></p>\n<p>You wield disease and pestilence like a weapon.</p>"
		},
		{
			"id": "Protection Domain",
			"name": "Protection Domain",
			"description": "<p><strong>Deities</strong> @Compendium[pf2e.deities.9n2CI0B3EA4y3BuU]{Alseta}, @Compendium[pf2e.deities.CDkr6eXR1lgu7g6A]{Andoletta}, @Compendium[pf2e.deities.Xb1N5YfxboJH26Jh]{Angradd}, @Compendium[pf2e.deities.5YUNikBpJZ596MRD]{Anubis}, @Compendium[pf2e.deities.o8ayCv3LAHWlu0vQ]{Apsu}, @Compendium[pf2e.deities.HtRxo4J3elFteIqu]{Arazni}, @Compendium[pf2e.deities.jrPmEfubRDzMKbxl]{Arundhat}, @Compendium[pf2e.deities.RbslST0RZPXj6Eby]{Ashukharma}, @Compendium[pf2e.deities.R0DvoLO8WbYIYhb3]{Atreia}, @Compendium[pf2e.deities.zRmAXj7FSlrMfDeA]{Bastet}, @Compendium[pf2e.deities.eyGEoggFlTEUQmvJ]{Bes}, @Compendium[pf2e.deities.6mgCX7lvKtaEYoa9]{Dwarven Pantheon}, @Compendium[pf2e.deities.VEyowuhC4FsBnG8c]{Folgrit}, @Compendium[pf2e.deities.McUqN13BGLTpYWCg]{Green Man}, @Compendium[pf2e.deities.tk7gRxXsqvBwQrUF]{Grundinnar}, @Compendium[pf2e.deities.rRuxBgC58PxrLzRv]{Horus}, @Compendium[pf2e.deities.bF77ydtptI54STl9]{Jaidz}, @Compendium[pf2e.deities.iXvyp9rGnqvFfy4q]{Kazutal}, @Compendium[pf2e.deities.5ZIvg8CkqRMepVcX]{Korada}, @Compendium[pf2e.deities.QibpLccM5bLUMopj]{Lymnieris}, @Compendium[pf2e.deities.ArmPZQrl0SFAKvrY]{Ma'at}, @Compendium[pf2e.deities.9EKyWmjLUu42evxC]{Nethys}, @Compendium[pf2e.deities.giAsBYiL2omr0x2L]{Qi Zhong}, @Compendium[pf2e.deities.xTD0XFaguBX6QQ2L]{Selket}, @Compendium[pf2e.deities.gxwmzxUWBOhdgFSN]{Shelyn}, @Compendium[pf2e.deities.TvxsVRztDlGcWpcI]{Sobek}, @Compendium[pf2e.deities.vnmoAGURp8oWCY6R]{Soralyon}, @Compendium[pf2e.deities.JndhOIHnQoMwnsw3]{The Godclaw}, @Compendium[pf2e.deities.6nq25AjImkT5GxDT]{The Prismatic Ray}, @Compendium[pf2e.deities.sZrdzh0ANQnZGXJb]{Torag}, @Compendium[pf2e.deities.N8a76dkGfUvxvSW0]{Trudd}, @Compendium[pf2e.deities.GUmYLD7PGmE2TOx6]{Wadjet}, @Compendium[pf2e.deities.ZynnoQJFz12FD0Xn]{Wards of the Pharaoh}, @Compendium[pf2e.deities.8wOAwLMgB1HFLo9n]{Winlas}</p>\n<p><strong>Domain Spell</strong> <em>@Compendium[pf2e.spells-srd.rQYob0QMJ0I1U2sU]{Protector's Sacrifice}</em>; <strong>Advanced Domain Spell</strong> <em>@Compendium[pf2e.spells-srd.DH9Y3RQGWO0GzXGU]{Protector's Sphere}</em></p>\n<p>You ward yourself and others.</p>"
		},
		{
			"id": "Repose Domain",
			"name": "Repose Domain",
			"description": "<p><strong>Deities</strong> @Compendium[pf2e.deities.DJ7LDFTtns6YFodT]{Ashava}, @Compendium[pf2e.deities.RbslST0RZPXj6Eby]{Ashukharma}, @Compendium[pf2e.deities.AMFkYKUNQ3kCD0ob]{Doloras}, @Compendium[pf2e.deities.VEyowuhC4FsBnG8c]{Folgrit}, @Compendium[pf2e.deities.xu05XGotyT5st56H]{Lady Jingxi}, @Compendium[pf2e.deities.QibpLccM5bLUMopj]{Lymnieris}, @Compendium[pf2e.deities.BNycwu3I21dTh4D9]{Sarenrae}, @Compendium[pf2e.deities.gxwmzxUWBOhdgFSN]{Shelyn}, @Compendium[pf2e.deities.HbuynQRCjGKtbhcC]{The Lost Prince}, @Compendium[pf2e.deities.aTYy1WHwAZiuei4h]{Tsukiyo}</p>\n<p><strong>Domain Spell</strong> <em>@Compendium[pf2e.spells-srd.cJq5NarY0eOZN74A]{Share Burden}</em>; <strong>Advanced Domain Spell</strong> <em>@Compendium[pf2e.spells-srd.yY1H5zhO5dHmD8lz]{Font of Serenity}</em></p>\n<p>You ease mental burdens.</p>"
		},
		{
			"id": "Secrecy Domain",
			"name": "Secrecy Domain",
			"description": "<p><strong>Deities</strong> @Compendium[pf2e.deities.aChBtIDfA59QQ7SN]{Ayrzul}, @Compendium[pf2e.deities.aj4ChTlDcZCmrtJD]{Baphomet}, @Compendium[pf2e.deities.c9NFjRR8gr6CWpjl]{Black Butterfly}, @Compendium[pf2e.deities.AlL9GtlTldbqNoVm]{Calistria}, @Compendium[pf2e.deities.dcbf3pBSNa2q1Kkq]{Dhalavei}, @Compendium[pf2e.deities.Dm8qlzpUj7g82QFv]{Erecura}, @Compendium[pf2e.deities.WvoMr86bSSYxXKtI]{Hastur}, @Compendium[pf2e.deities.wjXNXFWBLbJaeZQR]{Ketephys}, @Compendium[pf2e.deities.KWVdoAm3b01M8Lcp]{Mephistopheles}, @Compendium[pf2e.deities.RzTd9PmgnfHNlFVf]{Ng}, @Compendium[pf2e.deities.GX6PF9ifR47Xyjg9]{Norgorber}, @Compendium[pf2e.deities.WO9UsCY41oTtC2G0]{Pillars of Knowledge}, @Compendium[pf2e.deities.iJyhAFmHOLZBvWnJ]{Sivanah}</p>\n<p><strong>Domain Spell</strong> <em>@Compendium[pf2e.spells-srd.k43PIYwuQqjeJ3S3]{Forced Quiet}</em>; <strong>Advanced Domain Spell</strong> <em>@Compendium[pf2e.spells-srd.OsrtOeG0TvDNnEFH]{Safeguard Secret}</em></p>\n<p>You protect secrets and keep them hidden.</p>"
		},
		{
			"id": "Sorrow Domain",
			"name": "Sorrow Domain",
			"description": "<p><strong>Deities</strong> @Compendium[pf2e.deities.CDkr6eXR1lgu7g6A]{Andoletta}, @Compendium[pf2e.deities.HtRxo4J3elFteIqu]{Arazni}, @Compendium[pf2e.deities.vSUz97Y29l1O50bC]{Count Ranalc}, @Compendium[pf2e.deities.AMFkYKUNQ3kCD0ob]{Doloras}, @Compendium[pf2e.deities.lUFMwdv1UOyzFhIM]{Likha}, @Compendium[pf2e.deities.pm8H2DbtrHM01KNV]{Naderi}, @Compendium[pf2e.deities.hhV2g6aU8jKLEca1]{Narakaas}, @Compendium[pf2e.deities.Vzxm5FyIA40b2OSP]{Pulura}, @Compendium[pf2e.deities.1nQVLOyWv5kC0bCU]{Ravithra}, @Compendium[pf2e.deities.s9opv94lGDRKnw6W]{Shizuru}, @Compendium[pf2e.deities.BrbXGyzCeORNyJT5]{Sifkesh}, @Compendium[pf2e.deities.HbuynQRCjGKtbhcC]{The Lost Prince}, @Compendium[pf2e.deities.y93whGnGZjFyw5A0]{Vildeis}, @Compendium[pf2e.deities.LLMTMgARSTlO7S9U]{Zyphus}</p>\n<p><strong>Domain Spell</strong> <em>@Compendium[pf2e.spells-srd.T90ij2uu6ZaBaSXV]{Lament}</em>; <strong>Advanced Domain Spell</strong> <em>@Compendium[pf2e.spells-srd.eCniO6INHNfc9Svr]{Overflowing Sorrow}</em></p>\n<p>You have a painful connection to melancholy and sadness.</p>"
		},
		{
			"id": "Soul Domain",
			"name": "Soul Domain",
			"description": "<p><strong>Deities</strong> @Compendium[pf2e.deities.uXkMGx0OD896ZQlT]{Alglenweis}, @Compendium[pf2e.deities.5YUNikBpJZ596MRD]{Anubis}, @Compendium[pf2e.deities.DJ7LDFTtns6YFodT]{Ashava}, @Compendium[pf2e.deities.tcXrtRYCOr2EmgGB]{Charon}, @Compendium[pf2e.deities.ub0PJ5QkrdoGzzb2]{Luhar}, @Compendium[pf2e.deities.QZD0u1jxwz0kj8uI]{Pharasma}, @Compendium[pf2e.deities.1nQVLOyWv5kC0bCU]{Ravithra}, @Compendium[pf2e.deities.aTYy1WHwAZiuei4h]{Tsukiyo}, @Compendium[pf2e.deities.LLMTMgARSTlO7S9U]{Zyphus}</p>\n<p><strong>Domain Spell</strong> <em>@Compendium[pf2e.spells-srd.rVhHaWqUsVUO4GuY]{Eject Soul}</em>; <strong>Advanced Domain Spell</strong> <em>@Compendium[pf2e.spells-srd.QE9f3OxvvBThymD4]{Ectoplasmic Interstice}</em></p>\n<p>You wield power over the spiritual.</p>"
		},
		{
			"id": "Star Domain",
			"name": "Star Domain",
			"description": "<p><strong>Deities</strong> @Compendium[pf2e.deities.c9NFjRR8gr6CWpjl]{Black Butterfly}, @Compendium[pf2e.deities.oV5cnlPJQS8JfMIg]{Cosmic Caravan}, @Compendium[pf2e.deities.JgqH3BhuEuA4Zyqs]{Desna}, @Compendium[pf2e.deities.liXIbl7y8www2eAn]{Findeladlara}, @Compendium[pf2e.deities.ub0PJ5QkrdoGzzb2]{Luhar}, @Compendium[pf2e.deities.ArmPZQrl0SFAKvrY]{Ma'at}, @Compendium[pf2e.deities.Vzxm5FyIA40b2OSP]{Pulura}, @Compendium[pf2e.deities.VG51y4FbTLdeGHZB]{The Path of the Heavens}</p>\n<p><strong>Domain Spell</strong> <em>@Compendium[pf2e.spells-srd.Yrek2Yd4k3DPC2zV]{Zenith Star}</em>; <strong>Advanced Domain Spell</strong> <em>@Compendium[pf2e.spells-srd.KG7amdeXWc7MjGXe]{Asterism}</em></p>\n<p>You command the power of the stars.</p>"
		},
		{
			"id": "Sun Domain",
			"name": "Sun Domain",
			"description": "<p><strong>Deities</strong> @Compendium[pf2e.deities.R0DvoLO8WbYIYhb3]{Atreia}, @Compendium[pf2e.deities.OlVCyRgOaPJji4qt]{Chohar}, @Compendium[pf2e.deities.TpAMy8tb5LrRgvqN]{Hathor}, @Compendium[pf2e.deities.rRuxBgC58PxrLzRv]{Horus}, @Compendium[pf2e.deities.aLCfEgt48SRUHnMC]{Jaidi}, @Compendium[pf2e.deities.ub0PJ5QkrdoGzzb2]{Luhar}, @Compendium[pf2e.deities.SAuFz101iP6VVwvw]{Nurgal}, @Compendium[pf2e.deities.woDEgBs1MznhzpJ4]{Ra}, @Compendium[pf2e.deities.BNycwu3I21dTh4D9]{Sarenrae}, @Compendium[pf2e.deities.s9opv94lGDRKnw6W]{Shizuru}, @Compendium[pf2e.deities.97Qe42wJN5EVUS14]{Sturovenen}, @Compendium[pf2e.deities.VG51y4FbTLdeGHZB]{The Path of the Heavens}, @Compendium[pf2e.deities.6nq25AjImkT5GxDT]{The Prismatic Ray}, @Compendium[pf2e.deities.0R2BjVb7d9tYCIbk]{Tlehar}, @Compendium[pf2e.deities.g1AVEGi8QibhS007]{Walkena}</p>\n<p><strong>Domain Spell</strong> <em>@Compendium[pf2e.spells-srd.zul5cBTfr7NXHBZf]{Dazzling Flash}</em>; <strong>Advanced Domain Spell</strong> <em>@Compendium[pf2e.spells-srd.8XuNn0h0rHE24m3B]{Positive Luminance}</em></p>\n<p>You harness the power of the sun and other light sources, and punish undead.</p>"
		},
		{
			"id": "Swarm Domain",
			"name": "Swarm Domain",
			"description": "<p><strong>Deities</strong> @Compendium[pf2e.deities.oJPwMa9xG8oMnC14]{Apollyon}, @Compendium[pf2e.deities.oRvuLq3o2FxXizt9]{Ghlaunder}, @Compendium[pf2e.deities.K1tzUClsozKcdpIe]{Halcamora}, @Compendium[pf2e.deities.ItYptsfjV8XvfhOV]{Lahkgya}, @Compendium[pf2e.deities.MbJ93Nw39h2cBYi5]{Lao Shu Po}, @Compendium[pf2e.deities.IZcdF1G8ZsnMotaM]{Pazuzu}, @Compendium[pf2e.deities.Bhxji0kxIbMKqdkw]{Rovagug}, @Compendium[pf2e.deities.22n3N47sqbqbDxbp]{Urgathoa}</p>\n<p><strong>Domain Spell</strong> <em>@Compendium[pf2e.spells-srd.5wjl0ZwEvvUh7sor]{Swarmsense}</em>; <strong>Advanced Domain Spell</strong> <em>@Compendium[pf2e.spells-srd.Pd2M1XY8EXrSfWgJ]{Swarm Form}</em></p>\n<p>You exert control over masses of creatures.</p>"
		},
		{
			"id": "Time Domain",
			"name": "Time Domain",
			"description": "<p><strong>Deities</strong> @Compendium[pf2e.deities.9n2CI0B3EA4y3BuU]{Alseta}, @Compendium[pf2e.deities.vEMCpm7iidycRT5D]{Brigh}, @Compendium[pf2e.deities.QZD0u1jxwz0kj8uI]{Pharasma}, @Compendium[pf2e.deities.WO9UsCY41oTtC2G0]{Pillars of Knowledge}, @Compendium[pf2e.deities.woDEgBs1MznhzpJ4]{Ra}, @Compendium[pf2e.deities.3INt1X4ijBYnZYbU]{Shyka}, @Compendium[pf2e.deities.SUaGdvQXxSAQAw03]{Yog-Sothoth}</p>\n<p><strong>Domain Spell</strong> <em>@Compendium[pf2e.spells-srd.3wmX7htzOXiHLdAn]{Delay Consequence}</em>; <strong>Advanced Domain Spell</strong> <em>@Compendium[pf2e.spells-srd.cOwSsSXRsBaXUvlr]{Stasis}</em></p>\n<p>You reign over the flow of time.</p>"
		},
		{
			"id": "Toil Domain",
			"name": "Toil Domain",
			"description": "<p><strong>Deities</strong> @Compendium[pf2e.deities.OlVCyRgOaPJji4qt]{Chohar}, @Compendium[pf2e.deities.39z55kowQFOUH2v0]{Droskar}, @Compendium[pf2e.deities.w66gCNiZ7dslqG8K]{Lissala}, @Compendium[pf2e.deities.sNjPI1iaS8Z43YJf]{Mammon}, @Compendium[pf2e.deities.1NxkZf6ndijKeufX]{Sairazul}, @Compendium[pf2e.deities.VG51y4FbTLdeGHZB]{The Path of the Heavens}</p>\n<p><strong>Domain Spell</strong> <em>@Compendium[pf2e.spells-srd.HOj2YsTpkoMpYJH9]{Practice Makes Perfect}</em>; <strong>Advanced Domain Spell</strong> <em>@Compendium[pf2e.spells-srd.gzvRDpM6EvcfYHeu]{Tireless Worker}</em></p>\n<p>You work constantly and refuse to let anything stand in your way.</p>"
		},
		{
			"id": "Travel Domain",
			"name": "Travel Domain",
			"description": "<p><strong>Deities</strong> @Compendium[pf2e.deities.d56paSkcwvll2OhR]{Abadar}, @Compendium[pf2e.deities.o8ayCv3LAHWlu0vQ]{Apsu}, @Compendium[pf2e.deities.oiEo6tDP3gICHtfZ]{Barbatos}, @Compendium[pf2e.deities.vSUz97Y29l1O50bC]{Count Ranalc}, @Compendium[pf2e.deities.JgqH3BhuEuA4Zyqs]{Desna}, @Compendium[pf2e.deities.oyp2E685VsQFKMXi]{Dranngvit}, @Compendium[pf2e.deities.swwwP7eVmlNuWTb7]{Gozreh}, @Compendium[pf2e.deities.tcvobm8O84qv0aO5]{Gruhastha}, @Compendium[pf2e.deities.QlDnoOwf0PppymTn]{Hanspur}, @Compendium[pf2e.deities.DEKKbg6riAdL2ARf]{Hei Feng}, @Compendium[pf2e.deities.bF77ydtptI54STl9]{Jaidz}, @Compendium[pf2e.deities.14GLsVobnZTEmJrs]{Kelizandri}, @Compendium[pf2e.deities.AIcDyoff265z9285]{Kofusachi}, @Compendium[pf2e.deities.hWTTS0e7J9hJfsp3]{Matravash}, @Compendium[pf2e.deities.RzTd9PmgnfHNlFVf]{Ng}, @Compendium[pf2e.deities.jL1qiVOZBKXETtVD]{Nocticula}, @Compendium[pf2e.deities.Ij1KRM8ufkEjGnR3]{Ranginori}, @Compendium[pf2e.deities.VG51y4FbTLdeGHZB]{The Path of the Heavens}, @Compendium[pf2e.deities.6nq25AjImkT5GxDT]{The Prismatic Ray}, @Compendium[pf2e.deities.GUmYLD7PGmE2TOx6]{Wadjet}, @Compendium[pf2e.deities.YXmeBdOZfWgUljW1]{Ylimancha}, @Compendium[pf2e.deities.SUaGdvQXxSAQAw03]{Yog-Sothoth}</p>\n<p><strong>Domain Spell</strong> <em>@Compendium[pf2e.spells-srd.cOjlzWerBwbPWVkX]{Agile Feet}</em>; <strong>Advanced Domain Spell</strong> <em>@Compendium[pf2e.spells-srd.LrhTFHUtSS9ahogL]{Traveler's Transit}</em></p>\n<p>You have power over movement and journeys.</p>"
		},
		{
			"id": "Trickery Domain",
			"name": "Trickery Domain",
			"description": "<p><strong>Deities</strong> @Compendium[pf2e.deities.51kMMWaT6CqpGlGk]{Achaekek}, @Compendium[pf2e.deities.pCtJONJlhAugUXaG]{Ahriman}, @Compendium[pf2e.deities.QRkcFciCOmFoxF1B]{Asmodeus}, @Compendium[pf2e.deities.9WD0hbUT0IbnuTiM]{Baalzebul}, @Compendium[pf2e.deities.zRmAXj7FSlrMfDeA]{Bastet}, @Compendium[pf2e.deities.remyY1BwhEVmBwya]{Belial}, @Compendium[pf2e.deities.wkDOeK7ENz1ra8IC]{Besmara}, @Compendium[pf2e.deities.AlL9GtlTldbqNoVm]{Calistria}, @Compendium[pf2e.deities.4GO4iT585ynLJnc8]{Chaldira}, @Compendium[pf2e.deities.dcbf3pBSNa2q1Kkq]{Dhalavei}, @Compendium[pf2e.deities.39z55kowQFOUH2v0]{Droskar}, @Compendium[pf2e.deities.Dm8qlzpUj7g82QFv]{Erecura}, @Compendium[pf2e.deities.fuPTR1laXO6EionS]{Grandmother Spider}, @Compendium[pf2e.deities.ItYptsfjV8XvfhOV]{Lahkgya}, @Compendium[pf2e.deities.aipkJQxP4GBsTaGq]{Lamashtu}, @Compendium[pf2e.deities.MbJ93Nw39h2cBYi5]{Lao Shu Po}, @Compendium[pf2e.deities.Af4TSJjutVi9Vdwi]{Mahathallah}, @Compendium[pf2e.deities.Mv6uTJLh3VGEoGLH]{Nivi Rhombodazzle}, @Compendium[pf2e.deities.GX6PF9ifR47Xyjg9]{Norgorber}, @Compendium[pf2e.deities.iKgERiIc8rt3fatf]{Nyarlathotep (Haunter in the Dark)}, @Compendium[pf2e.deities.3nxIpMGeCvcBIVov]{Nyarlathotep (The Crawling Chaos)}, @Compendium[pf2e.deities.IZcdF1G8ZsnMotaM]{Pazuzu}, @Compendium[pf2e.deities.zzhYFcShT9JoE2Mp]{Shax}, @Compendium[pf2e.deities.BrbXGyzCeORNyJT5]{Sifkesh}, @Compendium[pf2e.deities.iJyhAFmHOLZBvWnJ]{Sivanah}, @Compendium[pf2e.deities.BLNXYqvzmLgjMq2p]{Sun Wukong}, @Compendium[pf2e.deities.PFp4Sdp2TDDKD62l]{Thamir}, @Compendium[pf2e.deities.nuqIimigyt986WLE]{The Lantern King}, @Compendium[pf2e.deities.83jKKHQPoqVylmrF]{Yaezhing}, @Compendium[pf2e.deities.iEt6idGIEPXY2HzV]{Ydajisk}</p>\n<p><strong>Domain Spell</strong> <em>@Compendium[pf2e.spells-srd.P9bqJsF3WkxGAJKJ]{Sudden Shift}</em>; <strong>Advanced Domain Spell</strong> <em>@Compendium[pf2e.spells-srd.ZhLYJlOZzUB1OKoe]{Trickster's Twin}</em></p>\n<p>You deceive others and cause mischief.</p>"
		},
		{
			"id": "Truth Domain",
			"name": "Truth Domain",
			"description": "<p><strong>Deities</strong> @Compendium[pf2e.deities.H1VrZ1QX0d2aPXT8]{Dammerich}, @Compendium[pf2e.deities.Dm8qlzpUj7g82QFv]{Erecura}, @Compendium[pf2e.deities.xxUGdZYUj5IW7E0L]{Followers of Fate}, @Compendium[pf2e.deities.WOiSJ4IWjaRsSgRO]{Geryon}, @Compendium[pf2e.deities.tcvobm8O84qv0aO5]{Gruhastha}, @Compendium[pf2e.deities.eErEiVmBqltYXFJ6]{Iomedae}, @Compendium[pf2e.deities.qqqrbq4uCrelQvgH]{Irori}, @Compendium[pf2e.deities.zhPhYge7VJbIlJvA]{Kols}, @Compendium[pf2e.deities.r5vooG7NfvA9prJK]{Kurgess}, @Compendium[pf2e.deities.ArmPZQrl0SFAKvrY]{Ma'at}, @Compendium[pf2e.deities.iMRXc519Uepf8yH3]{Magdh}, @Compendium[pf2e.deities.Af4TSJjutVi9Vdwi]{Mahathallah}, @Compendium[pf2e.deities.W4QGkdn9V5ACRpkh]{Monad}, @Compendium[pf2e.deities.WO9UsCY41oTtC2G0]{Pillars of Knowledge}, @Compendium[pf2e.deities.1nQVLOyWv5kC0bCU]{Ravithra}, @Compendium[pf2e.deities.BNycwu3I21dTh4D9]{Sarenrae}, @Compendium[pf2e.deities.SCGdJmm7Wzle9jFP]{Zohls}</p>\n<p><strong>Domain Spell</strong> <em>@Compendium[pf2e.spells-srd.aF7RiG7c8GzSQLYt]{Word of Truth}</em>; <strong>Advanced Domain Spell</strong> <em>@Compendium[pf2e.spells-srd.ZjbVgIIqMstmdkqP]{Glimpse the Truth}</em></p>\n<p>You pierce lies and discover the truth.</p>"
		},
		{
			"id": "Tyranny Domain",
			"name": "Tyranny Domain",
			"description": "<p><strong>Deities</strong> @Compendium[pf2e.deities.cHAbE86pto5bvIWo]{Angazhan}, @Compendium[pf2e.deities.QRkcFciCOmFoxF1B]{Asmodeus}, @Compendium[pf2e.deities.oiEo6tDP3gICHtfZ]{Barbatos}, @Compendium[pf2e.deities.CzHjFLx4hpIEIoWt]{Dispater}, @Compendium[pf2e.deities.39z55kowQFOUH2v0]{Droskar}, @Compendium[pf2e.deities.RUzMtIQal0drPwQY]{Gogunta}, @Compendium[pf2e.deities.KWVdoAm3b01M8Lcp]{Mephistopheles}, @Compendium[pf2e.deities.IZcdF1G8ZsnMotaM]{Pazuzu}, @Compendium[pf2e.deities.JndhOIHnQoMwnsw3]{The Godclaw}, @Compendium[pf2e.deities.ENzMYuzBZGIujSMx]{Treerazer}, @Compendium[pf2e.deities.g1AVEGi8QibhS007]{Walkena}</p>\n<p><strong>Domain Spell</strong> <em>@Compendium[pf2e.spells-srd.MmQiEc7aM9PDLO2J]{Touch of Obedience}</em>; <strong>Advanced Domain Spell</strong> <em>@Compendium[pf2e.spells-srd.4DaHIgtMBTyxebY3]{Commanding Lash}</em></p>\n<p>You wield power to rule and enslave others.</p>"
		},
		{
			"id": "Undeath Domain",
			"name": "Undeath Domain",
			"description": "<p><strong>Deities</strong> @Compendium[pf2e.deities.6O4UGWcYERDEugzk]{Fumeiyoshi}, @Compendium[pf2e.deities.V5PbbkZUP9N7kl6h]{Kabriri}, @Compendium[pf2e.deities.Af4TSJjutVi9Vdwi]{Mahathallah}, @Compendium[pf2e.deities.8Oy4qHylOOp79JxD]{Nhimbaloth}, @Compendium[pf2e.deities.22n3N47sqbqbDxbp]{Urgathoa}, @Compendium[pf2e.deities.8ZSywyo8YQPduo92]{Zura}, @Compendium[pf2e.deities.LLMTMgARSTlO7S9U]{Zyphus}</p>\n<p><strong>Domain Spell</strong> <em>@Compendium[pf2e.spells-srd.GYI4xloAgkm6tTrT]{Touch of Undeath}</em>; <strong>Advanced Domain Spell</strong> <em>@Compendium[pf2e.spells-srd.qzsQmpiQodHBBWYI]{Malignant Sustenance}</em></p>\n<p>Your magic carries close ties to the undead.</p>"
		},
		{
			"id": "Vigil Domain",
			"name": "Vigil Domain",
			"description": "<p><strong>Deities</strong> @Compendium[pf2e.deities.5YUNikBpJZ596MRD]{Anubis}, @Compendium[pf2e.deities.UUcAqU3KeJSMNxGF]{Barzahk}, @Compendium[pf2e.deities.OlVCyRgOaPJji4qt]{Chohar}, @Compendium[pf2e.deities.H1VrZ1QX0d2aPXT8]{Dammerich}, @Compendium[pf2e.deities.oyp2E685VsQFKMXi]{Dranngvit}, @Compendium[pf2e.deities.qqqrbq4uCrelQvgH]{Irori}, @Compendium[pf2e.deities.V5PbbkZUP9N7kl6h]{Kabriri}, @Compendium[pf2e.deities.QZD0u1jxwz0kj8uI]{Pharasma}, @Compendium[pf2e.deities.XYJupIPx0GW4s7eu]{Ragadahn}, @Compendium[pf2e.deities.s9opv94lGDRKnw6W]{Shizuru}, @Compendium[pf2e.deities.HbuynQRCjGKtbhcC]{The Lost Prince}, @Compendium[pf2e.deities.0R2BjVb7d9tYCIbk]{Tlehar}, @Compendium[pf2e.deities.8wOAwLMgB1HFLo9n]{Winlas}</p>\n<p><strong>Domain Spell</strong> <em>@Compendium[pf2e.spells-srd.RztmhJrLLQWoGVdB]{Object Memory}</em>; <strong>Advanced Domain Spell</strong> <em>@Compendium[pf2e.spells-srd.nrW6lGV4xDMqLS3P]{Remember the Lost}</em></p>\n<p>You watch over those long passed and guard their secrets.</p>"
		},
		{
			"id": "Void Domain",
			"name": "Void Domain",
			"description": "<p><strong>Deities</strong> @Compendium[pf2e.deities.sILda7I8Ak20Ioj9]{Azathoth}, @Compendium[pf2e.deities.c9NFjRR8gr6CWpjl]{Black Butterfly}, @Compendium[pf2e.deities.oV5cnlPJQS8JfMIg]{Cosmic Caravan}, @Compendium[pf2e.deities.JgqH3BhuEuA4Zyqs]{Desna}, @Compendium[pf2e.deities.WloVxo6HXJdS4YTt]{Groetus}, @Compendium[pf2e.deities.WvoMr86bSSYxXKtI]{Hastur}, @Compendium[pf2e.deities.s81N9hxffmRuy3ik]{Kerkamoth}, @Compendium[pf2e.deities.W4QGkdn9V5ACRpkh]{Monad}, @Compendium[pf2e.deities.8Oy4qHylOOp79JxD]{Nhimbaloth}, @Compendium[pf2e.deities.Bhxji0kxIbMKqdkw]{Rovagug}, @Compendium[pf2e.deities.VG51y4FbTLdeGHZB]{The Path of the Heavens}, @Compendium[pf2e.deities.SUaGdvQXxSAQAw03]{Yog-Sothoth}, @Compendium[pf2e.deities.ZfN7jkK6boU1FuiS]{Zon-Kuthon}</p>\n<p><strong>Domain Spell</strong> <em>@Compendium[pf2e.spells-srd.0cF9HvHzzWSbCFBP]{Empty Inside}</em>; <strong>Advanced Domain Spell</strong> <em>@Compendium[pf2e.spells-srd.iMmexY6ZosLS4I5R]{Door to Beyond}</em></p>\n<p>You draw power from emptiness.</p>"
		},
		{
			"id": "Water Domain",
			"name": "Water Domain",
			"description": "<p><strong>Deities</strong> @Compendium[pf2e.deities.wkDOeK7ENz1ra8IC]{Besmara}, @Compendium[pf2e.deities.tcXrtRYCOr2EmgGB]{Charon}, @Compendium[pf2e.deities.AHX89nhuVhmg8k6w]{Dagon}, @Compendium[pf2e.deities.XHDlP7o1jNz9851v]{Diomazul}, @Compendium[pf2e.deities.WOiSJ4IWjaRsSgRO]{Geryon}, @Compendium[pf2e.deities.RUzMtIQal0drPwQY]{Gogunta}, @Compendium[pf2e.deities.swwwP7eVmlNuWTb7]{Gozreh}, @Compendium[pf2e.deities.QlDnoOwf0PppymTn]{Hanspur}, @Compendium[pf2e.deities.DEKKbg6riAdL2ARf]{Hei Feng}, @Compendium[pf2e.deities.14GLsVobnZTEmJrs]{Kelizandri}, @Compendium[pf2e.deities.r6SFB1PzKsagDXff]{Lady Nanbyo}, @Compendium[pf2e.deities.SCMlQDcoU1QcF3AS]{Lysianassa}, @Compendium[pf2e.deities.hWTTS0e7J9hJfsp3]{Matravash}, @Compendium[pf2e.deities.pm8H2DbtrHM01KNV]{Naderi}, @Compendium[pf2e.deities.XYJupIPx0GW4s7eu]{Ragadahn}, @Compendium[pf2e.deities.TvxsVRztDlGcWpcI]{Sobek}, @Compendium[pf2e.deities.GUmYLD7PGmE2TOx6]{Wadjet}, @Compendium[pf2e.deities.YXmeBdOZfWgUljW1]{Ylimancha}</p>\n<p><strong>Domain Spell</strong> <em>@Compendium[pf2e.spells-srd.iAnpxrLaBU4V6Sej]{Tidal Surge}</em>; <strong>Advanced Domain Spell</strong> <em>@Compendium[pf2e.spells-srd.K4LXpaBWrGy6jIER]{Downpour}</em></p>\n<p>You control water and bodies of water.</p>"
		},
		{
			"id": "Wealth Domain",
			"name": "Wealth Domain",
			"description": "<p><strong>Deities</strong> @Compendium[pf2e.deities.d56paSkcwvll2OhR]{Abadar}, @Compendium[pf2e.deities.wkDOeK7ENz1ra8IC]{Besmara}, @Compendium[pf2e.deities.6mgCX7lvKtaEYoa9]{Dwarven Pantheon}, @Compendium[pf2e.deities.mm1j6UbHqFCI8fwB]{Erastil}, @Compendium[pf2e.deities.IXLzDSMGndFb5rGY]{Falayna}, @Compendium[pf2e.deities.QlDnoOwf0PppymTn]{Hanspur}, @Compendium[pf2e.deities.WvoMr86bSSYxXKtI]{Hastur}, @Compendium[pf2e.deities.AIcDyoff265z9285]{Kofusachi}, @Compendium[pf2e.deities.sNjPI1iaS8Z43YJf]{Mammon}, @Compendium[pf2e.deities.Mv6uTJLh3VGEoGLH]{Nivi Rhombodazzle}, @Compendium[pf2e.deities.GX6PF9ifR47Xyjg9]{Norgorber}, @Compendium[pf2e.deities.u3YfcJh1C4w6n75j]{Raumya}, @Compendium[pf2e.deities.1NxkZf6ndijKeufX]{Sairazul}, @Compendium[pf2e.deities.PFp4Sdp2TDDKD62l]{Thamir}</p>\n<p><strong>Domain Spell</strong> <em>@Compendium[pf2e.spells-srd.ZeftDoh0nFAXBAWY]{Appearance of Wealth}</em>; <strong>Advanced Domain Spell</strong> <em>@Compendium[pf2e.spells-srd.APTMURAW1N0Wpk4w]{Precious Metals}</em></p>\n<p>You hold power over wealth, trade, and treasure.</p>"
		},
		{
			"id": "Wyrmkin Domain",
			"name": "Wyrmkin Domain",
			"description": "<p><strong>Deities</strong> @Compendium[pf2e.deities.bLI1JMpI2GXQT5AC]{Abraxas}, @Compendium[pf2e.deities.o8ayCv3LAHWlu0vQ]{Apsu}, @Compendium[pf2e.deities.uydTiyN5AzhBnQY8]{Ardad Lili}, @Compendium[pf2e.deities.Bzfc5mIUfMxOnQWu]{Dahak}, @Compendium[pf2e.deities.WOiSJ4IWjaRsSgRO]{Geryon}, @Compendium[pf2e.deities.gsFaxWHbZmc1moY6]{Nalinivati}, @Compendium[pf2e.deities.XYJupIPx0GW4s7eu]{Ragadahn}, @Compendium[pf2e.deities.TvxsVRztDlGcWpcI]{Sobek}, @Compendium[pf2e.deities.8roijlQ03l9rWFFe]{Zevgavizeb}</p>\n<p><strong>Domain Spell</strong> <em>@Compendium[pf2e.spells-srd.S6Kkk15MWGqzC00a]{Draconic Barrage}</em>; <strong>Advanced Domain Spell</strong> <em>@Compendium[pf2e.spells-srd.FSu6ZKxr3xdS75wq]{Roar of the Wyrm}</em></p>\n<p>You draw on the power of dragons, linnorms, and other powerful reptilian creatures.</p>"
		},
		{
			"id": "Zeal Domain",
			"name": "Zeal Domain",
			"description": "<p><strong>Deities</strong> @Compendium[pf2e.deities.51kMMWaT6CqpGlGk]{Achaekek}, @Compendium[pf2e.deities.Xb1N5YfxboJH26Jh]{Angradd}, @Compendium[pf2e.deities.aj4ChTlDcZCmrtJD]{Baphomet}, @Compendium[pf2e.deities.remyY1BwhEVmBwya]{Belial}, @Compendium[pf2e.deities.EE8sNM4JraOPN669]{Cernunnos}, @Compendium[pf2e.deities.4GO4iT585ynLJnc8]{Chaldira}, @Compendium[pf2e.deities.OlVCyRgOaPJji4qt]{Chohar}, @Compendium[pf2e.deities.AHX89nhuVhmg8k6w]{Dagon}, @Compendium[pf2e.deities.Bzfc5mIUfMxOnQWu]{Dahak}, @Compendium[pf2e.deities.XHDlP7o1jNz9851v]{Diomazul}, @Compendium[pf2e.deities.aVyxfqY9GBjTqQul]{Eiseth}, @Compendium[pf2e.deities.Zi1UARhode3FSFLr]{General Susumu}, @Compendium[pf2e.deities.88vRw2ZVPax4hhga]{Gorum}, @Compendium[pf2e.deities.zlJGKpeLBwajP91o]{Gyronna}, @Compendium[pf2e.deities.eErEiVmBqltYXFJ6]{Iomedae}, @Compendium[pf2e.deities.JcIf4uwKLxEWdplI]{Kostchtchie}, @Compendium[pf2e.deities.r5vooG7NfvA9prJK]{Kurgess}, @Compendium[pf2e.deities.ub0PJ5QkrdoGzzb2]{Luhar}, @Compendium[pf2e.deities.fTJLgTfEMZreJ19r]{Milani}, @Compendium[pf2e.deities.GEBaoeiv5CB9h2Bn]{Ragathiel}, @Compendium[pf2e.deities.Bhxji0kxIbMKqdkw]{Rovagug}, @Compendium[pf2e.deities.DFxbPmQLOqcmbPTz]{Tanagaar}, @Compendium[pf2e.deities.JndhOIHnQoMwnsw3]{The Godclaw}, @Compendium[pf2e.deities.0R2BjVb7d9tYCIbk]{Tlehar}, @Compendium[pf2e.deities.y93whGnGZjFyw5A0]{Vildeis}, @Compendium[pf2e.deities.GUmYLD7PGmE2TOx6]{Wadjet}, @Compendium[pf2e.deities.4bEPoujxhYdUyUOg]{Ydersius}, @Compendium[pf2e.deities.7L9KIqixgseSCY3X]{Ymeri}</p>\n<p><strong>Domain Spell</strong> <em>@Compendium[pf2e.spells-srd.W37iBXLsY2trJ1rS]{Weapon Surge}</em>; <strong>Advanced Domain Spell</strong> <em>@Compendium[pf2e.spells-srd.I8CPe9Pp7GABqOyB]{Zeal for Battle}</em></p>\n<p>Your inner fire increases your combat prowess.</p>"
		}
	]
}