{
	"label": "Bestiary Effects",
	"entries": [
		{
			"id": "Effect: Adaptive Strike",
			"name": "Effect: Adaptive Strike",
			"description": "<p>The creature's melee strikes count either as adamantine, cold iron or silver.</p>"
		},
		{
			"id": "Effect: Alchemical Strike",
			"name": "Effect: Alchemical Strike",
			"description": "<p>Choose acid, cold, electricity, or fire damage. The drudge imbues its fist attacks with this damage.</p>\n<p>Each hit deals 1d6 points of damage of the same type as that of the bomb loaded into it. Each bomb has enough fluid in it for 10 successful strikes.</p>"
		},
		{
			"id": "Effect: Ancestral Journey",
			"name": "Effect: Ancestral Journey",
			"description": "<p>The creature gains a +1 status bonus to Will saving throws and all skill checks.</p>"
		},
		{
			"id": "Effect: Ancestral Response",
			"name": "Effect: Ancestral Response",
			"description": "<p>The creature gains a +2 circumstance bonus on saving throws.</p>"
		},
		{
			"id": "Effect: Artificer's Command",
			"name": "Effect: Artificer's Command",
			"description": "<p>The creature gains a +1 status bonus to attack rolls, damage rolls, and saving throws.</p>"
		},
		{
			"id": "Effect: Aura of Command",
			"name": "Effect: Aura of Command",
			"description": "<p>The creature gains a +1 status bonus to attack rolls and a +2 status bonus to Will saves.</p>"
		},
		{
			"id": "Effect: Aura of Corruption",
			"name": "Effect: Aura of Corruption",
			"description": "<p>The creature is treated as if it was a plant for the purposes of any effect that particularly harms or inconveniences plant creatures more than other creatures, but does not gain any benefits of being a plant creature.</p>"
		},
		{
			"id": "Effect: Aura of Misfortune",
			"name": "Effect: Aura of Misfortune",
			"description": "<p>Living creatures must roll twice on all d20 rolls and use the lower result.</p>"
		},
		{
			"id": "Effect: Battle Cry",
			"name": "Effect: Battle Cry",
			"description": "<p>The creature gains a +1 status bonus to attack and damage rolls.</p>"
		},
		{
			"id": "Effect: Blasphemous Utterances",
			"name": "Effect: Blasphemous Utterances",
			"description": "<p>The creature takes a -2 circumstance penalty to saves against mental effects.</p>\n<p>It can't take actions that have the concentrate trait unless it succeeds at a @Check[type:flat|dc:10] check. Failing this check wastes the action.</p>"
		},
		{
			"id": "Effect: Blood Frenzy",
			"name": "Effect: Blood Frenzy",
			"description": "<p>The creature gains temporary hit points and other effects based on the specific creature.</p>"
		},
		{
			"id": "Effect: Blood Fury",
			"name": "Effect: Blood Fury",
			"description": "<p>The creature gains a +1 status bonus to attack rolls.</p>"
		},
		{
			"id": "Effect: Blood Magic",
			"name": "Effect: Blood Magic",
			"description": "<p>The creature gains a +2 status bonus to Will saving throws.</p>"
		},
		{
			"id": "Effect: Blood Siphon (Critical Failure)",
			"name": "Effect: Blood Siphon (Critical Failure)",
			"description": "<p>The creature gains a +2 status bonus to AC and saves.</p>"
		},
		{
			"id": "Effect: Blood Soak",
			"name": "Effect: Blood Soak",
			"description": "<p>The creature gains a +4 status bonus to damage rolls.</p>"
		},
		{
			"id": "Effect: Bloodline Magic",
			"name": "Effect: Bloodline Magic",
			"description": "<p>The creature gains a +1 status bonus to Deception checks.</p>"
		},
		{
			"id": "Effect: Bodyguard's Defense",
			"name": "Effect: Bodyguard's Defense",
			"description": "<p>The creature gains a +2 circumstance bonus to AC.</p>"
		},
		{
			"id": "Effect: Bosun's Command - Attack Bonus",
			"name": "Effect: Bosun's Command - Attack Bonus",
			"description": "<p>The creature gains a +2 status bonus to attack rolls.</p>"
		},
		{
			"id": "Effect: Bosun's Command - Speed Bonus",
			"name": "Effect: Bosun's Command - Speed Bonus",
			"description": "<p>The creature gains a +10 status bonus its Speeds.</p>"
		},
		{
			"id": "Effect: Brand of the Impenitent",
			"name": "Effect: Brand of the Impenitent",
			"description": "<p>The creature takes a -1 status penalty to AC and saves, reduces its resistances by 2, and gains weakness 2 to good damage.</p>"
		},
		{
			"id": "Effect: Breach the Abyss - Acid",
			"name": "Effect: Breach the Abyss - Acid",
			"description": "<p>The creature deals an extra [[/r {2d6}[acid]]]{2d6 acid damage} with its weapon.</p>"
		},
		{
			"id": "Effect: Breach the Abyss - Cold",
			"name": "Effect: Breach the Abyss - Cold",
			"description": "<p>The creature deals an extra [[/r {2d6}[cold]]]{2d6 cold damage} with its weapon.</p>"
		},
		{
			"id": "Effect: Breach the Abyss - Electricity",
			"name": "Effect: Breach the Abyss - Electricity",
			"description": "<p>The creature deals an extra [[/r {2d6}[electricity]]]{2d6 electricity damage} with its weapon.</p>"
		},
		{
			"id": "Effect: Breach the Abyss - Fire",
			"name": "Effect: Breach the Abyss - Fire",
			"description": "<p>The creature deals an extra [[/r {2d6}[fire]]]{2d6 fire damage} with its weapon.</p>"
		},
		{
			"id": "Effect: Breach the Abyss - Negative",
			"name": "Effect: Breach the Abyss - Negative",
			"description": "<p>The creature deals an extra [[/r {2d6}[negative]]]{2d6 negative damage} with its weapon.</p>"
		},
		{
			"id": "Effect: Brutal Rally",
			"name": "Effect: Brutal Rally",
			"description": "<p>The creature gains a +1 circumstance bonus to attack rolls.</p>"
		},
		{
			"id": "Effect: Call to Action",
			"name": "Effect: Call to Action",
			"description": "<p>The creature gains a +1 status bonus to attack and damage rolls.</p>"
		},
		{
			"id": "Effect: Call to Blood",
			"name": "Effect: Call to Blood",
			"description": "<p>The creature gains a +2 status bonus to attack rolls against @Compendium[pf2e.conditionitems.AJh5ex99aV6VTggg]{Flat-Footed} creatures.</p>"
		},
		{
			"id": "Effect: Call to Halt (Success)",
			"name": "Effect: Call to Halt (Success)",
			"description": "<p>The target takes a -10-foot penalty to all its Speeds for 1 minute.</p>"
		},
		{
			"id": "Effect: Calming Bioluminescence",
			"name": "Effect: Calming Bioluminescence",
			"description": "<p>The creature gains a +2 circumstance bonus to saving throws against emotion effects.</p>"
		},
		{
			"id": "Effect: Caustic Mucus",
			"name": "Effect: Caustic Mucus",
			"description": "<p>The creature takes a -5-foot status penalty to its Speed. This Speed reduction ends with the persistent acid damage.</p>"
		},
		{
			"id": "Effect: Choose Weakness",
			"name": "Effect: Choose Weakness",
			"description": "<p>The Ghaele changes the elemental damage damage dealt by its greatsword and light ray to acid, cold, electricity, fire, or sonic.</p>\n<p>It can also change its energy resistance to any of these energy types (this can be a different type than for its attacks).</p>"
		},
		{
			"id": "Effect: Cite Precedent",
			"name": "Effect: Cite Precedent",
			"description": "<p>The creature gains a -2 circumstance penalty on the next Diplomacy check in a legal argument.</p>"
		},
		{
			"id": "Effect: Claim Corpse - Fleshy",
			"name": "Effect: Claim Corpse - Fleshy",
			"description": ""
		},
		{
			"id": "Effect: Claim Corpse - Skeletal",
			"name": "Effect: Claim Corpse - Skeletal",
			"description": ""
		},
		{
			"id": "Effect: Commander's Aura",
			"name": "Effect: Commander's Aura",
			"description": "<p>The creature gains a +1 circumstance bonus to attack rolls, damage rolls, AC, saves, and skill checks.</p>"
		},
		{
			"id": "Effect: Crocodile Form",
			"name": "Effect: Crocodile Form",
			"description": "<p>The bunyip gains a land Speed of 20 feet, but it's Jaws Strike looses the persistent bleed damage.</p>"
		},
		{
			"id": "Effect: Crush of Hundreds",
			"name": "Effect: Crush of Hundreds",
			"description": "<p>The creature takes a -10-foot penalty to all Speeds.</p>"
		},
		{
			"id": "Effect: Crushing Spirits",
			"name": "Effect: Crushing Spirits",
			"description": "<p>The creature takes a -10-foot circumstance penalty to all its Speeds.</p>"
		},
		{
			"id": "Effect: Crystalline Dust Form",
			"name": "Effect: Crystalline Dust Form",
			"description": "<p>The creature gains a fly Speed of 40 feet.</p>"
		},
		{
			"id": "Effect: Curse of Boiling Blood",
			"name": "Effect: Curse of Boiling Blood",
			"description": "<p>The creature gains weakness to fire 20.</p>"
		},
		{
			"id": "Effect: Curse of Fire",
			"name": "Effect: Curse of Fire",
			"description": "<p>The creature gains weakness to fire 15.</p>"
		},
		{
			"id": "Effect: Curse of Frost",
			"name": "Effect: Curse of Frost",
			"description": "<p>The creature gains weakness to cold 15.</p>"
		},
		{
			"id": "Effect: Curse of the Baneful Venom",
			"name": "Effect: Curse of the Baneful Venom",
			"description": "<p>The creature immediately attempts its next saving throw against a poison with a -2 status penalty.</p>"
		},
		{
			"id": "Effect: Defensive Assault",
			"name": "Effect: Defensive Assault",
			"description": "<p>The creature gains a circumstance bonus to AC based on the weapons used for defense.</p>"
		},
		{
			"id": "Effect: Devour Soul",
			"name": "Effect: Devour Soul",
			"description": "<p>The creature gains 10 temporary Hit Points and a +2 status bonus to attack and damage rolls.</p>"
		},
		{
			"id": "Effect: Devour Soul (Victim Level 15 or Higher)",
			"name": "Effect: Devour Soul (Victim Level 15 or Higher)",
			"description": "<p>The creature gains 10 temporary Hit Points and a +2 status bonus to attack and damage rolls.</p>"
		},
		{
			"id": "Effect: Dire Warning",
			"name": "Effect: Dire Warning",
			"description": "<p>The creature gains a +1 status bonus to attack rolls and damage rolls.</p>"
		},
		{
			"id": "Effect: Dirty Bomb",
			"name": "Effect: Dirty Bomb",
			"description": "<p>The creature takes a -2 circumstance penalty to fortitude saves against the chemist's Crude Bombs.</p>"
		},
		{
			"id": "Effect: Dirty Bomb (Critical Failure)",
			"name": "Effect: Dirty Bomb (Critical Failure)",
			"description": "<p>The creature takes a -3 circumstance penalty to fortitude saves against the chemist's Crude Bombs.</p>"
		},
		{
			"id": "Effect: Distracting Frolic",
			"name": "Effect: Distracting Frolic",
			"description": "<p>The target ally can roll the save twice and take the better result.</p>"
		},
		{
			"id": "Effect: Disturbing Vision",
			"name": "Effect: Disturbing Vision",
			"description": "<p>The visions last [[/br 1d4 #rounds]]{1d4 rounds}, and while they do, all evil creatures in the area gain a +1 status bonus to all checks.</p>"
		},
		{
			"id": "Effect: Ensnare",
			"name": "Effect: Ensnare",
			"description": "<p>The creature takes a -10-foot status penalty to its Speed.</p>"
		},
		{
			"id": "Effect: Entangling Slime",
			"name": "Effect: Entangling Slime",
			"description": "<p>The creature takes a -5-foot penalty to Speed.</p>"
		},
		{
			"id": "Effect: Fanatical Frenzy",
			"name": "Effect: Fanatical Frenzy",
			"description": "<p>The creature gains a +1 status bonus to attack rolls and a +2 status bonus to damage rolls, and takes a -2 status penalty to AC.</p>"
		},
		{
			"id": "Effect: Feed",
			"name": "Effect: Feed",
			"description": "<p>The creature gains a status bonus to its checks and DCs depending on how often it used the Feed ability.</p>"
		},
		{
			"id": "Effect: Fiddle",
			"name": "Effect: Fiddle",
			"description": "<p>The creature take a –10-foot status penalty to Speeds.</p>"
		},
		{
			"id": "Effect: Filth Wave",
			"name": "Effect: Filth Wave",
			"description": "<p>The creature takes a -10-foot penalty to its Speeds.</p>"
		},
		{
			"id": "Effect: Focused Assault",
			"name": "Effect: Focused Assault",
			"description": "<p>The creature deals additional damage based on the amount of longswords it wields.</p>"
		},
		{
			"id": "Effect: Fortune's Favor",
			"name": "Effect: Fortune's Favor",
			"description": "<p>Whenever the creature attempts a specific type of saving throw, it rolls twice and takes the higher result. The type of saving throw is determined by the suit that featured most prominently in the harrow reading: Fortitude (Hammers or Shields), Reflex (Keys or Books), or Will (Stars or Crowns)</p>"
		},
		{
			"id": "Effect: Ghonhatine Feed",
			"name": "Effect: Ghonhatine Feed",
			"description": "<p>The creature gains @Compendium[pf2e.bestiary-ability-glossary-srd.fJSNOw4zHGbIm4bZ]{Fast Healing 5} and a +2 status bonus to damage rolls.</p>"
		},
		{
			"id": "Effect: Glowing Spores",
			"name": "Effect: Glowing Spores",
			"description": "<p>The creature takes a -4 penalty to Stealth checks.</p>"
		},
		{
			"id": "Effect: Goblin Song",
			"name": "Effect: Goblin Song",
			"description": "<p>The creature takes a -1 status penalty to Perception checks and Will saves.</p>"
		},
		{
			"id": "Effect: Graveknight's Curse",
			"name": "Effect: Graveknight's Curse",
			"description": "<p>The creature's Speed is reduced by 10.</p>"
		},
		{
			"id": "Effect: Guide's Warning",
			"name": "Effect: Guide's Warning",
			"description": ""
		},
		{
			"id": "Effect: Guiding Words",
			"name": "Effect: Guiding Words",
			"description": ""
		},
		{
			"id": "Effect: Guildmaster's Lead",
			"name": "Effect: Guildmaster's Lead",
			"description": ""
		},
		{
			"id": "Effect: Hallucinogenic Pollen (Critical Failure)",
			"name": "Effect: Hallucinogenic Pollen (Critical Failure)",
			"description": "<p>The creature takes a -4 status penalty to Perception checks and saves against mental effects.</p>"
		},
		{
			"id": "Effect: Hallucinogenic Pollen (Failure)",
			"name": "Effect: Hallucinogenic Pollen (Failure)",
			"description": "<p>The creature takes a -2 status penalty to Perception checks and saves against mental effects.</p>"
		},
		{
			"id": "Effect: Harmonizing Aura (Allies)",
			"name": "Effect: Harmonizing Aura (Allies)",
			"description": "<p>The creature gains a +2 status bonus to sonic damage rolls and a +1 status bonus to AC and all saves against sonic and auditory effects</p>"
		},
		{
			"id": "Effect: Harmonizing Aura (Enemies)",
			"name": "Effect: Harmonizing Aura (Enemies)",
			"description": "<p>The creature gains a -2 status bonus to sonic damage rolls and a -1 status bonus to AC and all saves against sonic and auditory effects</p>"
		},
		{
			"id": "Effect: Harrowing Misfortune",
			"name": "Effect: Harrowing Misfortune",
			"description": "<p>The creature must roll twice and take the lower result on its next roll of a specific type, determined by the card's suit. The suits and their effects are: Hammers (melee attack roll), Keys (Reflex save), Shields (Fortitude save), Books (skill check), Stars (Will save), and Crowns (spell attack roll).</p>"
		},
		{
			"id": "Effect: Haywire",
			"name": "Effect: Haywire",
			"description": "<p>The creature takes a -1 circumstance penalty to Strikes but deals an additional [[/r {1d6}[bludgeoning]]]{1d6 bludgeoning damage} plus @Compendium[pf2e.bestiary-ability-glossary-srd.BCLvAx4Pz4MLa2pu]{Knockdown}.</p>"
		},
		{
			"id": "Effect: Hunted Fear",
			"name": "Effect: Hunted Fear",
			"description": "<p>The creature takes a -2 circumstance penalty to Survival checks to avoid getting lost.</p>"
		},
		{
			"id": "Effect: Hydra Heads",
			"name": "Effect: Hydra Heads",
			"description": "<p>The number of heads the hydra currently has.</p>"
		},
		{
			"id": "Effect: Hypnotic Stare",
			"name": "Effect: Hypnotic Stare",
			"description": "<p>That target takes a -2 penalty to Will saving throws.</p>"
		},
		{
			"id": "Effect: Infectious Aura",
			"name": "Effect: Infectious Aura",
			"description": "<p>The creature takes a -2 status penalty to saves against disease effects.</p>\n<p>If a creature within range contracts or progresses a disease, all adjacent creatures are exposed to the same disease, at the same DC.</p>"
		},
		{
			"id": "Effect: Inspirational Presence",
			"name": "Effect: Inspirational Presence",
			"description": "<p>Any of the teacher's students in the aura gains a +1 circumstance bonus to @Compendium[pf2e.actionspf2e.1OagaWtBpVXExToo]{Recall Knowledge}.</p>"
		},
		{
			"id": "Effect: Inspired Feast",
			"name": "Effect: Inspired Feast",
			"description": "<p>The creature gains a +1 status bonus to attack rolls and a +2 status bonus to damage rolls.</p>"
		},
		{
			"id": "Effect: Inspiring Presence",
			"name": "Effect: Inspiring Presence",
			"description": "<p>The creature gains a +2 circumstance bonus to saves against fear effects.</p>"
		},
		{
			"id": "Effect: Instinctual Tinker (Critical Success)",
			"name": "Effect: Instinctual Tinker (Critical Success)",
			"description": "<p>The creature gains a +1 circumstance bonus to attack rolls.</p>"
		},
		{
			"id": "Effect: Invigorating Passion",
			"name": "Effect: Invigorating Passion",
			"description": "<p>The creature gains a +1 status bonus to attack rolls and 10 temporary Hit Points.</p>"
		},
		{
			"id": "Effect: Kharna's Blessing",
			"name": "Effect: Kharna's Blessing",
			"description": ""
		},
		{
			"id": "Effect: Lantern of Hope",
			"name": "Effect: Lantern of Hope",
			"description": "<p>The creature gains a +1 status bonus to damage rolls and to saving throws against <em>@Compendium[pf2e.spells-srd.GaRQlC9Yw1BGKHfN]{Crushing Despair}</em>.</p>"
		},
		{
			"id": "Effect: Lantern of Hope (Gestalt)",
			"name": "Effect: Lantern of Hope (Gestalt)",
			"description": "<p>The creature gains a +3 status bonus to damage rolls and to saving throws against <em>@Compendium[pf2e.spells-srd.GaRQlC9Yw1BGKHfN]{Crushing Despair}</em>.</p>"
		},
		{
			"id": "Effect: Lost Red Cap",
			"name": "Effect: Lost Red Cap",
			"description": "<p>The creature takes a –4 status penalty to its damage rolls.</p>"
		},
		{
			"id": "Effect: Lurker's Glow (Critical Failure)",
			"name": "Effect: Lurker's Glow (Critical Failure)",
			"description": "<p>The creature sheds bright light in a 20-foot emanation for the duration of the effect.</p>"
		},
		{
			"id": "Effect: Mangling Rend",
			"name": "Effect: Mangling Rend",
			"description": "<p>The target takes a -20-foot status penalty to all Speeds until the end of its next turn.</p>"
		},
		{
			"id": "Effect: Manipulate Luck (Bad)",
			"name": "Effect: Manipulate Luck (Bad)",
			"description": "<p>The creature must roll twice and use the lower result on its next d20 roll.</p>"
		},
		{
			"id": "Effect: Manipulate Luck (Good)",
			"name": "Effect: Manipulate Luck (Good)",
			"description": "<p>The affected creature can roll twice on one d20 roll within the next minute and use the higher result.</p>"
		},
		{
			"id": "Effect: Moon Frenzy",
			"name": "Effect: Moon Frenzy",
			"description": "<p>The creature becomes one size larger, increases its reach by 5 feet, and increases the damage of its jaws Strike (or a similar Strike) by 2.</p>"
		},
		{
			"id": "Effect: Mortal Reflection",
			"name": "Effect: Mortal Reflection",
			"description": "<p>The imperfect automaton draws upon the target's emotions to recall a semblance of mortal feeling, gaining a +5-foot status bonus to its Speed for 1 minute.</p>"
		},
		{
			"id": "Effect: Motivating Assault",
			"name": "Effect: Motivating Assault",
			"description": ""
		},
		{
			"id": "Effect: Necrotic Field",
			"name": "Effect: Necrotic Field",
			"description": "<p>Undead within the aura deal an additional [[/r {1d6}[negative]]]{1d6 negative damage} with their natural attacks.</p>"
		},
		{
			"id": "Effect: No Quarter!",
			"name": "Effect: No Quarter!",
			"description": "<p>The captain orders their shipmates to fight without mercy. All allied creatures of equal or lower level within 20 feet of the ship captain gain a+1 status bonus to attack rolls and damage rolls until the end of the ship captain's next turn.</p>"
		},
		{
			"id": "Effect: Nymph Queen's Inspiration",
			"name": "Effect: Nymph Queen's Inspiration",
			"description": "<p>The creature gains a +1 status bonus to all Crafting checks, Performance checks, and Will saves.</p>\n<p>Bards receive additional benefits:</p>\n<ul>\n<li><strong>Enigma Muse:</strong> +1 status bonus to all Lore checks <em>(not included)</em></li>\n<li><strong>Maestro Muse:</strong> +2 status bonus to Performance checks for the purpose of determining the effects of compositions</li>\n<li><strong>Polymath Muse:</strong> +4 status bonus to untrained skill checks</li>\n<li><strong>Other Muses:</strong> +2 status bonus to Will saves against fey</li>\n</ul>"
		},
		{
			"id": "Effect: Overtake Soul",
			"name": "Effect: Overtake Soul",
			"description": ""
		},
		{
			"id": "Effect: Pain Frenzy",
			"name": "Effect: Pain Frenzy",
			"description": "<p>The creature gains a +2 status bonus to attack and damage rolls.</p>"
		},
		{
			"id": "Effect: Parry Dance",
			"name": "Effect: Parry Dance",
			"description": "<p>The rake gains a +2 circumstance bonus to AC until the end of their next turn.</p>"
		},
		{
			"id": "Effect: Pollution Infusion",
			"name": "Effect: Pollution Infusion",
			"description": ""
		},
		{
			"id": "Effect: Profane Gift",
			"name": "Effect: Profane Gift",
			"description": "<p>The creature gains a +1 status bonus to attack rolls, skill checks, and saving throws.</p>"
		},
		{
			"id": "Effect: Protean Anatomy",
			"name": "Effect: Protean Anatomy",
			"description": "<p>The creature gains resistance to either acid, electricity, or sonic according to its Protean Anatomy.</p>"
		},
		{
			"id": "Effect: Putrid Blast",
			"name": "Effect: Putrid Blast",
			"description": "<p>Creature takes a -2 circumstance penalty to Fortitude saves against xulgath bile for 1 minute.</p>"
		},
		{
			"id": "Effect: Read the Stars (Critical Success)",
			"name": "Effect: Read the Stars (Critical Success)",
			"description": "<p>The creature gains a +1 circumstance bonus to saving throws.</p>"
		},
		{
			"id": "Effect: Revert Form",
			"name": "Effect: Revert Form",
			"description": "<p>The creature gains a +2 status bonus to attack rolls, damage rolls, saving throws, and skill checks.</p>"
		},
		{
			"id": "Effect: Rockfall Critical Failure",
			"name": "Effect: Rockfall Critical Failure",
			"description": "<p>The affected creature takes a -20-foot circumstance penalty to its movement speeds for 2 rounds.</p>"
		},
		{
			"id": "Effect: Rockfall Failure",
			"name": "Effect: Rockfall Failure",
			"description": "<p>The affected creature takes a –10-foot circumstance penalty to its movement speeds for 1 round.</p>"
		},
		{
			"id": "Effect: Rope Snare",
			"name": "Effect: Rope Snare",
			"description": "<p>The creature takes a 10-foot circumstance penalty to Speed.</p>"
		},
		{
			"id": "Effect: Rune of Destruction (Greatsword)",
			"name": "Effect: Rune of Destruction (Greatsword)",
			"description": "<p>The greatsword gains the deadly trait with 3d12, and a creature hit with the greatsword is @Compendium[pf2e.conditionitems.4D2KBtexWXa6oUMR]{Drained 1} unless it succeeds at a @Check[type:fortitude|dc:35|name:Rune of Destruction|traits:arcane] save.</p>"
		},
		{
			"id": "Effect: Rune of Destruction (Longspear)",
			"name": "Effect: Rune of Destruction (Longspear)",
			"description": "<p>The longspear gains the deadly trait with 3d8, and a creature hit with the longspear is @Compendium[pf2e.conditionitems.4D2KBtexWXa6oUMR]{Drained 1} unless it succeeds at a @Check[type:fortitude|dc:35|name:Rune of Destruction|traits:arcane] save.</p>"
		},
		{
			"id": "Effect: Rune of Destruction (Rock)",
			"name": "Effect: Rune of Destruction (Rock)",
			"description": "<p>The rock gains the deadly trait with 3d12, and a creature hit with the rock is @Compendium[pf2e.conditionitems.4D2KBtexWXa6oUMR]{Drained 1} unless it succeeds at a @Check[type:fortitude|dc:35|name:Rune of Destruction|traits:arcane] save.</p>"
		},
		{
			"id": "Effect: Rune of Flames (Greatsword)",
			"name": "Effect: Rune of Flames (Greatsword)",
			"description": "<p>The greatsword deals an additional 3d6 fire damage on all attacks.</p>"
		},
		{
			"id": "Effect: Rune of Flames (Longspear)",
			"name": "Effect: Rune of Flames (Longspear)",
			"description": "<p>The longspear deals an additional 3d6 fire damage on all attacks.</p>"
		},
		{
			"id": "Effect: Rune of Flames (Rock)",
			"name": "Effect: Rune of Flames (Rock)",
			"description": "<p>The rock deals an additional 3d6 fire damage on all attacks.</p>"
		},
		{
			"id": "Effect: Rune of Smiting (Greatsword)",
			"name": "Effect: Rune of Smiting (Greatsword)",
			"description": "<p>When the greatsword hits, the giant can Push the target back 10 feet, or 20 feet on a critical hit.</p>"
		},
		{
			"id": "Effect: Rune of Smiting (Longspear)",
			"name": "Effect: Rune of Smiting (Longspear)",
			"description": "<p>When the longspear hits, the giant can Push the target back 10 feet, or 20 feet on a critical hit.</p>"
		},
		{
			"id": "Effect: Rune of Smiting (Rock)",
			"name": "Effect: Rune of Smiting (Rock)",
			"description": "<p>When the rock hits, the giant can Push the target back 10 feet, or 20 feet on a critical hit.</p>"
		},
		{
			"id": "Effect: Scraping Clamor",
			"name": "Effect: Scraping Clamor",
			"description": ""
		},
		{
			"id": "Effect: Shadow Rapier",
			"name": "Effect: Shadow Rapier",
			"description": "<p>The rake shrouds their sword in negative energy, changing the damage type to negative.</p>"
		},
		{
			"id": "Effect: Sinful Bite",
			"name": "Effect: Sinful Bite",
			"description": "<p>The creature takes a -10-foot status penalty to its Speeds.</p>"
		},
		{
			"id": "Effect: Snake Form",
			"name": "Effect: Snake Form",
			"description": "<p>The bunyip's tail Strike gains reach 10 and @Compendium[pf2e.bestiary-ability-glossary-srd.Tkd8sH4pwFIPzqTr]{Grab}, but it's Jaws Strike looses the persistent bleed damage.</p>"
		},
		{
			"id": "Effect: Soul Siphon",
			"name": "Effect: Soul Siphon",
			"description": "<p>The creature gains 5 temporary Hit Points and a +1 status bonus to attack and damage rolls.</p>"
		},
		{
			"id": "Effect: Splintered Ground",
			"name": "Effect: Splintered Ground",
			"description": "<p>The creature takes a -10-foot circumstance penalty to all Speeds.</p>"
		},
		{
			"id": "Effect: Splintered Ground (Critical Failure)",
			"name": "Effect: Splintered Ground (Critical Failure)",
			"description": "<p>The creature takes a -15-foot circumstance penalty to all Speeds.</p>"
		},
		{
			"id": "Effect: Spray Toxic Oil",
			"name": "Effect: Spray Toxic Oil",
			"description": "<p>The creature gains weakness to fire 5, and whenever the creature critically fails wth an attack roll with a wielded weapon, it drops the weapon.</p>"
		},
		{
			"id": "Effect: Stench",
			"name": "Effect: Stench",
			"description": "<p>The creature takes a -2 circumstance penalty to saves against disease.</p>"
		},
		{
			"id": "Effect: Stick a Fork in It",
			"name": "Effect: Stick a Fork in It",
			"description": "<p>The creature takes a -10-foot circumstance penalty to its Speeds.</p>"
		},
		{
			"id": "Effect: Sticky Spores",
			"name": "Effect: Sticky Spores",
			"description": "<p>The creature takes a –10-foot status penalty to all its Speeds.</p>"
		},
		{
			"id": "Effect: Sting of the Lash",
			"name": "Effect: Sting of the Lash",
			"description": "<p>The creature gains 5 temporary Hit Points.</p>"
		},
		{
			"id": "Effect: Stoke the Fervent - High Tormentor",
			"name": "Effect: Stoke the Fervent - High Tormentor",
			"description": "<p>Each ally that hears the call gains a +4 status bonus to attack rolls and damage rolls, a +2 status bonus to saving throws, and takes a -2 status penalty to AC. Affected allies must use at least one of their actions to Strike each round, if they are able even if it means attacking an ally, object, or thin air).</p>\n<p>The effect duration has been set to the average duration for [[/br 2d4 #rounds]]{2d4 rounds}. Set the duration to the correct value when the effect is added.</p>"
		},
		{
			"id": "Effect: Swell",
			"name": "Effect: Swell",
			"description": "<p>The creature grows to Huge size, and its reach increases to 15 feet. It also gains 12 temporary Hit Points, resistance 5 to bludgeoning, and a +2 status bonus to damage rolls</p>"
		},
		{
			"id": "Effect: Swig",
			"name": "Effect: Swig",
			"description": ""
		},
		{
			"id": "Effect: Sylvan Wine",
			"name": "Effect: Sylvan Wine",
			"description": "<p>The creature gains a +1 item bonus to Will saves and a +3 item bonus to Will saves against fear effects.</p>"
		},
		{
			"id": "Effect: Tail Lash (Attack Roll)",
			"name": "Effect: Tail Lash (Attack Roll)",
			"description": "<p>The creature takes a -2 circumstance penalty to the triggering attack roll.</p>"
		},
		{
			"id": "Effect: Tail Lash (Skill Check)",
			"name": "Effect: Tail Lash (Skill Check)",
			"description": "<p>The creature takes a -2 circumstance penalty to the triggering skill check.</p>"
		},
		{
			"id": "Effect: Take Them Down!",
			"name": "Effect: Take Them Down!",
			"description": "<p>The creature gains a +1 status bonus to attack rolls and damage rolls.</p>"
		},
		{
			"id": "Effect: Technology Control",
			"name": "Effect: Technology Control",
			"description": "<p>The target takes a -2 circumstance penalty to its attack rolls and DCs against a creature it would not normally attack.</p>\n<hr />\n<p><em>Note: This effect applies a penalty to all rolls and DCs while active.</em></p>"
		},
		{
			"id": "Effect: Timely Advice",
			"name": "Effect: Timely Advice",
			"description": "<p>The sage gives the ally a savvy piece of advice, providing valuable insight. The ally gains a +2 circumstance bonus to the triggering roll.</p>"
		},
		{
			"id": "Effect: Totems of the Past",
			"name": "Effect: Totems of the Past",
			"description": "<p>Any lizardfolk allies in the area are inspired, gaining a +1 status bonus to attack rolls.</p>"
		},
		{
			"id": "Effect: Transfer Protection",
			"name": "Effect: Transfer Protection",
			"description": "<p>The creature gains a +1 status bonus to AC and saves against evil creatures.</p>"
		},
		{
			"id": "Effect: Uncanny Tinker",
			"name": "Effect: Uncanny Tinker",
			"description": "<p>The creature gains a +1 circumstance bonus to attack rolls.</p>"
		},
		{
			"id": "Effect: Undead Mastery",
			"name": "Effect: Undead Mastery",
			"description": "<p>The creature gains a +1 circumstance bonus to attack rolls, damage rolls, AC, saves, and skill checks.</p>"
		},
		{
			"id": "Effect: Unluck Aura",
			"name": "Effect: Unluck Aura",
			"description": "<p>The creature must roll twice and take the worse result on all checks.</p>"
		},
		{
			"id": "Effect: Void Shroud",
			"name": "Effect: Void Shroud",
			"description": "<p>Living creatures in the emanation take a -2 status penalty to saves against fear and death effects.</p>"
		},
		{
			"id": "Effect: Volcanic Purge",
			"name": "Effect: Volcanic Purge",
			"description": "<p>The target takes [[/r {4d6}[persistent,fire]]] @Compendium[pf2e.conditionitems.lDVqvLKA6eF3Df60]{Persistent Fire Damage}, and as long as it has this persistent fire damage, it also takes a -10-foot status penalty to its Speeds.</p>"
		},
		{
			"id": "Effect: War Leader",
			"name": "Effect: War Leader",
			"description": "<p>The creature gains a +1 status bonus to attack rolls and skill checks.</p>"
		},
		{
			"id": "Effect: Waterlogged",
			"name": "Effect: Waterlogged",
			"description": "<p>While waterlogged, the berberoka can use Spray Water, their size grows to Gargantuan, and their Speed is reduced to 15 feet.</p>"
		},
		{
			"id": "Effect: Whirlwind Form",
			"name": "Effect: Whirlwind Form",
			"description": "<p>The creature gains resistance 10 to physical damage.</p>"
		},
		{
			"id": "Effect: Witchflame (Critical Failure)",
			"name": "Effect: Witchflame (Critical Failure)",
			"description": "<p>The creature gains weakness 10 to fire.</p>"
		},
		{
			"id": "Effect: Witchflame (Failure)",
			"name": "Effect: Witchflame (Failure)",
			"description": "<p>The creature gains weakness 5 to fire.</p>"
		},
		{
			"id": "Effect: Witchflame (Success)",
			"name": "Effect: Witchflame (Success)",
			"description": "<p>The creature gains weakness 5 to fire.</p>"
		},
		{
			"id": "Effect: Wolf Shape",
			"name": "Effect: Wolf Shape",
			"description": "<p>The barghest gains Speed 40 and its jaws gain @Compendium[pf2e.bestiary-ability-glossary-srd.BCLvAx4Pz4MLa2pu]{Knockdown}.</p>"
		},
		{
			"id": "Effect: Wrath of Fate",
			"name": "Effect: Wrath of Fate",
			"description": "<p>An affected creature can choose to roll twice when it attempts an attack, saving throw, or skill check and take the lower result. After this the effect ends.</p>"
		},
		{
			"id": "Effect: Xulgath Stench",
			"name": "Effect: Xulgath Stench",
			"description": "<p>The creature takes a –5-foot status penalty to its Speeds.</p>"
		}
	]
}