{
	"label": "Dominios",
	"entries": [
		{
			"id": "Abomination Domain",
			"name": "Abominación (Dominio)",
			"description": "<p><strong>Dioses</strong> @Compendium[pf2e.deities.8Oy4qHylOOp79JxD]{Nhimbaloth}</p>\n<p><strong>Conjuro de dominio</strong> <em>@Compendium[pf2e.spells-srd.6GjJtLJnwC18Y0aZ]{Levantar velo de la naturaleza}</em><u></u>; <strong>Conjuro de dominio avanzado</strong> <em>@Compendium[pf2e.spells-srd.0qA4MfMkFklOz2Lk]{Festín de miedo}</em></p>\n<p>Buscas infundir aborrecimiento y horror en los que te rodean.</p>"
		},
		{
			"id": "Air Domain",
			"name": "Aire (Dominio)",
			"description": "<p><strong>Dioses</strong> @Compendium[pf2e.deities.oJPwMa9xG8oMnC14]{Apolión}, @Compendium[pf2e.deities.9WD0hbUT0IbnuTiM]{Belcebú}, @Compendium[pf2e.deities.oRvuLq3o2FxXizt9]{Ghlaunder}, @Compendium[pf2e.deities.swwwP7eVmlNuWTb7]{Gozreh}, @Compendium[pf2e.deities.DEKKbg6riAdL2ARf]{Hei Feng}, @Compendium[pf2e.deities.rRuxBgC58PxrLzRv]{Horus}, @Compendium[pf2e.deities.A37XqON6QRPzQhp7]{Hshurha}, @Compendium[pf2e.deities.IZcdF1G8ZsnMotaM]{Pazuzu}, @Compendium[pf2e.deities.o9tK1T28LNEVzpFV]{Ragdya}, @Compendium[pf2e.deities.Ij1KRM8ufkEjGnR3]{Ranginori}, @Compendium[pf2e.deities.Bhxji0kxIbMKqdkw]{Rovagug}, @Compendium[pf2e.deities.97Qe42wJN5EVUS14]{Sturovenen}, @Compendium[pf2e.deities.YXmeBdOZfWgUljW1]{Ylimancha}</p>\n<p><strong>Conjuro de dominio</strong><em>@Compendium[pf2e.spells-srd.myC2EIrsjmB8xosi]{Ráfaga agresiva}</em>;<strong>Conjuro de dominio avanzado</strong><em>@Compendium[pf2e.spells-srd.L8pzCOi7Jzx5ALs9]{Dispersar en el aire}</em></p>\n<p>Puedes controlar los vientos y el clima.</p>"
		},
		{
			"id": "Ambition Domain",
			"name": "Ambición (Dominio)",
			"description": "<p><strong>Dioses</strong> @Compendium[pf2e.deities.9WD0hbUT0IbnuTiM]{Belcebú}, @Compendium[pf2e.deities.soiVh53y9RAeSLEk]{Casandalee}, @Compendium[pf2e.deities.aVyxfqY9GBjTqQul]{Eiseth}, @Compendium[pf2e.deities.6O4UGWcYERDEugzk]{Fumeiyoshi}, @Compendium[pf2e.deities.zlJGKpeLBwajP91o]{Gyronna}, @Compendium[pf2e.deities.sNjPI1iaS8Z43YJf]{Mammon}, @Compendium[pf2e.deities.1nQVLOyWv5kC0bCU]{Ravithra}, @Compendium[pf2e.deities.zzhYFcShT9JoE2Mp]{Shax}, @Compendium[pf2e.deities.rDTXcBJ8LyqA2TkL]{Szuriel}, @Compendium[pf2e.deities.PFp4Sdp2TDDKD62l]{Thamir}, @Compendium[pf2e.deities.4bEPoujxhYdUyUOg]{Ydersius}, @Compendium[pf2e.deities.SCGdJmm7Wzle9jFP]{Zohls}, @Compendium[pf2e.deities.ZfN7jkK6boU1FuiS]{Zon-Kuthon}</p>\n<p><strong>Conjuro de dominio</strong> <em>@Compendium[pf2e.spells-srd.Dj44lViYKvOJ8a53]{Ambición ciega}</em>; <strong>Conjuro de dominio avanzado</strong> <em>@Compendium[pf2e.spells-srd.NOB92Wpn7jXvtyVW]{Ventaja competitiva}</em></p>\n<p>Te esfuerzas en mantenerte al nivel de la competencia y de ir más rápido que ella.</p>"
		},
		{
			"id": "Change Domain",
			"name": "Cambio (Dominio)",
			"description": "<p><strong>Dioses</strong> @Compendium[pf2e.deities.9n2CI0B3EA4y3BuU]{Alseta}, @Compendium[pf2e.deities.remyY1BwhEVmBwya]{Belial}, @Compendium[pf2e.deities.gXHoxuuiAD54LnWV]{Cyth-V'sug}, @Compendium[pf2e.deities.AHX89nhuVhmg8k6w]{Dagón}, @Compendium[pf2e.deities.M3eb94Nd6uXti2IK]{Daikitsu}, @Compendium[pf2e.deities.fuPTR1laXO6EionS]{Abuela Araña}, @Compendium[pf2e.deities.qqqrbq4uCrelQvgH]{Irori}, @Compendium[pf2e.deities.5ZIvg8CkqRMepVcX]{Korada}, @Compendium[pf2e.deities.aipkJQxP4GBsTaGq]{Lamashtu}, @Compendium[pf2e.deities.QibpLccM5bLUMopj]{Lymnieris}, @Compendium[pf2e.deities.fTJLgTfEMZreJ19r]{Milani}, @Compendium[pf2e.deities.E1dUhoSEf2XfklU2]{Madre Buitre}, @Compendium[pf2e.deities.hhV2g6aU8jKLEca1]{Narakaas}, @Compendium[pf2e.deities.jL1qiVOZBKXETtVD]{Nocticula}, @Compendium[pf2e.deities.nuvfUC4TcOvFbKxx]{Osiris}, @Compendium[pf2e.deities.1xHnoMlCyCV70TnT]{Saloc}, @Compendium[pf2e.deities.nuqIimigyt986WLE]{El Rey de las Lámparas}, @Compendium[pf2e.deities.0R2BjVb7d9tYCIbk]{Tlehar}, @Compendium[pf2e.deities.aTYy1WHwAZiuei4h]{Tsukiyo}, @Compendium[pf2e.deities.mebdNVKeKuTmDDHj]{Xhamen-Dor}, @Compendium[pf2e.deities.iEt6idGIEPXY2HzV]{Ydajisk}</p>\n<p><strong>Conjuro de dominio</strong> <em>@Compendium[pf2e.spells-srd.GUnw9YXaW3YyaCAU]{Adaptarse}</em>; <strong>Conjuro de dominio avanzado</strong> <em>@Compendium[pf2e.spells-srd.GoKkejPj5yWJPIPK]{Ablación adaptativa}</em></p>\n<p>Puedes reestructurar lo físico y lo metafísico.</p>"
		},
		{
			"id": "Cities Domain",
			"name": "Ciudades (Dominio)",
			"description": "<p><strong>Dioses</strong> @Compendium[pf2e.deities.d56paSkcwvll2OhR]{Abadar}, @Compendium[pf2e.deities.v67fHklTZ6LoU54q]{Cayden Cailean}, @Compendium[pf2e.deities.OlVCyRgOaPJji4qt]{Chohar}, @Compendium[pf2e.deities.CzHjFLx4hpIEIoWt]{Dispater}, @Compendium[pf2e.deities.liXIbl7y8www2eAn]{Findeladlara}, @Compendium[pf2e.deities.VEyowuhC4FsBnG8c]{Folgrit}, @Compendium[pf2e.deities.iXvyp9rGnqvFfy4q]{Kazutal}, @Compendium[pf2e.deities.ub0PJ5QkrdoGzzb2]{Luhar}, @Compendium[pf2e.deities.hWTTS0e7J9hJfsp3]{Matravash}, @Compendium[pf2e.deities.0R2BjVb7d9tYCIbk]{Tlehar}, @Compendium[pf2e.deities.SCGdJmm7Wzle9jFP]{Zohls}</p>\n<p><strong>Conjuro de dominio</strong> <em>@Compendium[pf2e.spells-srd.yH13KXUK2x093NUv]{Rostro en la multitud}</em>; <strong>Conjuro de dominio avanzado</strong> <em>@Compendium[pf2e.spells-srd.ivKnEtI1z4UqEKIA]{Pulso de la ciudad}</em></p>\n<p>Tienes poderes sobre los entornos urbanos y sus habitantes.</p>"
		},
		{
			"id": "Cold Domain",
			"name": "Frío (Dominio)",
			"description": "<p><strong>Dioses</strong> @Compendium[pf2e.deities.uXkMGx0OD896ZQlT]{Alglenweis}, @Compendium[pf2e.deities.swwwP7eVmlNuWTb7]{Gozreh}, @Compendium[pf2e.deities.A37XqON6QRPzQhp7]{Hshurha}, @Compendium[pf2e.deities.JcIf4uwKLxEWdplI]{Kostchtchie}, @Compendium[pf2e.deities.Vzxm5FyIA40b2OSP]{Pulura}, @Compendium[pf2e.deities.tb0oADxOoMhyrYRA]{Yamatsumi}</p>\n<p><strong>Conjuro de dominio</strong> <em>@Compendium[pf2e.spells-srd.DeNz6eAUlE0IE9U3]{Virote invernal}</em>; <strong>Conjuro de dominio avanzado</strong> <em>@Compendium[pf2e.spells-srd.wjJW9hWY5CkkMvY5]{Polvo de diamante}</em></p>\n<p>Controlas el hielo, la nieve y las bajas temperaturas.</p>"
		},
		{
			"id": "Confidence Domain",
			"name": "Confianza (Dominio)",
			"description": "<p><strong>Dioses</strong> @Compendium[pf2e.deities.HtRxo4J3elFteIqu]{Arazni}, @Compendium[pf2e.deities.KDFujU3Yug6AwCOz]{Arshea}, @Compendium[pf2e.deities.QRkcFciCOmFoxF1B]{Asmodeo}, @Compendium[pf2e.deities.HD7g8T8ioy1EH3M8]{Bolka}, @Compendium[pf2e.deities.4GO4iT585ynLJnc8]{Chaldira}, @Compendium[pf2e.deities.vSUz97Y29l1O50bC]{Conde Ranalc}, @Compendium[pf2e.deities.CzHjFLx4hpIEIoWt]{Dispater}, @Compendium[pf2e.deities.8DXel4AvpyUy6oJ0]{Eritrice}, @Compendium[pf2e.deities.Zi1UARhode3FSFLr]{General Susumu}, @Compendium[pf2e.deities.88vRw2ZVPax4hhga]{Gorum}, @Compendium[pf2e.deities.tk7gRxXsqvBwQrUF]{Grundinnar}, @Compendium[pf2e.deities.eErEiVmBqltYXFJ6]{Iomedae}, @Compendium[pf2e.deities.bF77ydtptI54STl9]{Jaidz}, @Compendium[pf2e.deities.Mv6uTJLh3VGEoGLH]{Nivi Rhombodazzle}, @Compendium[pf2e.deities.o9tK1T28LNEVzpFV]{Ragdya}, @Compendium[pf2e.deities.u3YfcJh1C4w6n75j]{Raumya}, @Compendium[pf2e.deities.97Qe42wJN5EVUS14]{Sturovenen}, @Compendium[pf2e.deities.PFp4Sdp2TDDKD62l]{Thamir}, @Compendium[pf2e.deities.N8a76dkGfUvxvSW0]{Trudd}</p>\n<p><strong>Conjuro de dominio</strong> <em>@Compendium[pf2e.spells-srd.Q25JQAgnJSGgFDKZ]{Velo de confianza}</em>; <strong>Conjuro de dominio avanzado</strong> <em>@Compendium[pf2e.spells-srd.J8pL8yTshga8QOk8]{Orgullo delirante}</em></p>\n<p>Vences tu miedo y proyectas orgullo.</p>"
		},
		{
			"id": "Creation Domain",
			"name": "Creación (Dominio)",
			"description": "<p><strong>Dioses</strong> @Compendium[pf2e.deities.uXkMGx0OD896ZQlT]{Alglenweis}, @Compendium[pf2e.deities.o8ayCv3LAHWlu0vQ]{Apsu}, @Compendium[pf2e.deities.uydTiyN5AzhBnQY8]{Ardad Lili}, @Compendium[pf2e.deities.vEMCpm7iidycRT5D]{Brigh}, @Compendium[pf2e.deities.soiVh53y9RAeSLEk]{Casandalee}, @Compendium[pf2e.deities.M3eb94Nd6uXti2IK]{Daikitsu}, @Compendium[pf2e.deities.AMFkYKUNQ3kCD0ob]{Doloras}, @Compendium[pf2e.deities.6mgCX7lvKtaEYoa9]{Panteón enano}, @Compendium[pf2e.deities.Zw8nhcpRxinoYRSa]{Panteón élfico}, @Compendium[pf2e.deities.IXLzDSMGndFb5rGY]{Falayna}, @Compendium[pf2e.deities.liXIbl7y8www2eAn]{Findeladlara}, @Compendium[pf2e.deities.fuPTR1laXO6EionS]{Abuela Araña}, @Compendium[pf2e.deities.xu05XGotyT5st56H]{La Dama Jingxi}, @Compendium[pf2e.deities.lUFMwdv1UOyzFhIM]{Likha}, @Compendium[pf2e.deities.sNjPI1iaS8Z43YJf]{Mammon}, @Compendium[pf2e.deities.W4QGkdn9V5ACRpkh]{Mónada}, @Compendium[pf2e.deities.jL1qiVOZBKXETtVD]{Nocticula}, @Compendium[pf2e.deities.JgDqFUB1NtQkGmzp]{Otolmens}, @Compendium[pf2e.deities.WO9UsCY41oTtC2G0]{Pilares del conocimiento}, @Compendium[pf2e.deities.gxwmzxUWBOhdgFSN]{Shelyn}, @Compendium[pf2e.deities.vnmoAGURp8oWCY6R]{Soralyon}, @Compendium[pf2e.deities.6nq25AjImkT5GxDT]{El pilar prismático}, @Compendium[pf2e.deities.0R2BjVb7d9tYCIbk]{Tlehar}, @Compendium[pf2e.deities.sZrdzh0ANQnZGXJb]{Torag}, @Compendium[pf2e.deities.uYpxTi4byHc5w78R]{Yuelral}</p>\n<p><strong>Conjuro de dominio</strong> <em>@Compendium[pf2e.spells-srd.xTpp8dHZsNMDm75B]{Salpicadura de arte}</em>; <strong>Conjuro de dominio avanzado</strong> <em>@Compendium[pf2e.spells-srd.eb4FXf62NYArTqek]{Floreo artístico}</em></p>\n<p>Tienes aptitudes divinas relacionadas con la artesanía y el arte.</p>"
		},
		{
			"id": "Darkness Domain",
			"name": "Oscuridad (Dominio)",
			"description": "<p><strong>Dioses</strong> @Compendium[pf2e.deities.pCtJONJlhAugUXaG]{Arimán}, @Compendium[pf2e.deities.uydTiyN5AzhBnQY8]{Ardad Lili}, @Compendium[pf2e.deities.DJ7LDFTtns6YFodT]{Ashava}, @Compendium[pf2e.deities.oV5cnlPJQS8JfMIg]{Caravana cósmica}, @Compendium[pf2e.deities.vSUz97Y29l1O50bC]{Conde Ranalc}, @Compendium[pf2e.deities.fuPTR1laXO6EionS]{Abuela Araña}, @Compendium[pf2e.deities.WloVxo6HXJdS4YTt]{Groetus}, @Compendium[pf2e.deities.s81N9hxffmRuy3ik]{Kerkamoth}, @Compendium[pf2e.deities.wjXNXFWBLbJaeZQR]{Ketephys}, @Compendium[pf2e.deities.MbJ93Nw39h2cBYi5]{Lao Shu Po}, @Compendium[pf2e.deities.ub0PJ5QkrdoGzzb2]{Luhar}, @Compendium[pf2e.deities.jL1qiVOZBKXETtVD]{Nocticula}, @Compendium[pf2e.deities.iKgERiIc8rt3fatf]{Nyarlathotep (Acechador en la oscuridad)}, @Compendium[pf2e.deities.3nxIpMGeCvcBIVov]{Nyarlathotep (El Caos Reptante)}, @Compendium[pf2e.deities.Vzxm5FyIA40b2OSP]{Pulura}, @Compendium[pf2e.deities.DFxbPmQLOqcmbPTz]{Tanagaar}, @Compendium[pf2e.deities.ZfN7jkK6boU1FuiS]{Zon-Kuthon}</p>\n<p><strong>Conjuro de dominio</strong> <em>@Compendium[pf2e.spells-srd.SE0fbgBj7atuukdv]{Capa de sombra}</em>; <strong>Conjuro de dominio avanzado</strong> <em>@Compendium[pf2e.spells-srd.oiUhJbJ3YCKF62Fu]{Ojos oscurecidos}</em></p>\n<p>Funcionas en la oscuridad y te llevas la luz.</p>"
		},
		{
			"id": "Death Domain",
			"name": "Muerte (Dominio)",
			"description": "<p><strong>Dioses</strong> @Compendium[pf2e.deities.51kMMWaT6CqpGlGk]{Achaekek}, @Compendium[pf2e.deities.pCtJONJlhAugUXaG]{Arimán}, @Compendium[pf2e.deities.UUcAqU3KeJSMNxGF]{Barzahk}, @Compendium[pf2e.deities.tcXrtRYCOr2EmgGB]{Caronte}, @Compendium[pf2e.deities.H1VrZ1QX0d2aPXT8]{Dammerich}, @Compendium[pf2e.deities.QlDnoOwf0PppymTn]{Hanspur}, @Compendium[pf2e.deities.KIEgpcmHYtFu1dpg]{Imot}, @Compendium[pf2e.deities.nsiDGdgbAzkTQzOt]{Magrim}, @Compendium[pf2e.deities.E1dUhoSEf2XfklU2]{Madre Buitre}, @Compendium[pf2e.deities.pm8H2DbtrHM01KNV]{Naderi}, @Compendium[pf2e.deities.hhV2g6aU8jKLEca1]{Narakaas}, @Compendium[pf2e.deities.GX6PF9ifR47Xyjg9]{Norgorber}, @Compendium[pf2e.deities.QZD0u1jxwz0kj8uI]{Farasma}, @Compendium[pf2e.deities.1xHnoMlCyCV70TnT]{Saloc}, @Compendium[pf2e.deities.zzhYFcShT9JoE2Mp]{Shax}, @Compendium[pf2e.deities.83jKKHQPoqVylmrF]{Yaezhing}, @Compendium[pf2e.deities.LLMTMgARSTlO7S9U]{Zyphus}</p>\n<p><strong>Conjuro de dominio</strong> <em>@Compendium[pf2e.spells-srd.HG4afO9EOGEU9bZN]{Llamada de la muerte}</em>; <strong>Conjuro de dominio avanzado</strong> <em>@Compendium[pf2e.spells-srd.J5MNC4xq3CHH31qT]{Erradicar la muerte en vida}</em></p>\n<p>Tienes el poder de acabar con la vida y destruir a los muertos vivientes.</p>"
		},
		{
			"id": "Decay Domain",
			"name": "Putrefacción (Dominio)",
			"description": "<p><strong>Dioses</strong> @Compendium[pf2e.deities.oJPwMa9xG8oMnC14]{Apolión}, @Compendium[pf2e.deities.sILda7I8Ak20Ioj9]{Azathoth}, @Compendium[pf2e.deities.gXHoxuuiAD54LnWV]{Cyth-V'sug}, @Compendium[pf2e.deities.oRvuLq3o2FxXizt9]{Ghlaunder}, @Compendium[pf2e.deities.WloVxo6HXJdS4YTt]{Groetus}, @Compendium[pf2e.deities.s81N9hxffmRuy3ik]{Kerkamoth}, @Compendium[pf2e.deities.E1dUhoSEf2XfklU2]{Madre Buitre}, @Compendium[pf2e.deities.8Oy4qHylOOp79JxD]{Nhimbaloth}, @Compendium[pf2e.deities.3INt1X4ijBYnZYbU]{Shyka}, @Compendium[pf2e.deities.pVQzTL5elNTxvffu]{La Madre Verde}, @Compendium[pf2e.deities.9eltBjLngkR9x1Xm]{Trelmarixian}, @Compendium[pf2e.deities.22n3N47sqbqbDxbp]{Urgathoa}, @Compendium[pf2e.deities.mebdNVKeKuTmDDHj]{Xhamen-Dor}</p>\n<p><strong>Conjuro de dominio</strong> <em>@Compendium[pf2e.spells-srd.7tp97g0UCJ9wOrd5]{Agarrón marchitante}</em>; <strong>Conjuro de dominio avanzado</strong> <em>@Compendium[pf2e.spells-srd.2RhZkHNv8ajq0yLq]{Campo yermo}</em></p>\n<p>Tienes el poder de pudrir y deteriorar la materia.</p>"
		},
		{
			"id": "Delirium Domain",
			"name": "Delirio (Dominio)",
			"description": "<p><strong>Dioses</strong> @Compendium[pf2e.deities.65o189p2eUPbqaDK]{Narriseminek}, @Compendium[pf2e.deities.8Oy4qHylOOp79JxD]{Nhimbaloth}, @Compendium[pf2e.deities.3INt1X4ijBYnZYbU]{Shyka}, @Compendium[pf2e.deities.iJyhAFmHOLZBvWnJ]{Sivanah}, @Compendium[pf2e.deities.nuqIimigyt986WLE]{El Rey de las Lámparas}, @Compendium[pf2e.deities.aTYy1WHwAZiuei4h]{Tsukiyo}, @Compendium[pf2e.deities.8ZSywyo8YQPduo92]{Zura}</p>\n<p><strong>Conjuro de dominio</strong> <em>@Compendium[pf2e.spells-srd.XhgMx9WC6NfXd9RP]{Hiperfoco}</em>; <strong>Conjuro de dominio avanzado</strong> <em>@Compendium[pf2e.spells-srd.HisaZTk67YAxLGBq]{Peligros efímeros}</em></p>\n<p>Puedes provocar alucinaciones e inquietud.</p>"
		},
		{
			"id": "Destruction Domain",
			"name": "Destrucción (Dominio)",
			"description": "<p><strong>Dioses</strong> @Compendium[pf2e.deities.bLI1JMpI2GXQT5AC]{Abraxas}, @Compendium[pf2e.deities.pCtJONJlhAugUXaG]{Arimán}, @Compendium[pf2e.deities.cHAbE86pto5bvIWo]{Angazhan}, @Compendium[pf2e.deities.aChBtIDfA59QQ7SN]{Ayrzul}, @Compendium[pf2e.deities.sILda7I8Ak20Ioj9]{Azathoth}, @Compendium[pf2e.deities.wkDOeK7ENz1ra8IC]{Besmara}, @Compendium[pf2e.deities.AHX89nhuVhmg8k6w]{Dagón}, @Compendium[pf2e.deities.Bzfc5mIUfMxOnQWu]{Dahak}, @Compendium[pf2e.deities.dcbf3pBSNa2q1Kkq]{Dhalavei}, @Compendium[pf2e.deities.XHDlP7o1jNz9851v]{Diomazul}, @Compendium[pf2e.deities.aVyxfqY9GBjTqQul]{Eiseth}, @Compendium[pf2e.deities.6O4UGWcYERDEugzk]{Fumeiyoshi}, @Compendium[pf2e.deities.Zi1UARhode3FSFLr]{General Susumu}, @Compendium[pf2e.deities.88vRw2ZVPax4hhga]{Gorum}, @Compendium[pf2e.deities.WloVxo6HXJdS4YTt]{Groetus}, @Compendium[pf2e.deities.DEKKbg6riAdL2ARf]{Hei Feng}, @Compendium[pf2e.deities.A37XqON6QRPzQhp7]{Hshurha}, @Compendium[pf2e.deities.KIEgpcmHYtFu1dpg]{Imot}, @Compendium[pf2e.deities.14GLsVobnZTEmJrs]{Kelizandri}, @Compendium[pf2e.deities.s81N9hxffmRuy3ik]{Kerkamoth}, @Compendium[pf2e.deities.JcIf4uwKLxEWdplI]{Kostchtchie}, @Compendium[pf2e.deities.r6SFB1PzKsagDXff]{Dama Nanbyo}, @Compendium[pf2e.deities.fTJLgTfEMZreJ19r]{Milani}, @Compendium[pf2e.deities.g1VxllMjs2YRIJAm]{Moloch}, @Compendium[pf2e.deities.9EKyWmjLUu42evxC]{Nethys}, @Compendium[pf2e.deities.SAuFz101iP6VVwvw]{Nurgal}, @Compendium[pf2e.deities.XYJupIPx0GW4s7eu]{Ragadahn}, @Compendium[pf2e.deities.GEBaoeiv5CB9h2Bn]{Ragathiel}, @Compendium[pf2e.deities.Bhxji0kxIbMKqdkw]{Rovagug}, @Compendium[pf2e.deities.0nQItOlce5ua6Eaf]{Sekhmet}, @Compendium[pf2e.deities.rDTXcBJ8LyqA2TkL]{Szuriel}, @Compendium[pf2e.deities.ENzMYuzBZGIujSMx]{Arrasador de Árboles}, @Compendium[pf2e.deities.7L9KIqixgseSCY3X]{Ymeri}, @Compendium[pf2e.deities.8roijlQ03l9rWFFe]{Zevgavizeb}, @Compendium[pf2e.deities.ZfN7jkK6boU1FuiS]{Zon-Kuthon}</p>\n<p><strong>Conjuro de dominio</strong> <em>@Compendium[pf2e.spells-srd.0H1ozccQGGFLUwFI]{Grito de destrucción}</em>; <strong>Conjuro de dominio avanzado</strong> <em>@Compendium[pf2e.spells-srd.7d4DUTDIlzDa8OvX]{Aura destructiva}</em></p>\n<p>Eres un conducto de la devastación divina.</p>"
		},
		{
			"id": "Dreams Domain",
			"name": "Sueños (Dominio)",
			"description": "<p><strong>Dioses</strong> @Compendium[pf2e.deities.JgqH3BhuEuA4Zyqs]{Desna}, @Compendium[pf2e.deities.VvxEvEKhCGRwrMJp]{Imbrex}, @Compendium[pf2e.deities.ub0PJ5QkrdoGzzb2]{Luhar}, @Compendium[pf2e.deities.mebdNVKeKuTmDDHj]{Xhamen-Dor}</p>\n<p><strong>Conjuro de dominio</strong> <em>@Compendium[pf2e.spells-srd.BRtKFk0PKfWIlCAB]{Dulces sueños}</em>; <strong>Conjuro de dominio avanzado</strong> <em>@Compendium[pf2e.spells-srd.PztLrElcZfLwRnEq]{Llamada del soñador}</em></p>\n<p>Tienes el poder de entrar en los sueños y manipularlos.</p>"
		},
		{
			"id": "Dust Domain",
			"name": "Polvo (Dominio)",
			"description": "<p><strong>Dioses</strong> @Compendium[pf2e.deities.A37XqON6QRPzQhp7]{Hshurha}, @Compendium[pf2e.deities.SAuFz101iP6VVwvw]{Nurgal}, @Compendium[pf2e.deities.9eltBjLngkR9x1Xm]{Trelmarixian}, @Compendium[pf2e.deities.7L9KIqixgseSCY3X]{Ymeri}</p>\n<p><strong>Conjuro de dominio</strong> <em>@Compendium[pf2e.spells-srd.7CUgqHunmHfW2lC5]{Resecar}</em>; <strong>Conjuro de dominio avanzado</strong> <em>@Compendium[pf2e.spells-srd.K1wmI4qPmRhFczmy]{Tormenta de arena}</em></p>\n<p>Tienes el poder de secar y desmenuzar lo que se te opone.</p>"
		},
		{
			"id": "Duty Domain",
			"name": "Deber (Dominio)",
			"description": "<p><strong>Dioses</strong> @Compendium[pf2e.deities.d56paSkcwvll2OhR]{Abadar}, @Compendium[pf2e.deities.QRkcFciCOmFoxF1B]{Asmodeo}, @Compendium[pf2e.deities.OlVCyRgOaPJji4qt]{Chohar}, @Compendium[pf2e.deities.H1VrZ1QX0d2aPXT8]{Dammerich}, @Compendium[pf2e.deities.CzHjFLx4hpIEIoWt]{Dispater}, @Compendium[pf2e.deities.39z55kowQFOUH2v0]{Droskar}, @Compendium[pf2e.deities.6mgCX7lvKtaEYoa9]{Panteón enano}, @Compendium[pf2e.deities.mm1j6UbHqFCI8fwB]{Erastil}, @Compendium[pf2e.deities.eErEiVmBqltYXFJ6]{Iomedae}, @Compendium[pf2e.deities.zhPhYge7VJbIlJvA]{Kols}, @Compendium[pf2e.deities.nsiDGdgbAzkTQzOt]{Magrim}, @Compendium[pf2e.deities.g1VxllMjs2YRIJAm]{Moloch}, @Compendium[pf2e.deities.GEBaoeiv5CB9h2Bn]{Ragathiel}, @Compendium[pf2e.deities.s9opv94lGDRKnw6W]{Shizuru}, @Compendium[pf2e.deities.DFxbPmQLOqcmbPTz]{Tanagaar}, @Compendium[pf2e.deities.JndhOIHnQoMwnsw3]{La Garra Divina}, @Compendium[pf2e.deities.sZrdzh0ANQnZGXJb]{Torag}, @Compendium[pf2e.deities.N8a76dkGfUvxvSW0]{Trudd}, @Compendium[pf2e.deities.y93whGnGZjFyw5A0]{Vildeis}, @Compendium[pf2e.deities.83jKKHQPoqVylmrF]{Yaezhing}</p>\n<p><strong>Conjuro de dominio</strong> <em>@Compendium[pf2e.spells-srd.cokeXkDHUAo4zHsw]{Insignia del guardián de juramentos}</em>; <strong>Conjuro de dominio avanzado</strong> <em>@Compendium[pf2e.spells-srd.caehfpQz7yp9yNzz]{Desafío obediente}</em></p>\n<p>Defiendes los juramentos y llevas a cabo tus misiones divinas con gran dedicación.</p>"
		},
		{
			"id": "Earth Domain",
			"name": "Tierra (Dominio)",
			"description": "<p><strong>Dioses</strong> @Compendium[pf2e.deities.d56paSkcwvll2OhR]{Abadar}, @Compendium[pf2e.deities.RbslST0RZPXj6Eby]{Ashukharma}, @Compendium[pf2e.deities.aChBtIDfA59QQ7SN]{Ayrzul}, @Compendium[pf2e.deities.eyGEoggFlTEUQmvJ]{Bes}, @Compendium[pf2e.deities.vEMCpm7iidycRT5D]{Brigh}, @Compendium[pf2e.deities.XHDlP7o1jNz9851v]{Diomazul}, @Compendium[pf2e.deities.39z55kowQFOUH2v0]{Droskar}, @Compendium[pf2e.deities.mm1j6UbHqFCI8fwB]{Erastil}, @Compendium[pf2e.deities.6O4UGWcYERDEugzk]{Fumeiyoshi}, @Compendium[pf2e.deities.3ffVxwgtvR1imHm8]{Gendowyn}, @Compendium[pf2e.deities.VvxEvEKhCGRwrMJp]{Imbrex}, @Compendium[pf2e.deities.Mv6uTJLh3VGEoGLH]{Nivi Rhombodazzle}, @Compendium[pf2e.deities.Bhxji0kxIbMKqdkw]{Rovagug}, @Compendium[pf2e.deities.1NxkZf6ndijKeufX]{Sairazul}, @Compendium[pf2e.deities.vnmoAGURp8oWCY6R]{Soralyon}, @Compendium[pf2e.deities.sZrdzh0ANQnZGXJb]{Torag}, @Compendium[pf2e.deities.9eltBjLngkR9x1Xm]{Trelmarixian}, @Compendium[pf2e.deities.tb0oADxOoMhyrYRA]{Yamatsumi}, @Compendium[pf2e.deities.uYpxTi4byHc5w78R]{Yuelral}</p>\n<p><strong>Conjuro de dominio</strong> <em>@Compendium[pf2e.spells-srd.pRKaEXnjGJXbPHPC]{Piedra lanzada}</em>; <strong>Conjuro de dominio avanzado</strong> <em>@Compendium[pf2e.spells-srd.cBUuG1yJHGeKffpg]{Terremoto localizado}</em></p>\n<p>Controlas el suelo y la piedra.</p>"
		},
		{
			"id": "Family Domain",
			"name": "Familia (Dominio)",
			"description": "<p><strong>Dioses</strong> @Compendium[pf2e.deities.CDkr6eXR1lgu7g6A]{Andoletta}, @Compendium[pf2e.deities.eyGEoggFlTEUQmvJ]{Bes}, @Compendium[pf2e.deities.HD7g8T8ioy1EH3M8]{Bolka}, @Compendium[pf2e.deities.OlVCyRgOaPJji4qt]{Chohar}, @Compendium[pf2e.deities.M3eb94Nd6uXti2IK]{Daikitsu}, @Compendium[pf2e.deities.6mgCX7lvKtaEYoa9]{Panteón enano}, @Compendium[pf2e.deities.mm1j6UbHqFCI8fwB]{Erastil}, @Compendium[pf2e.deities.liXIbl7y8www2eAn]{Findeladlara}, @Compendium[pf2e.deities.VEyowuhC4FsBnG8c]{Folgrit}, @Compendium[pf2e.deities.xxUGdZYUj5IW7E0L]{Seguidores del destino}, @Compendium[pf2e.deities.3ffVxwgtvR1imHm8]{Gendowyn}, @Compendium[pf2e.deities.fuPTR1laXO6EionS]{Abuela Araña}, @Compendium[pf2e.deities.tk7gRxXsqvBwQrUF]{Grundinnar}, @Compendium[pf2e.deities.TpAMy8tb5LrRgvqN]{Hathor}, @Compendium[pf2e.deities.VvxEvEKhCGRwrMJp]{Imbrex}, @Compendium[pf2e.deities.EFyDjlH7XjGq7Erd]{Isis}, @Compendium[pf2e.deities.aLCfEgt48SRUHnMC]{Jaidi}, @Compendium[pf2e.deities.iXvyp9rGnqvFfy4q]{Kazutal}, @Compendium[pf2e.deities.aipkJQxP4GBsTaGq]{Lamashtu}, @Compendium[pf2e.deities.Mv6uTJLh3VGEoGLH]{Nivi Rhombodazzle}, @Compendium[pf2e.deities.1NxkZf6ndijKeufX]{Sairazul}, @Compendium[pf2e.deities.ra7mnjAZcEuJxI37]{Shei}, @Compendium[pf2e.deities.gxwmzxUWBOhdgFSN]{Shelyn}, @Compendium[pf2e.deities.fTs56epghXwclPcX]{Madre Ciervo del Bosque de Piedras}, @Compendium[pf2e.deities.6nq25AjImkT5GxDT]{El pilar prismático}, @Compendium[pf2e.deities.sZrdzh0ANQnZGXJb]{Torag}, @Compendium[pf2e.deities.g1AVEGi8QibhS007]{Walkena}, @Compendium[pf2e.deities.ZynnoQJFz12FD0Xn]{Guardas del faraón}</p>\n<p><strong>Conjuro de dominio</strong> <em>@Compendium[pf2e.spells-srd.YGRpHU5yxw73mls8]{Palabras tranquilizantes}</em>; <strong>Conjuro de dominio avanzado</strong> <em>@Compendium[pf2e.spells-srd.tYLBjOTvBVn9JtRb]{Unidad}</em></p>\n<p>Ayudas y proteges a tu familia y a tu comunidad de forma más efectiva.</p>"
		},
		{
			"id": "Fate Domain",
			"name": "Destino (Dominio)",
			"description": "<p><strong>Dioses</strong> @Compendium[pf2e.deities.Xb1N5YfxboJH26Jh]{Angradd}, @Compendium[pf2e.deities.oV5cnlPJQS8JfMIg]{Caravana cósmica}, @Compendium[pf2e.deities.Dm8qlzpUj7g82QFv]{Erecura}, @Compendium[pf2e.deities.xxUGdZYUj5IW7E0L]{Seguidores del destino}, @Compendium[pf2e.deities.fuPTR1laXO6EionS]{Abuela Araña}, @Compendium[pf2e.deities.KIEgpcmHYtFu1dpg]{Imot}, @Compendium[pf2e.deities.lSciGZGcbU9PJxQy]{Irez}, @Compendium[pf2e.deities.w66gCNiZ7dslqG8K]{Lissala}, @Compendium[pf2e.deities.ub0PJ5QkrdoGzzb2]{Luhar}, @Compendium[pf2e.deities.SCMlQDcoU1QcF3AS]{Lysianassa}, @Compendium[pf2e.deities.iMRXc519Uepf8yH3]{Magdh}, @Compendium[pf2e.deities.nsiDGdgbAzkTQzOt]{Magrim}, @Compendium[pf2e.deities.Af4TSJjutVi9Vdwi]{Mahathallah}, @Compendium[pf2e.deities.JgDqFUB1NtQkGmzp]{Otolmens}, @Compendium[pf2e.deities.QZD0u1jxwz0kj8uI]{Farasma}, @Compendium[pf2e.deities.1nQVLOyWv5kC0bCU]{Ravithra}, @Compendium[pf2e.deities.3INt1X4ijBYnZYbU]{Shyka}, @Compendium[pf2e.deities.9FWBJcADLEeP8Krf]{Valmallos}</p>\n<p><strong>Conjuro de dominio</strong> <em>@Compendium[pf2e.spells-srd.Vvxgn7saUPW2bJhb]{Leer el destino}</em>; <strong>Conjuro de dominio avanzado</strong> <em>@Compendium[pf2e.spells-srd.GqvKSxzN7A7kuFk4]{Tentar al destino}</em></p>\n<p>Ves y entiendes inevitabilidades ocultas.</p>"
		},
		{
			"id": "Fire Domain",
			"name": "Fuego (Dominio)",
			"description": "<p><strong>Dioses</strong> @Compendium[pf2e.deities.Xb1N5YfxboJH26Jh]{Angradd}, @Compendium[pf2e.deities.QRkcFciCOmFoxF1B]{Asmodeo}, @Compendium[pf2e.deities.R0DvoLO8WbYIYhb3]{Atreia}, @Compendium[pf2e.deities.vEMCpm7iidycRT5D]{Brigh}, @Compendium[pf2e.deities.OlVCyRgOaPJji4qt]{Chohar}, @Compendium[pf2e.deities.Bzfc5mIUfMxOnQWu]{Dahak}, @Compendium[pf2e.deities.39z55kowQFOUH2v0]{Droskar}, @Compendium[pf2e.deities.r6SFB1PzKsagDXff]{Dama Nanbyo}, @Compendium[pf2e.deities.g1VxllMjs2YRIJAm]{Moloch}, @Compendium[pf2e.deities.SAuFz101iP6VVwvw]{Nurgal}, @Compendium[pf2e.deities.woDEgBs1MznhzpJ4]{Ra}, @Compendium[pf2e.deities.GEBaoeiv5CB9h2Bn]{Ragathiel}, @Compendium[pf2e.deities.BNycwu3I21dTh4D9]{Sarenrae}, @Compendium[pf2e.deities.rDTXcBJ8LyqA2TkL]{Szuriel}, @Compendium[pf2e.deities.tb0oADxOoMhyrYRA]{Yamatsumi}, @Compendium[pf2e.deities.7L9KIqixgseSCY3X]{Ymeri}</p>\n<p><strong>Conjuro de dominio</strong> <em>@Compendium[pf2e.spells-srd.oJKZi8OQgmVXHOc0]{Rayo de fuego}</em>; <strong>Conjuro de dominio avanzado</strong> <em>@Compendium[pf2e.spells-srd.y7Tusv3CieZktkkV]{Barrera de llamas}</em></p>\n<p>Controlas las llamas.</p>"
		},
		{
			"id": "Freedom Domain",
			"name": "Libertad (Dominio)",
			"description": "<p><strong>Dioses</strong> @Compendium[pf2e.deities.HtRxo4J3elFteIqu]{Arazni}, @Compendium[pf2e.deities.KDFujU3Yug6AwCOz]{Arshea}, @Compendium[pf2e.deities.c9NFjRR8gr6CWpjl]{Mariposa Negra}, @Compendium[pf2e.deities.soiVh53y9RAeSLEk]{Casandalee}, @Compendium[pf2e.deities.v67fHklTZ6LoU54q]{Cayden Cailean}, @Compendium[pf2e.deities.oV5cnlPJQS8JfMIg]{Caravana cósmica}, @Compendium[pf2e.deities.IXLzDSMGndFb5rGY]{Falayna}, @Compendium[pf2e.deities.iXvyp9rGnqvFfy4q]{Kazutal}, @Compendium[pf2e.deities.fTJLgTfEMZreJ19r]{Milani}, @Compendium[pf2e.deities.65o189p2eUPbqaDK]{Narriseminek}, @Compendium[pf2e.deities.Ij1KRM8ufkEjGnR3]{Ranginori}, @Compendium[pf2e.deities.1xHnoMlCyCV70TnT]{Saloc}, @Compendium[pf2e.deities.ra7mnjAZcEuJxI37]{Shei}, @Compendium[pf2e.deities.g1AVEGi8QibhS007]{Walkena}</p>\n<p><strong>Conjuro de dominio</strong> <em>@Compendium[pf2e.spells-srd.gwOYh5zMVZB0HNcT]{Zancada sin obstáculos}</em>; <strong>Conjuro de dominio avanzado</strong> <em>@Compendium[pf2e.spells-srd.2jB9eyX7YekwoCvA]{Palabra de libertad}</em></p>\n<p>Te liberas a ti mismo y a otros de los grilletes y de las restricciones.</p>"
		},
		{
			"id": "Glyph Domain",
			"name": "Glifo (Dominio)",
			"description": "<p><strong>Dioses</strong> @Compendium[pf2e.deities.QRkcFciCOmFoxF1B]{Asmodeo}, @Compendium[pf2e.deities.6mgCX7lvKtaEYoa9]{Panteón enano}, @Compendium[pf2e.deities.8DXel4AvpyUy6oJ0]{Eritrice}, @Compendium[pf2e.deities.tcvobm8O84qv0aO5]{Gruhastha}, @Compendium[pf2e.deities.WvoMr86bSSYxXKtI]{Hastur}, @Compendium[pf2e.deities.KIEgpcmHYtFu1dpg]{Imot}, @Compendium[pf2e.deities.lSciGZGcbU9PJxQy]{Irez}, @Compendium[pf2e.deities.xu05XGotyT5st56H]{La Dama Jingxi}, @Compendium[pf2e.deities.w66gCNiZ7dslqG8K]{Lissala}, @Compendium[pf2e.deities.iMRXc519Uepf8yH3]{Magdh}, @Compendium[pf2e.deities.nsiDGdgbAzkTQzOt]{Magrim}, @Compendium[pf2e.deities.KWVdoAm3b01M8Lcp]{Mefistófeles}, @Compendium[pf2e.deities.gsFaxWHbZmc1moY6]{Nalinivati}, @Compendium[pf2e.deities.9EKyWmjLUu42evxC]{Nethys}, @Compendium[pf2e.deities.WO9UsCY41oTtC2G0]{Pilares del conocimiento}, @Compendium[pf2e.deities.iJyhAFmHOLZBvWnJ]{Sivanah}, @Compendium[pf2e.deities.aievwuZalZ2abs2q]{Thoth}, @Compendium[pf2e.deities.9FWBJcADLEeP8Krf]{Valmallos}, @Compendium[pf2e.deities.ZynnoQJFz12FD0Xn]{Guardas del faraón}, @Compendium[pf2e.deities.8wOAwLMgB1HFLo9n]{Winlas}, @Compendium[pf2e.deities.iEt6idGIEPXY2HzV]{Ydajisk}</p>\n<p><strong>Conjuro de dominio</strong> <em>@Compendium[pf2e.spells-srd.ifXNOhtmU4fKL68v]{Redactar}</em>; <strong>Conjuro de dominio avanzado</strong> <em>@Compendium[pf2e.spells-srd.vhe9DduqaivMs8FV]{Transcripción fantasmal}</em></p>\n<p>Ejerces poder sobre las palabras y los símbolos escritos.</p>"
		},
		{
			"id": "Healing Domain",
			"name": "Curación (Dominio)",
			"description": "<p><strong>Dioses</strong> @Compendium[pf2e.deities.jrPmEfubRDzMKbxl]{Arundhat}, @Compendium[pf2e.deities.R0DvoLO8WbYIYhb3]{Atreia}, @Compendium[pf2e.deities.HD7g8T8ioy1EH3M8]{Bolka}, @Compendium[pf2e.deities.yiKle2URZ43KYVKQ]{Chamidu}, @Compendium[pf2e.deities.McUqN13BGLTpYWCg]{Hombre verde}, @Compendium[pf2e.deities.EFyDjlH7XjGq7Erd]{Isis}, @Compendium[pf2e.deities.5ZIvg8CkqRMepVcX]{Korada}, @Compendium[pf2e.deities.nuvfUC4TcOvFbKxx]{Osiris}, @Compendium[pf2e.deities.QZD0u1jxwz0kj8uI]{Farasma}, @Compendium[pf2e.deities.giAsBYiL2omr0x2L]{Qi Zhong}, @Compendium[pf2e.deities.BNycwu3I21dTh4D9]{Sarenrae}, @Compendium[pf2e.deities.0nQItOlce5ua6Eaf]{Sekhmet}, @Compendium[pf2e.deities.xTD0XFaguBX6QQ2L]{Selket}, @Compendium[pf2e.deities.ra7mnjAZcEuJxI37]{Shei}, @Compendium[pf2e.deities.fTs56epghXwclPcX]{Madre Ciervo del Bosque de Piedras}, @Compendium[pf2e.deities.6nq25AjImkT5GxDT]{El pilar prismático}, @Compendium[pf2e.deities.0R2BjVb7d9tYCIbk]{Tlehar}, @Compendium[pf2e.deities.ZynnoQJFz12FD0Xn]{Guardas del faraón}</p>\n<p><strong>Conjuro de dominio</strong> <em>@Compendium[pf2e.spells-srd.rhJyqB9g3ziImQgM]{Bendición del sanador}</em>; <strong>Conjuro de dominio avanzado</strong> <em>@Compendium[pf2e.spells-srd.4nHYSMHito1GUXlm]{Rechazar la muerte}</em></p>\n<p>Tu magia curativa es particularmente poderosa.</p>"
		},
		{
			"id": "Indulgence Domain",
			"name": "Indulgencia (Dominio)",
			"description": "<p><strong>Dioses</strong> @Compendium[pf2e.deities.aj4ChTlDcZCmrtJD]{Bafomet}, @Compendium[pf2e.deities.v67fHklTZ6LoU54q]{Cayden Cailean}, @Compendium[pf2e.deities.RUzMtIQal0drPwQY]{Gogunta}, @Compendium[pf2e.deities.K1tzUClsozKcdpIe]{Halcamora}, @Compendium[pf2e.deities.DEKKbg6riAdL2ARf]{Hei Feng}, @Compendium[pf2e.deities.V5PbbkZUP9N7kl6h]{Kabriri}, @Compendium[pf2e.deities.ItYptsfjV8XvfhOV]{Lahkgya}, @Compendium[pf2e.deities.0nQItOlce5ua6Eaf]{Sekhmet}, @Compendium[pf2e.deities.BLNXYqvzmLgjMq2p]{Sun Wukong} @Compendium[pf2e.deities.pVQzTL5elNTxvffu]{La Madre Verde}, @Compendium[pf2e.deities.22n3N47sqbqbDxbp]{Urgathoa}, @Compendium[pf2e.deities.4bEPoujxhYdUyUOg]{Ydersius}, @Compendium[pf2e.deities.8ZSywyo8YQPduo92]{Zura}</p>\n<p><strong>Conjuro de dominio</strong> <em>@Compendium[pf2e.spells-srd.mFHQ2u4LWiejqKQG]{Atiborrarse}</em>; <strong>Conjuro de dominio avanzado</strong> <em>@Compendium[pf2e.spells-srd.ZeHeNQ5BNq6m5F1j]{Seguir el curso}</em></p>\n<p>Abusas de los festejos, pero puedes desprenderte de los excesos.</p>"
		},
		{
			"id": "Knowledge Domain",
			"name": "Saber (Dominio)",
			"description": "<p><strong>Dioses</strong> @Compendium[pf2e.deities.bLI1JMpI2GXQT5AC]{Abraxas}, @Compendium[pf2e.deities.CDkr6eXR1lgu7g6A]{Andoletta}, @Compendium[pf2e.deities.UUcAqU3KeJSMNxGF]{Barzahk}, @Compendium[pf2e.deities.vEMCpm7iidycRT5D]{Brigh}, @Compendium[pf2e.deities.soiVh53y9RAeSLEk]{Casandalee}, @Compendium[pf2e.deities.tcXrtRYCOr2EmgGB]{Caronte}, @Compendium[pf2e.deities.dcbf3pBSNa2q1Kkq]{Dhalavei}, @Compendium[pf2e.deities.oyp2E685VsQFKMXi]{Dranngvit}, @Compendium[pf2e.deities.8DXel4AvpyUy6oJ0]{Eritrice}, @Compendium[pf2e.deities.xxUGdZYUj5IW7E0L]{Seguidores del destino}, @Compendium[pf2e.deities.tcvobm8O84qv0aO5]{Gruhastha}, @Compendium[pf2e.deities.qqqrbq4uCrelQvgH]{Irori}, @Compendium[pf2e.deities.V5PbbkZUP9N7kl6h]{Kabriri}, @Compendium[pf2e.deities.zhPhYge7VJbIlJvA]{Kols}, @Compendium[pf2e.deities.xu05XGotyT5st56H]{La Dama Jingxi}, @Compendium[pf2e.deities.lUFMwdv1UOyzFhIM]{Likha}, @Compendium[pf2e.deities.ArmPZQrl0SFAKvrY]{Ma'at}, @Compendium[pf2e.deities.iMRXc519Uepf8yH3]{Magdh}, @Compendium[pf2e.deities.KWVdoAm3b01M8Lcp]{Mefistófeles}, @Compendium[pf2e.deities.W4QGkdn9V5ACRpkh]{Mónada}, @Compendium[pf2e.deities.65o189p2eUPbqaDK]{Narriseminek}, @Compendium[pf2e.deities.9EKyWmjLUu42evxC]{Nethys}, @Compendium[pf2e.deities.RzTd9PmgnfHNlFVf]{Ng}, @Compendium[pf2e.deities.iKgERiIc8rt3fatf]{Nyarlathotep (Acechador en la oscuridad)}, @Compendium[pf2e.deities.3nxIpMGeCvcBIVov]{Nyarlathotep (El Caos Reptante)}, @Compendium[pf2e.deities.JgDqFUB1NtQkGmzp]{Otolmens}, @Compendium[pf2e.deities.QZD0u1jxwz0kj8uI]{Farasma}, @Compendium[pf2e.deities.WO9UsCY41oTtC2G0]{Pilares del conocimiento}, @Compendium[pf2e.deities.giAsBYiL2omr0x2L]{Qi Zhong}, @Compendium[pf2e.deities.u3YfcJh1C4w6n75j]{Raumya}, @Compendium[pf2e.deities.1xHnoMlCyCV70TnT]{Saloc}, @Compendium[pf2e.deities.HbuynQRCjGKtbhcC]{El Príncipe Perdido}, @Compendium[pf2e.deities.9FWBJcADLEeP8Krf]{Valmallos}, @Compendium[pf2e.deities.ZynnoQJFz12FD0Xn]{Guardas del faraón}, @Compendium[pf2e.deities.8wOAwLMgB1HFLo9n]{Winlas}, @Compendium[pf2e.deities.iEt6idGIEPXY2HzV]{Ydajisk}, @Compendium[pf2e.deities.SUaGdvQXxSAQAw03]{Yog-Sothoth}, @Compendium[pf2e.deities.uYpxTi4byHc5w78R]{Yuelral}, @Compendium[pf2e.deities.SCGdJmm7Wzle9jFP]{Zohls}</p>\n<p><strong>Conjuro de dominio</strong> <em>@Compendium[pf2e.spells-srd.dXIRotMLsABDQQSB]{Recuerdo erudito}</em>; <strong>Conjuro de dominio avanzado</strong> <em>@Compendium[pf2e.spells-srd.l6zjNysNedpJcmDT]{Conocer al enemigo}</em></p>\n<p>Obtienes introspecciones divinas.</p>"
		},
		{
			"id": "Lightning Domain",
			"name": "Rayos (Dominio)",
			"description": "<p><strong>Dioses</strong> @Compendium[pf2e.deities.soiVh53y9RAeSLEk]{Casandalee}, @Compendium[pf2e.deities.EE8sNM4JraOPN669]{Cernunnos}, @Compendium[pf2e.deities.yiKle2URZ43KYVKQ]{Chamidu}, @Compendium[pf2e.deities.swwwP7eVmlNuWTb7]{Gozreh}, @Compendium[pf2e.deities.DEKKbg6riAdL2ARf]{Hei Feng}, @Compendium[pf2e.deities.Ij1KRM8ufkEjGnR3]{Ranginori}</p>\n<p><strong>Conjuro de dominio</strong> <em>@Compendium[pf2e.spells-srd.g1eY1vN44mgluE33]{Jabalina cargada}</em>; <strong>Conjuro de dominio avanzado</strong> <em>@Compendium[pf2e.spells-srd.VUwpDY4Z91s9QCg0]{Embotellar la tormenta}</em></p>\n<p>Controlas la electricidad, los truenos y las tormentas.</p>"
		},
		{
			"id": "Luck Domain",
			"name": "Suerte (Dominio)",
			"description": "<p><strong>Dioses</strong> @Compendium[pf2e.deities.eyGEoggFlTEUQmvJ]{Bes}, @Compendium[pf2e.deities.JgqH3BhuEuA4Zyqs]{Desna}, @Compendium[pf2e.deities.3ffVxwgtvR1imHm8]{Gendowyn}, @Compendium[pf2e.deities.K1tzUClsozKcdpIe]{Halcamora}, @Compendium[pf2e.deities.lSciGZGcbU9PJxQy]{Irez}, @Compendium[pf2e.deities.AIcDyoff265z9285]{Kofusachi}, @Compendium[pf2e.deities.MbJ93Nw39h2cBYi5]{Lao Shu Po}, @Compendium[pf2e.deities.Mv6uTJLh3VGEoGLH]{Nivi Rhombodazzle}</p>\n<p><strong>Conjuro de dominio</strong> <em>@Compendium[pf2e.spells-srd.Fr2CGvWcgSyLcUi7]{Una pizca de suerte}</em>; <strong>Conjuro de dominio avanzado</strong> <em>@Compendium[pf2e.spells-srd.7OwZHalOdRCRnFmZ]{Buena racha}</em></p>\n<p>Tienes una suerte que no es natural y que te mantiene apartado del peligro.</p>"
		},
		{
			"id": "Magic Domain",
			"name": "Magia (Dominio)",
			"description": "<p><strong>Dioses</strong> @Compendium[pf2e.deities.bLI1JMpI2GXQT5AC]{Abraxas}, @Compendium[pf2e.deities.9n2CI0B3EA4y3BuU]{Alseta}, @Compendium[pf2e.deities.jrPmEfubRDzMKbxl]{Arundhat}, @Compendium[pf2e.deities.9WD0hbUT0IbnuTiM]{Belcebú}, @Compendium[pf2e.deities.oiEo6tDP3gICHtfZ]{Barbatos}, @Compendium[pf2e.deities.Zw8nhcpRxinoYRSa]{Panteón élfico}, @Compendium[pf2e.deities.lSciGZGcbU9PJxQy]{Irez}, @Compendium[pf2e.deities.EFyDjlH7XjGq7Erd]{Isis}, @Compendium[pf2e.deities.5ZIvg8CkqRMepVcX]{Korada}, @Compendium[pf2e.deities.w66gCNiZ7dslqG8K]{Lissala}, @Compendium[pf2e.deities.gsFaxWHbZmc1moY6]{Nalinivati}, @Compendium[pf2e.deities.9EKyWmjLUu42evxC]{Nethys}, @Compendium[pf2e.deities.RzTd9PmgnfHNlFVf]{Ng}, @Compendium[pf2e.deities.3nxIpMGeCvcBIVov]{Nyarlathotep (El Caos Reptante)}, @Compendium[pf2e.deities.giAsBYiL2omr0x2L]{Qi Zhong}, @Compendium[pf2e.deities.xTD0XFaguBX6QQ2L]{Selket}, @Compendium[pf2e.deities.iJyhAFmHOLZBvWnJ]{Sivanah}, @Compendium[pf2e.deities.vnmoAGURp8oWCY6R]{Soralyon}, @Compendium[pf2e.deities.22n3N47sqbqbDxbp]{Urgathoa}, @Compendium[pf2e.deities.9FWBJcADLEeP8Krf]{Valmallos}, @Compendium[pf2e.deities.ZynnoQJFz12FD0Xn]{Guardas del faraón}, @Compendium[pf2e.deities.uYpxTi4byHc5w78R]{Yuelral}</p>\n<p><strong>Conjuro de dominio</strong> <em>@Compendium[pf2e.spells-srd.u4FGIUQgruLjml7J]{Recipiente de la magia}</em>; <strong>Conjuro de dominio avanzado</strong> <em>@Compendium[pf2e.spells-srd.2SYq0ZTsOtJEigFx]{Baliza mística}</em></p>\n<p>Llevas a cabo lo inesperado y lo inexplicable.</p>"
		},
		{
			"id": "Might Domain",
			"name": "Poder (Dominio)",
			"description": "<p><strong>Dioses</strong> @Compendium[pf2e.deities.51kMMWaT6CqpGlGk]{Achaekek}, @Compendium[pf2e.deities.uXkMGx0OD896ZQlT]{Alglenweis}, @Compendium[pf2e.deities.cHAbE86pto5bvIWo]{Angazhan}, @Compendium[pf2e.deities.RbslST0RZPXj6Eby]{Ashukharma}, @Compendium[pf2e.deities.aChBtIDfA59QQ7SN]{Ayrzul}, @Compendium[pf2e.deities.aj4ChTlDcZCmrtJD]{Bafomet}, @Compendium[pf2e.deities.v67fHklTZ6LoU54q]{Cayden Cailean}, @Compendium[pf2e.deities.oyp2E685VsQFKMXi]{Dranngvit}, @Compendium[pf2e.deities.aVyxfqY9GBjTqQul]{Eiseth}, @Compendium[pf2e.deities.IXLzDSMGndFb5rGY]{Falayna}, @Compendium[pf2e.deities.Zi1UARhode3FSFLr]{General Susumu}, @Compendium[pf2e.deities.WOiSJ4IWjaRsSgRO]{Gerión}, @Compendium[pf2e.deities.RUzMtIQal0drPwQY]{Gogunta}, @Compendium[pf2e.deities.88vRw2ZVPax4hhga]{Gorum}, @Compendium[pf2e.deities.McUqN13BGLTpYWCg]{Hombre verde}, @Compendium[pf2e.deities.VvxEvEKhCGRwrMJp]{Imbrex}, @Compendium[pf2e.deities.eErEiVmBqltYXFJ6]{Iomedae}, @Compendium[pf2e.deities.qqqrbq4uCrelQvgH]{Irori}, @Compendium[pf2e.deities.aLCfEgt48SRUHnMC]{Jaidi}, @Compendium[pf2e.deities.iXvyp9rGnqvFfy4q]{Kazutal}, @Compendium[pf2e.deities.zhPhYge7VJbIlJvA]{Kols}, @Compendium[pf2e.deities.JcIf4uwKLxEWdplI]{Kostchtchie}, @Compendium[pf2e.deities.r5vooG7NfvA9prJK]{Kurgess}, @Compendium[pf2e.deities.aipkJQxP4GBsTaGq]{Lamashtu}, @Compendium[pf2e.deities.g1VxllMjs2YRIJAm]{Moloch}, @Compendium[pf2e.deities.o9tK1T28LNEVzpFV]{Ragdya}, @Compendium[pf2e.deities.u3YfcJh1C4w6n75j]{Raumya}, @Compendium[pf2e.deities.0nQItOlce5ua6Eaf]{Sekhmet}, @Compendium[pf2e.deities.TvxsVRztDlGcWpcI]{Sobek}, @Compendium[pf2e.deities.BLNXYqvzmLgjMq2p]{Sun Wukong} @Compendium[pf2e.deities.rDTXcBJ8LyqA2TkL]{Szuriel}, @Compendium[pf2e.deities.N8a76dkGfUvxvSW0]{Trudd}, @Compendium[pf2e.deities.22n3N47sqbqbDxbp]{Urgathoa}, @Compendium[pf2e.deities.tb0oADxOoMhyrYRA]{Yamatsumi}, @Compendium[pf2e.deities.4bEPoujxhYdUyUOg]{Ydersius}, @Compendium[pf2e.deities.8roijlQ03l9rWFFe]{Zevgavizeb}</p>\n<p><strong>Conjuro de dominio</strong> <em>@Compendium[pf2e.spells-srd.UGJzJRJDoonfWqqI]{Embestida atlética}</em>; <strong>Conjuro de dominio avanzado</strong> <em>@Compendium[pf2e.spells-srd.eG1fBodYwolaXK98]{Potencia duradera}</em></p>\n<p>Tu potencia física se ve reforzada por la fuerza divina.</p>"
		},
		{
			"id": "Moon Domain",
			"name": "Luna (Dominio)",
			"description": "<p><strong>Dioses</strong> @Compendium[pf2e.deities.DJ7LDFTtns6YFodT]{Ashava}, @Compendium[pf2e.deities.oV5cnlPJQS8JfMIg]{Caravana cósmica}, @Compendium[pf2e.deities.JgqH3BhuEuA4Zyqs]{Desna}, @Compendium[pf2e.deities.liXIbl7y8www2eAn]{Findeladlara}, @Compendium[pf2e.deities.rRuxBgC58PxrLzRv]{Horus}, @Compendium[pf2e.deities.wjXNXFWBLbJaeZQR]{Ketephys}, @Compendium[pf2e.deities.VG51y4FbTLdeGHZB]{La senda de los cielos}, @Compendium[pf2e.deities.6nq25AjImkT5GxDT]{El pilar prismático}, @Compendium[pf2e.deities.aievwuZalZ2abs2q]{Thoth}, @Compendium[pf2e.deities.aTYy1WHwAZiuei4h]{Tsukiyo}</p>\n<p><strong>Conjuro de dominio</strong> <em>@Compendium[pf2e.spells-srd.SuBtUJiU6DbSJYIw]{Rayo lunar}</em>; <strong>Conjuro de dominio avanzado</strong> <em>@Compendium[pf2e.spells-srd.oXCwHBeDja4e0Mx0]{Toque de la luna}</em></p>\n<p>Tienes bajo tu mando poderes asociados con la luna.</p>"
		},
		{
			"id": "Naga Domain",
			"name": "Naga (Dominio)",
			"description": "<p><strong>Dioses</strong> @Compendium[pf2e.deities.1nQVLOyWv5kC0bCU]{Ravithra}</p>\n<p><strong>Conjuro de dominio</strong> <em>@Compendium[pf2e.spells-srd.lXxP1ziyf4ozkpmv]{Partir la lengua}</em>; <strong>Conjuro de dominio avanzado</strong> <em>@Compendium[pf2e.spells-srd.CPNlhDQP3aDmLzB3]{Propósito ordenado}</em></p>\n<p>Como las serpentinas nagas, estás en sintonía con las fuerzas cósmicas que Ravithra controló en su día.</p>"
		},
		{
			"id": "Nature Domain",
			"name": "Naturaleza (Dominio)",
			"description": "<p><strong>Dioses</strong> @Compendium[pf2e.deities.cHAbE86pto5bvIWo]{Angazhan}, @Compendium[pf2e.deities.jrPmEfubRDzMKbxl]{Arundhat}, @Compendium[pf2e.deities.oiEo6tDP3gICHtfZ]{Barbatos}, @Compendium[pf2e.deities.zRmAXj7FSlrMfDeA]{Bastet}, @Compendium[pf2e.deities.EE8sNM4JraOPN669]{Cernunnos}, @Compendium[pf2e.deities.yiKle2URZ43KYVKQ]{Chamidu}, @Compendium[pf2e.deities.gXHoxuuiAD54LnWV]{Cyth-V'sug}, @Compendium[pf2e.deities.M3eb94Nd6uXti2IK]{Daikitsu}, @Compendium[pf2e.deities.Zw8nhcpRxinoYRSa]{Panteón élfico}, @Compendium[pf2e.deities.mm1j6UbHqFCI8fwB]{Erastil}, @Compendium[pf2e.deities.3ffVxwgtvR1imHm8]{Gendowyn}, @Compendium[pf2e.deities.swwwP7eVmlNuWTb7]{Gozreh}, @Compendium[pf2e.deities.McUqN13BGLTpYWCg]{Hombre verde}, @Compendium[pf2e.deities.tcvobm8O84qv0aO5]{Gruhastha}, @Compendium[pf2e.deities.K1tzUClsozKcdpIe]{Halcamora}, @Compendium[pf2e.deities.aLCfEgt48SRUHnMC]{Jaidi}, @Compendium[pf2e.deities.wjXNXFWBLbJaeZQR]{Ketephys}, @Compendium[pf2e.deities.ItYptsfjV8XvfhOV]{Lahkgya}, @Compendium[pf2e.deities.SCMlQDcoU1QcF3AS]{Lysianassa}, @Compendium[pf2e.deities.hWTTS0e7J9hJfsp3]{Matravash}, @Compendium[pf2e.deities.E1dUhoSEf2XfklU2]{Madre Buitre}, @Compendium[pf2e.deities.8Oy4qHylOOp79JxD]{Nhimbaloth}, @Compendium[pf2e.deities.nuvfUC4TcOvFbKxx]{Osiris}, @Compendium[pf2e.deities.woDEgBs1MznhzpJ4]{Ra}, @Compendium[pf2e.deities.xTD0XFaguBX6QQ2L]{Selket}, @Compendium[pf2e.deities.fTs56epghXwclPcX]{Madre Ciervo del Bosque de Piedras}, @Compendium[pf2e.deities.BLNXYqvzmLgjMq2p]{Sun Wukong} @Compendium[pf2e.deities.DFxbPmQLOqcmbPTz]{Tanagaar}, @Compendium[pf2e.deities.pVQzTL5elNTxvffu]{La Madre Verde}, @Compendium[pf2e.deities.ENzMYuzBZGIujSMx]{Arrasador de Árboles}, @Compendium[pf2e.deities.mebdNVKeKuTmDDHj]{Xhamen-Dor}, @Compendium[pf2e.deities.YXmeBdOZfWgUljW1]{Ylimancha}, @Compendium[pf2e.deities.8roijlQ03l9rWFFe]{Zevgavizeb}</p>\n<p><strong>Conjuro de dominio</strong> <em>@Compendium[pf2e.spells-srd.nnSipUPNd3sm5vYL]{Espinas vibrantes}</em>; <strong>Conjuro de dominio avanzado</strong> <em>@Compendium[pf2e.spells-srd.vSSKyUdrHu86E5Gk]{Botín de la Naturaleza}</em></p>\n<p>Tienes poder sobre los animales y las plantas.</p>"
		},
		{
			"id": "Nightmares Domain",
			"name": "Pesadillas (Dominio)",
			"description": "<p><strong>Dioses</strong> @Compendium[pf2e.deities.sILda7I8Ak20Ioj9]{Azathoth}, @Compendium[pf2e.deities.yiKle2URZ43KYVKQ]{Chamidu}, @Compendium[pf2e.deities.WloVxo6HXJdS4YTt]{Groetus}, @Compendium[pf2e.deities.zlJGKpeLBwajP91o]{Gyronna}, @Compendium[pf2e.deities.bF77ydtptI54STl9]{Jaidz}, @Compendium[pf2e.deities.14GLsVobnZTEmJrs]{Kelizandri}, @Compendium[pf2e.deities.aipkJQxP4GBsTaGq]{Lamashtu}, @Compendium[pf2e.deities.iKgERiIc8rt3fatf]{Nyarlathotep (Acechador en la oscuridad)}, @Compendium[pf2e.deities.3nxIpMGeCvcBIVov]{Nyarlathotep (El Caos Reptante)}, @Compendium[pf2e.deities.BrbXGyzCeORNyJT5]{Sifkesh}, @Compendium[pf2e.deities.ENzMYuzBZGIujSMx]{Arrasador de Árboles}, @Compendium[pf2e.deities.9eltBjLngkR9x1Xm]{Trelmarixian}, @Compendium[pf2e.deities.8ZSywyo8YQPduo92]{Zura}</p>\n<p><strong>Conjuro de dominio</strong> <em>@Compendium[pf2e.spells-srd.DU5daB09xwfE1y38]{Pesadilla diurna}</em>; <strong>Conjuro de dominio avanzado</strong> <em>@Compendium[pf2e.spells-srd.skvgOWNTitLehL0b]{Pesadilla compartida}</em></p>\n<p>Llenas las mentes de horror y miedo.</p>"
		},
		{
			"id": "Pain Domain",
			"name": "Dolor (Dominio)",
			"description": "<p><strong>Dioses</strong> @Compendium[pf2e.deities.HtRxo4J3elFteIqu]{Arazni}, @Compendium[pf2e.deities.AlL9GtlTldbqNoVm]{Calistria}, @Compendium[pf2e.deities.AMFkYKUNQ3kCD0ob]{Doloras}, @Compendium[pf2e.deities.zlJGKpeLBwajP91o]{Gyronna}, @Compendium[pf2e.deities.hhV2g6aU8jKLEca1]{Narakaas}, @Compendium[pf2e.deities.zzhYFcShT9JoE2Mp]{Shax}, @Compendium[pf2e.deities.BrbXGyzCeORNyJT5]{Sifkesh}, @Compendium[pf2e.deities.fTs56epghXwclPcX]{Madre Ciervo del Bosque de Piedras}, @Compendium[pf2e.deities.y93whGnGZjFyw5A0]{Vildeis}, @Compendium[pf2e.deities.83jKKHQPoqVylmrF]{Yaezhing}, @Compendium[pf2e.deities.ZfN7jkK6boU1FuiS]{Zon-Kuthon}</p>\n<p><strong>Conjuro de dominio</strong> <em>@Compendium[pf2e.spells-srd.xn0V2HDrmDWNzPEt]{Saborea el aguijón}</em>; <strong>Conjuro de dominio avanzado</strong> <em>@Compendium[pf2e.spells-srd.SSsUC7rZo0CwayPn]{Dolor retributivo}</em></p>\n<p>Castigas a quienes te molestan con el agudo aguijón del dolor.</p>"
		},
		{
			"id": "Passion Domain",
			"name": "Pasión (Dominio)",
			"description": "<p><strong>Dioses</strong> @Compendium[pf2e.deities.uydTiyN5AzhBnQY8]{Ardad Lili}, @Compendium[pf2e.deities.KDFujU3Yug6AwCOz]{Arshea}, @Compendium[pf2e.deities.zRmAXj7FSlrMfDeA]{Bastet}, @Compendium[pf2e.deities.remyY1BwhEVmBwya]{Belial}, @Compendium[pf2e.deities.HD7g8T8ioy1EH3M8]{Bolka}, @Compendium[pf2e.deities.AlL9GtlTldbqNoVm]{Calistria}, @Compendium[pf2e.deities.EE8sNM4JraOPN669]{Cernunnos}, @Compendium[pf2e.deities.TpAMy8tb5LrRgvqN]{Hathor}, @Compendium[pf2e.deities.EFyDjlH7XjGq7Erd]{Isis}, @Compendium[pf2e.deities.AIcDyoff265z9285]{Kofusachi}, @Compendium[pf2e.deities.lUFMwdv1UOyzFhIM]{Likha}, @Compendium[pf2e.deities.QibpLccM5bLUMopj]{Lymnieris}, @Compendium[pf2e.deities.pm8H2DbtrHM01KNV]{Naderi}, @Compendium[pf2e.deities.gsFaxWHbZmc1moY6]{Nalinivati}, @Compendium[pf2e.deities.gxwmzxUWBOhdgFSN]{Shelyn}, @Compendium[pf2e.deities.pVQzTL5elNTxvffu]{La Madre Verde}, @Compendium[pf2e.deities.nuqIimigyt986WLE]{El Rey de las Lámparas}, @Compendium[pf2e.deities.0R2BjVb7d9tYCIbk]{Tlehar}</p>\n<p><strong>Conjuro de dominio</strong> <em>@Compendium[pf2e.spells-srd.ut9IhJ9jSZSHDUop]{Toque encantador}</em>; <strong>Conjuro de dominio avanzado</strong> <em>@Compendium[pf2e.spells-srd.jJphHQlENHFlSElH]{Adoración cautivadora}</em></p>\n<p>Evocas la pasión, ya se trate de amor o de lujuria.</p>"
		},
		{
			"id": "Perfection Domain",
			"name": "Perfección (Dominio)",
			"description": "<p><strong>Dioses</strong> @Compendium[pf2e.deities.KDFujU3Yug6AwCOz]{Arshea}, @Compendium[pf2e.deities.soiVh53y9RAeSLEk]{Casandalee}, @Compendium[pf2e.deities.tcvobm8O84qv0aO5]{Gruhastha}, @Compendium[pf2e.deities.qqqrbq4uCrelQvgH]{Irori}, @Compendium[pf2e.deities.65o189p2eUPbqaDK]{Narriseminek}, @Compendium[pf2e.deities.JgDqFUB1NtQkGmzp]{Otolmens}, @Compendium[pf2e.deities.WO9UsCY41oTtC2G0]{Pilares del conocimiento}, @Compendium[pf2e.deities.o9tK1T28LNEVzpFV]{Ragdya}, @Compendium[pf2e.deities.ra7mnjAZcEuJxI37]{Shei}, @Compendium[pf2e.deities.s9opv94lGDRKnw6W]{Shizuru}, @Compendium[pf2e.deities.JndhOIHnQoMwnsw3]{La Garra Divina}</p>\n<p><strong>Conjuro de dominio</strong> <em>@Compendium[pf2e.spells-srd.cDFAQN7Z3es07WSA]{Mente perfecta}</em>; <strong>Conjuro de dominio avanzado</strong> <em>@Compendium[pf2e.spells-srd.8ifpNZkaxrbs3dBJ]{Cuerpo perfecto}</em></p>\n<p>Luchas para perfeccionar tu mente, tu cuerpo y tu espíritu.</p>"
		},
		{
			"id": "Plague Domain",
			"name": "Plaga (Dominio)",
			"description": "<p><strong>Dioses</strong> @Compendium[pf2e.deities.oJPwMa9xG8oMnC14]{Apolión}, @Compendium[pf2e.deities.gXHoxuuiAD54LnWV]{Cyth-V'sug}, @Compendium[pf2e.deities.oRvuLq3o2FxXizt9]{Ghlaunder}, @Compendium[pf2e.deities.r6SFB1PzKsagDXff]{Dama Nanbyo}</p>\n<p><strong>Conjuro de dominio</strong> <em>@Compendium[pf2e.spells-srd.NkeLctXo9FLGnDhi]{Plagas divinas}</em>; <strong>Conjuro de dominio avanzado</strong> <em>@Compendium[pf2e.spells-srd.6nTBr5XNuKOuPM5m]{Miasma nauseabunda}</em></p>\n<p>Empuñas la enfermedad y la pestilencia como un arma.</p>"
		},
		{
			"id": "Protection Domain",
			"name": "Protección (Dominio)",
			"description": "<p><strong>Dioses</strong> @Compendium[pf2e.deities.9n2CI0B3EA4y3BuU]{Alseta}, @Compendium[pf2e.deities.CDkr6eXR1lgu7g6A]{Andoletta}, @Compendium[pf2e.deities.Xb1N5YfxboJH26Jh]{Angradd}, @Compendium[pf2e.deities.5YUNikBpJZ596MRD]{Anubis}, @Compendium[pf2e.deities.o8ayCv3LAHWlu0vQ]{Apsu}, @Compendium[pf2e.deities.HtRxo4J3elFteIqu]{Arazni}, @Compendium[pf2e.deities.jrPmEfubRDzMKbxl]{Arundhat}, @Compendium[pf2e.deities.RbslST0RZPXj6Eby]{Ashukharma}, @Compendium[pf2e.deities.R0DvoLO8WbYIYhb3]{Atreia}, @Compendium[pf2e.deities.zRmAXj7FSlrMfDeA]{Bastet}, @Compendium[pf2e.deities.eyGEoggFlTEUQmvJ]{Bes}, @Compendium[pf2e.deities.6mgCX7lvKtaEYoa9]{Panteón enano}, @Compendium[pf2e.deities.VEyowuhC4FsBnG8c]{Folgrit}, @Compendium[pf2e.deities.McUqN13BGLTpYWCg]{Hombre verde}, @Compendium[pf2e.deities.tk7gRxXsqvBwQrUF]{Grundinnar}, @Compendium[pf2e.deities.rRuxBgC58PxrLzRv]{Horus}, @Compendium[pf2e.deities.bF77ydtptI54STl9]{Jaidz}, @Compendium[pf2e.deities.iXvyp9rGnqvFfy4q]{Kazutal}, @Compendium[pf2e.deities.5ZIvg8CkqRMepVcX]{Korada}, @Compendium[pf2e.deities.QibpLccM5bLUMopj]{Lymnieris}, @Compendium[pf2e.deities.ArmPZQrl0SFAKvrY]{Ma'at}, @Compendium[pf2e.deities.9EKyWmjLUu42evxC]{Nethys}, @Compendium[pf2e.deities.giAsBYiL2omr0x2L]{Qi Zhong}, @Compendium[pf2e.deities.xTD0XFaguBX6QQ2L]{Selket}, @Compendium[pf2e.deities.gxwmzxUWBOhdgFSN]{Shelyn}, @Compendium[pf2e.deities.TvxsVRztDlGcWpcI]{Sobek}, @Compendium[pf2e.deities.vnmoAGURp8oWCY6R]{Soralyon}, @Compendium[pf2e.deities.JndhOIHnQoMwnsw3]{La Garra Divina}, @Compendium[pf2e.deities.6nq25AjImkT5GxDT]{El pilar prismático}, @Compendium[pf2e.deities.sZrdzh0ANQnZGXJb]{Torag}, @Compendium[pf2e.deities.N8a76dkGfUvxvSW0]{Trudd}, @Compendium[pf2e.deities.GUmYLD7PGmE2TOx6]{Wadjet}, @Compendium[pf2e.deities.ZynnoQJFz12FD0Xn]{Guardas del faraón}, @Compendium[pf2e.deities.8wOAwLMgB1HFLo9n]{Winlas}</p>\n<p><strong>Conjuro de dominio</strong> <em>@Compendium[pf2e.spells-srd.rQYob0QMJ0I1U2sU]{Sacrificio del protector}</em>; <strong>Conjuro de dominio avanzado</strong> <em>@Compendium[pf2e.spells-srd.DH9Y3RQGWO0GzXGU]{Esfera del protector}</em></p>\n<p>Te proteges a ti mismo y a otros.</p>"
		},
		{
			"id": "Repose Domain",
			"name": "Reposo (Dominio)",
			"description": "<p><strong>Dioses</strong> @Compendium[pf2e.deities.DJ7LDFTtns6YFodT]{Ashava}, @Compendium[pf2e.deities.RbslST0RZPXj6Eby]{Ashukharma}, @Compendium[pf2e.deities.AMFkYKUNQ3kCD0ob]{Doloras}, @Compendium[pf2e.deities.VEyowuhC4FsBnG8c]{Folgrit}, @Compendium[pf2e.deities.xu05XGotyT5st56H]{La Dama Jingxi}, @Compendium[pf2e.deities.QibpLccM5bLUMopj]{Lymnieris}, @Compendium[pf2e.deities.BNycwu3I21dTh4D9]{Sarenrae}, @Compendium[pf2e.deities.gxwmzxUWBOhdgFSN]{Shelyn}, @Compendium[pf2e.deities.HbuynQRCjGKtbhcC]{El Príncipe Perdido}, @Compendium[pf2e.deities.aTYy1WHwAZiuei4h]{Tsukiyo}</p>\n<p><strong>Conjuro de dominio</strong> <em>@Compendium[pf2e.spells-srd.cJq5NarY0eOZN74A]{Compartir la carga}</em>; <strong>Conjuro de dominio avanzado</strong> <em>@Compendium[pf2e.spells-srd.yY1H5zhO5dHmD8lz]{Fuente de serenidad}</em></p>\n<p>Alivias las cargas mentales.</p>"
		},
		{
			"id": "Secrecy Domain",
			"name": "Secreto (Dominio)",
			"description": "<p><strong>Dioses</strong> @Compendium[pf2e.deities.aChBtIDfA59QQ7SN]{Ayrzul}, @Compendium[pf2e.deities.aj4ChTlDcZCmrtJD]{Bafomet}, @Compendium[pf2e.deities.c9NFjRR8gr6CWpjl]{Mariposa Negra}, @Compendium[pf2e.deities.AlL9GtlTldbqNoVm]{Calistria}, @Compendium[pf2e.deities.dcbf3pBSNa2q1Kkq]{Dhalavei}, @Compendium[pf2e.deities.Dm8qlzpUj7g82QFv]{Erecura}, @Compendium[pf2e.deities.WvoMr86bSSYxXKtI]{Hastur}, @Compendium[pf2e.deities.wjXNXFWBLbJaeZQR]{Ketephys}, @Compendium[pf2e.deities.KWVdoAm3b01M8Lcp]{Mefistófeles}, @Compendium[pf2e.deities.RzTd9PmgnfHNlFVf]{Ng}, @Compendium[pf2e.deities.GX6PF9ifR47Xyjg9]{Norgorber}, @Compendium[pf2e.deities.WO9UsCY41oTtC2G0]{Pilares del conocimiento}, @Compendium[pf2e.deities.iJyhAFmHOLZBvWnJ]{Sivanah}</p>\n<p><strong>Conjuro de dominio</strong> <em>@Compendium[pf2e.spells-srd.k43PIYwuQqjeJ3S3]{Tranquilidad forzada}</em>; <strong>Conjuro de dominio avanzado</strong> <em>@Compendium[pf2e.spells-srd.OsrtOeG0TvDNnEFH]{Salvaguardar secreto}</em></p>\n<p>Proteges secretos y los mantienes ocultos.</p>"
		},
		{
			"id": "Sorrow Domain",
			"name": "Pena (Dominio)",
			"description": "<p><strong>Dioses</strong> @Compendium[pf2e.deities.CDkr6eXR1lgu7g6A]{Andoletta}, @Compendium[pf2e.deities.HtRxo4J3elFteIqu]{Arazni}, @Compendium[pf2e.deities.vSUz97Y29l1O50bC]{Conde Ranalc}, @Compendium[pf2e.deities.AMFkYKUNQ3kCD0ob]{Doloras}, @Compendium[pf2e.deities.lUFMwdv1UOyzFhIM]{Likha}, @Compendium[pf2e.deities.pm8H2DbtrHM01KNV]{Naderi}, @Compendium[pf2e.deities.hhV2g6aU8jKLEca1]{Narakaas}, @Compendium[pf2e.deities.Vzxm5FyIA40b2OSP]{Pulura}, @Compendium[pf2e.deities.1nQVLOyWv5kC0bCU]{Ravithra}, @Compendium[pf2e.deities.s9opv94lGDRKnw6W]{Shizuru}, @Compendium[pf2e.deities.BrbXGyzCeORNyJT5]{Sifkesh}, @Compendium[pf2e.deities.HbuynQRCjGKtbhcC]{El Príncipe Perdido}, @Compendium[pf2e.deities.y93whGnGZjFyw5A0]{Vildeis}, @Compendium[pf2e.deities.LLMTMgARSTlO7S9U]{Zyphus}</p>\n<p><strong>Conjuro de dominio</strong> <em>@Compendium[pf2e.spells-srd.T90ij2uu6ZaBaSXV]{Lamento}</em>; <strong>Conjuro de dominio avanzado</strong> <em>@Compendium[pf2e.spells-srd.eCniO6INHNfc9Svr]{Dolor desbordante}</em></p>\n<p>Tienes una dolorosa conexión con la melancolía y la tristeza.</p>"
		},
		{
			"id": "Soul Domain",
			"name": "Alma (Dominio)",
			"description": "<p><strong>Dioses</strong> @Compendium[pf2e.deities.uXkMGx0OD896ZQlT]{Alglenweis}, @Compendium[pf2e.deities.5YUNikBpJZ596MRD]{Anubis}, @Compendium[pf2e.deities.DJ7LDFTtns6YFodT]{Ashava}, @Compendium[pf2e.deities.tcXrtRYCOr2EmgGB]{Caronte}, @Compendium[pf2e.deities.ub0PJ5QkrdoGzzb2]{Luhar}, @Compendium[pf2e.deities.QZD0u1jxwz0kj8uI]{Farasma}, @Compendium[pf2e.deities.1nQVLOyWv5kC0bCU]{Ravithra}, @Compendium[pf2e.deities.aTYy1WHwAZiuei4h]{Tsukiyo}, @Compendium[pf2e.deities.LLMTMgARSTlO7S9U]{Zyphus}</p>\n<p><strong>Conjuro de dominio</strong> <em>@Compendium[pf2e.spells-srd.rVhHaWqUsVUO4GuY]{Expulsar alma}</em>; <strong>Conjuro de dominio avanzado</strong> <em>@Compendium[pf2e.spells-srd.QE9f3OxvvBThymD4]{Intersticio ectoplásmico}</em></p>\n<p>Tienes poder sobre lo espiritual.</p>"
		},
		{
			"id": "Star Domain",
			"name": "Estrella (Dominio)",
			"description": "<p><strong>Dioses</strong> @Compendium[pf2e.deities.c9NFjRR8gr6CWpjl]{Mariposa Negra}, @Compendium[pf2e.deities.oV5cnlPJQS8JfMIg]{Caravana cósmica}, @Compendium[pf2e.deities.JgqH3BhuEuA4Zyqs]{Desna}, @Compendium[pf2e.deities.liXIbl7y8www2eAn]{Findeladlara}, @Compendium[pf2e.deities.ub0PJ5QkrdoGzzb2]{Luhar}, @Compendium[pf2e.deities.ArmPZQrl0SFAKvrY]{Ma'at}, @Compendium[pf2e.deities.Vzxm5FyIA40b2OSP]{Pulura}, @Compendium[pf2e.deities.VG51y4FbTLdeGHZB]{La senda de los cielos}</p>\n<p><strong>Conjuro de dominio</strong> <em>@Compendium[pf2e.spells-srd.Yrek2Yd4k3DPC2zV]{Estrella cenital}</em>; <strong>Conjuro de dominio avanzado</strong> <em>@Compendium[pf2e.spells-srd.KG7amdeXWc7MjGXe]{Asterismo}</em></p>\n<p>Controlas el poder de las estrellas.</p>"
		},
		{
			"id": "Sun Domain",
			"name": "Sol (Dominio)",
			"description": "<p><strong>Dioses</strong> @Compendium[pf2e.deities.R0DvoLO8WbYIYhb3]{Atreia}, @Compendium[pf2e.deities.OlVCyRgOaPJji4qt]{Chohar}, @Compendium[pf2e.deities.TpAMy8tb5LrRgvqN]{Hathor}, @Compendium[pf2e.deities.rRuxBgC58PxrLzRv]{Horus}, @Compendium[pf2e.deities.aLCfEgt48SRUHnMC]{Jaidi}, @Compendium[pf2e.deities.ub0PJ5QkrdoGzzb2]{Luhar}, @Compendium[pf2e.deities.SAuFz101iP6VVwvw]{Nurgal}, @Compendium[pf2e.deities.woDEgBs1MznhzpJ4]{Ra}, @Compendium[pf2e.deities.BNycwu3I21dTh4D9]{Sarenrae}, @Compendium[pf2e.deities.s9opv94lGDRKnw6W]{Shizuru}, @Compendium[pf2e.deities.97Qe42wJN5EVUS14]{Sturovenen}, @Compendium[pf2e.deities.VG51y4FbTLdeGHZB]{La senda de los cielos}, @Compendium[pf2e.deities.6nq25AjImkT5GxDT]{El pilar prismático}, @Compendium[pf2e.deities.0R2BjVb7d9tYCIbk]{Tlehar}, @Compendium[pf2e.deities.g1AVEGi8QibhS007]{Walkena}</p>\n<p><strong>Conjuro de dominio</strong> <em>@Compendium[pf2e.spells-srd.zul5cBTfr7NXHBZf]{Fogonazo cegador}</em>; <strong>Conjuro de dominio avanzado</strong> <em>@Compendium[pf2e.spells-srd.8XuNn0h0rHE24m3B]{Luminancia positiva}</em></p>\n<p>Aprovechas el poder del sol y de otras fuentes de luz, castigando a los muertos vivientes.</p>"
		},
		{
			"id": "Swarm Domain",
			"name": "Enjambre (Dominio)",
			"description": "<p><strong>Dioses</strong> @Compendium[pf2e.deities.oJPwMa9xG8oMnC14]{Apolión}, @Compendium[pf2e.deities.oRvuLq3o2FxXizt9]{Ghlaunder}, @Compendium[pf2e.deities.K1tzUClsozKcdpIe]{Halcamora}, @Compendium[pf2e.deities.ItYptsfjV8XvfhOV]{Lahkgya}, @Compendium[pf2e.deities.MbJ93Nw39h2cBYi5]{Lao Shu Po}, @Compendium[pf2e.deities.IZcdF1G8ZsnMotaM]{Pazuzu}, @Compendium[pf2e.deities.Bhxji0kxIbMKqdkw]{Rovagug}, @Compendium[pf2e.deities.22n3N47sqbqbDxbp]{Urgathoa}</p>\n<p><strong>Conjuro de dominio</strong> <em>@Compendium[pf2e.spells-srd.5wjl0ZwEvvUh7sor]{Sentido del enjambre}</em>; <strong>Conjuro de dominio avanzado</strong> <em>@Compendium[pf2e.spells-srd.Pd2M1XY8EXrSfWgJ]{Forma de enjambre}</em></p>\n<p>Ejerces control sobre las masas de criaturas.</p>"
		},
		{
			"id": "Time Domain",
			"name": "Tiempo (Dominio)",
			"description": "<p><strong>Dioses</strong> @Compendium[pf2e.deities.9n2CI0B3EA4y3BuU]{Alseta}, @Compendium[pf2e.deities.vEMCpm7iidycRT5D]{Brigh}, @Compendium[pf2e.deities.QZD0u1jxwz0kj8uI]{Farasma}, @Compendium[pf2e.deities.WO9UsCY41oTtC2G0]{Pilares del conocimiento}, @Compendium[pf2e.deities.woDEgBs1MznhzpJ4]{Ra}, @Compendium[pf2e.deities.3INt1X4ijBYnZYbU]{Shyka}, @Compendium[pf2e.deities.SUaGdvQXxSAQAw03]{Yog-Sothoth}</p>\n<p><strong>Conjuro de dominio</strong> <em>@Compendium[pf2e.spells-srd.3wmX7htzOXiHLdAn]{Retrasar consecuencia}</em>; <strong>Conjuro de dominio avanzado</strong> <em>@Compendium[pf2e.spells-srd.cOwSsSXRsBaXUvlr]{Estasis}</em></p>\n<p>Tienes dominio sobre el flujo del tiempo.</p>"
		},
		{
			"id": "Toil Domain",
			"name": "Trabajo duro (Dominio)",
			"description": "<p><strong>Dioses</strong> @Compendium[pf2e.deities.OlVCyRgOaPJji4qt]{Chohar}, @Compendium[pf2e.deities.39z55kowQFOUH2v0]{Droskar}, @Compendium[pf2e.deities.w66gCNiZ7dslqG8K]{Lissala}, @Compendium[pf2e.deities.sNjPI1iaS8Z43YJf]{Mammon}, @Compendium[pf2e.deities.1NxkZf6ndijKeufX]{Sairazul}, @Compendium[pf2e.deities.VG51y4FbTLdeGHZB]{La senda de los cielos}</p>\n<p><strong>Conjuro de dominio</strong> <em>@Compendium[pf2e.spells-srd.HOj2YsTpkoMpYJH9]{La práctica hace la perfección}</em>; <strong>Conjuro de dominio avanzado</strong> <em>@Compendium[pf2e.spells-srd.gzvRDpM6EvcfYHeu]{Trabajador incansable}</em></p>\n<p>Trabajas constantemente y te niegas a dejar que nada se interponga en tu camino.</p>"
		},
		{
			"id": "Travel Domain",
			"name": "Viaje (Dominio)",
			"description": "<p><strong>Dioses</strong> @Compendium[pf2e.deities.d56paSkcwvll2OhR]{Abadar}, @Compendium[pf2e.deities.o8ayCv3LAHWlu0vQ]{Apsu}, @Compendium[pf2e.deities.oiEo6tDP3gICHtfZ]{Barbatos}, @Compendium[pf2e.deities.vSUz97Y29l1O50bC]{Conde Ranalc}, @Compendium[pf2e.deities.JgqH3BhuEuA4Zyqs]{Desna}, @Compendium[pf2e.deities.oyp2E685VsQFKMXi]{Dranngvit}, @Compendium[pf2e.deities.swwwP7eVmlNuWTb7]{Gozreh}, @Compendium[pf2e.deities.tcvobm8O84qv0aO5]{Gruhastha}, @Compendium[pf2e.deities.QlDnoOwf0PppymTn]{Hanspur}, @Compendium[pf2e.deities.DEKKbg6riAdL2ARf]{Hei Feng}, @Compendium[pf2e.deities.bF77ydtptI54STl9]{Jaidz}, @Compendium[pf2e.deities.14GLsVobnZTEmJrs]{Kelizandri}, @Compendium[pf2e.deities.AIcDyoff265z9285]{Kofusachi}, @Compendium[pf2e.deities.hWTTS0e7J9hJfsp3]{Matravash}, @Compendium[pf2e.deities.RzTd9PmgnfHNlFVf]{Ng}, @Compendium[pf2e.deities.jL1qiVOZBKXETtVD]{Nocticula}, @Compendium[pf2e.deities.Ij1KRM8ufkEjGnR3]{Ranginori}, @Compendium[pf2e.deities.VG51y4FbTLdeGHZB]{La senda de los cielos}, @Compendium[pf2e.deities.6nq25AjImkT5GxDT]{El pilar prismático}, @Compendium[pf2e.deities.GUmYLD7PGmE2TOx6]{Wadjet}, @Compendium[pf2e.deities.YXmeBdOZfWgUljW1]{Ylimancha}, @Compendium[pf2e.deities.SUaGdvQXxSAQAw03]{Yog-Sothoth}</p>\n<p><strong>Conjuro de dominio</strong> <em>@Compendium[pf2e.spells-srd.cOjlzWerBwbPWVkX]{Pies ágiles}</em>; <strong>Conjuro de dominio avanzado</strong> <em>@Compendium[pf2e.spells-srd.LrhTFHUtSS9ahogL]{Tránsito del viajero}</em></p>\n<p>Tienes poder sobre los movimientos y los viajes.</p>"
		},
		{
			"id": "Trickery Domain",
			"name": "Trampas (Dominio)",
			"description": "<p><strong>Dioses</strong> @Compendium[pf2e.deities.51kMMWaT6CqpGlGk]{Achaekek}, @Compendium[pf2e.deities.pCtJONJlhAugUXaG]{Arimán}, @Compendium[pf2e.deities.QRkcFciCOmFoxF1B]{Asmodeo}, @Compendium[pf2e.deities.9WD0hbUT0IbnuTiM]{Belcebú}, @Compendium[pf2e.deities.zRmAXj7FSlrMfDeA]{Bastet}, @Compendium[pf2e.deities.remyY1BwhEVmBwya]{Belial}, @Compendium[pf2e.deities.wkDOeK7ENz1ra8IC]{Besmara}, @Compendium[pf2e.deities.AlL9GtlTldbqNoVm]{Calistria}, @Compendium[pf2e.deities.4GO4iT585ynLJnc8]{Chaldira}, @Compendium[pf2e.deities.dcbf3pBSNa2q1Kkq]{Dhalavei}, @Compendium[pf2e.deities.39z55kowQFOUH2v0]{Droskar}, @Compendium[pf2e.deities.Dm8qlzpUj7g82QFv]{Erecura}, @Compendium[pf2e.deities.fuPTR1laXO6EionS]{Abuela Araña}, @Compendium[pf2e.deities.ItYptsfjV8XvfhOV]{Lahkgya}, @Compendium[pf2e.deities.aipkJQxP4GBsTaGq]{Lamashtu}, @Compendium[pf2e.deities.MbJ93Nw39h2cBYi5]{Lao Shu Po}, @Compendium[pf2e.deities.Af4TSJjutVi9Vdwi]{Mahathallah}, @Compendium[pf2e.deities.Mv6uTJLh3VGEoGLH]{Nivi Rhombodazzle}, @Compendium[pf2e.deities.GX6PF9ifR47Xyjg9]{Norgorber}, @Compendium[pf2e.deities.iKgERiIc8rt3fatf]{Nyarlathotep (Acechador en la oscuridad)}, @Compendium[pf2e.deities.3nxIpMGeCvcBIVov]{Nyarlathotep (El Caos Reptante)}, @Compendium[pf2e.deities.IZcdF1G8ZsnMotaM]{Pazuzu}, @Compendium[pf2e.deities.zzhYFcShT9JoE2Mp]{Shax}, @Compendium[pf2e.deities.BrbXGyzCeORNyJT5]{Sifkesh}, @Compendium[pf2e.deities.iJyhAFmHOLZBvWnJ]{Sivanah}, @Compendium[pf2e.deities.BLNXYqvzmLgjMq2p]{Sun Wukong} @Compendium[pf2e.deities.PFp4Sdp2TDDKD62l]{Thamir}, @Compendium[pf2e.deities.nuqIimigyt986WLE]{El Rey de las Lámparas}, @Compendium[pf2e.deities.83jKKHQPoqVylmrF]{Yaezhing}, @Compendium[pf2e.deities.iEt6idGIEPXY2HzV]{Ydajisk}</p>\n<p><strong>Conjuro de dominio</strong> <em>@Compendium[pf2e.spells-srd.P9bqJsF3WkxGAJKJ]{Cambio repentino}</em>; <strong>Conjuro de dominio avanzado</strong> <em>@Compendium[pf2e.spells-srd.ZhLYJlOZzUB1OKoe]{Gemelo del tramposo}</em></p>\n<p>Engañas a otros y haces jugarretas.</p>"
		},
		{
			"id": "Truth Domain",
			"name": "Verdad (Dominio)",
			"description": "<p><strong>Dioses</strong> @Compendium[pf2e.deities.H1VrZ1QX0d2aPXT8]{Dammerich}, @Compendium[pf2e.deities.Dm8qlzpUj7g82QFv]{Erecura}, @Compendium[pf2e.deities.xxUGdZYUj5IW7E0L]{Seguidores del destino}, @Compendium[pf2e.deities.WOiSJ4IWjaRsSgRO]{Gerión}, @Compendium[pf2e.deities.tcvobm8O84qv0aO5]{Gruhastha}, @Compendium[pf2e.deities.eErEiVmBqltYXFJ6]{Iomedae}, @Compendium[pf2e.deities.qqqrbq4uCrelQvgH]{Irori}, @Compendium[pf2e.deities.zhPhYge7VJbIlJvA]{Kols}, @Compendium[pf2e.deities.r5vooG7NfvA9prJK]{Kurgess}, @Compendium[pf2e.deities.ArmPZQrl0SFAKvrY]{Ma'at}, @Compendium[pf2e.deities.iMRXc519Uepf8yH3]{Magdh}, @Compendium[pf2e.deities.Af4TSJjutVi9Vdwi]{Mahathallah}, @Compendium[pf2e.deities.W4QGkdn9V5ACRpkh]{Mónada}, @Compendium[pf2e.deities.WO9UsCY41oTtC2G0]{Pilares del conocimiento}, @Compendium[pf2e.deities.1nQVLOyWv5kC0bCU]{Ravithra}, @Compendium[pf2e.deities.BNycwu3I21dTh4D9]{Sarenrae}, @Compendium[pf2e.deities.SCGdJmm7Wzle9jFP]{Zohls}</p>\n<p><strong>Conjuro de dominio</strong> <em>@Compendium[pf2e.spells-srd.aF7RiG7c8GzSQLYt]{Palabra de verdad}</em>; <strong>Conjuro de dominio avanzado</strong> <em>@Compendium[pf2e.spells-srd.ZjbVgIIqMstmdkqP]{Atisbar la verdad}</em></p>\n<p>Traspasas las mentiras y descubres la verdad.</p>"
		},
		{
			"id": "Tyranny Domain",
			"name": "Tiranía (Dominio)",
			"description": "<p><strong>Dioses</strong> @Compendium[pf2e.deities.cHAbE86pto5bvIWo]{Angazhan}, @Compendium[pf2e.deities.QRkcFciCOmFoxF1B]{Asmodeo}, @Compendium[pf2e.deities.oiEo6tDP3gICHtfZ]{Barbatos}, @Compendium[pf2e.deities.CzHjFLx4hpIEIoWt]{Dispater}, @Compendium[pf2e.deities.39z55kowQFOUH2v0]{Droskar}, @Compendium[pf2e.deities.RUzMtIQal0drPwQY]{Gogunta}, @Compendium[pf2e.deities.KWVdoAm3b01M8Lcp]{Mefistófeles}, @Compendium[pf2e.deities.IZcdF1G8ZsnMotaM]{Pazuzu}, @Compendium[pf2e.deities.JndhOIHnQoMwnsw3]{La Garra Divina}, @Compendium[pf2e.deities.ENzMYuzBZGIujSMx]{Arrasador de Árboles}, @Compendium[pf2e.deities.g1AVEGi8QibhS007]{Walkena}</p>\n<p><strong>Conjuro de dominio</strong> <em>@Compendium[pf2e.spells-srd.MmQiEc7aM9PDLO2J]{Toque de obediencia}</em>; <strong>Conjuro de dominio avanzado</strong> <em>@Compendium[pf2e.spells-srd.4DaHIgtMBTyxebY3]{Azote de mando}</em></p>\n<p>Utilizas el poder para gobernar y esclavizar a otros.</p>"
		},
		{
			"id": "Undeath Domain",
			"name": "Muerte en vida (Dominio)",
			"description": "<p><strong>Dioses</strong> @Compendium[pf2e.deities.6O4UGWcYERDEugzk]{Fumeiyoshi}, @Compendium[pf2e.deities.V5PbbkZUP9N7kl6h]{Kabriri}, @Compendium[pf2e.deities.Af4TSJjutVi9Vdwi]{Mahathallah}, @Compendium[pf2e.deities.8Oy4qHylOOp79JxD]{Nhimbaloth}, @Compendium[pf2e.deities.22n3N47sqbqbDxbp]{Urgathoa}, @Compendium[pf2e.deities.8ZSywyo8YQPduo92]{Zura}, @Compendium[pf2e.deities.LLMTMgARSTlO7S9U]{Zyphus}</p>\n<p><strong>Conjuro de dominio</strong> <em>@Compendium[pf2e.spells-srd.GYI4xloAgkm6tTrT]{Toque de la muerte en vida}</em>; <strong>Conjuro de dominio avanzado</strong> <em>@Compendium[pf2e.spells-srd.qzsQmpiQodHBBWYI]{Sustento maligno}</em></p>\n<p>Tu magia tiene vínculos cercanos con los muertos vivientes.</p>"
		},
		{
			"id": "Vigil Domain",
			"name": "Vigilia (Dominio)",
			"description": "<p><strong>Dioses</strong> @Compendium[pf2e.deities.5YUNikBpJZ596MRD]{Anubis}, @Compendium[pf2e.deities.UUcAqU3KeJSMNxGF]{Barzahk}, @Compendium[pf2e.deities.OlVCyRgOaPJji4qt]{Chohar}, @Compendium[pf2e.deities.H1VrZ1QX0d2aPXT8]{Dammerich}, @Compendium[pf2e.deities.oyp2E685VsQFKMXi]{Dranngvit}, @Compendium[pf2e.deities.qqqrbq4uCrelQvgH]{Irori}, @Compendium[pf2e.deities.V5PbbkZUP9N7kl6h]{Kabriri}, @Compendium[pf2e.deities.QZD0u1jxwz0kj8uI]{Farasma}, @Compendium[pf2e.deities.XYJupIPx0GW4s7eu]{Ragadahn}, @Compendium[pf2e.deities.s9opv94lGDRKnw6W]{Shizuru}, @Compendium[pf2e.deities.HbuynQRCjGKtbhcC]{El Príncipe Perdido}, @Compendium[pf2e.deities.0R2BjVb7d9tYCIbk]{Tlehar}, @Compendium[pf2e.deities.8wOAwLMgB1HFLo9n]{Winlas}</p>\n<p><strong>Conjuro de dominio</strong> <em>@Compendium[pf2e.spells-srd.RztmhJrLLQWoGVdB]{Memoria de objeto}</em>; <strong>Conjuro de dominio avanzado</strong> <em>@Compendium[pf2e.spells-srd.nrW6lGV4xDMqLS3P]{Recordar a los perdidos}</em></p>\n<p>Cuidas de los fallecidos y proteges sus secretos.</p>"
		},
		{
			"id": "Void Domain",
			"name": "Vacío (Dominio)",
			"description": "<p><strong>Dioses</strong> @Compendium[pf2e.deities.sILda7I8Ak20Ioj9]{Azathoth}, @Compendium[pf2e.deities.c9NFjRR8gr6CWpjl]{Mariposa Negra}, @Compendium[pf2e.deities.oV5cnlPJQS8JfMIg]{Caravana cósmica}, @Compendium[pf2e.deities.JgqH3BhuEuA4Zyqs]{Desna}, @Compendium[pf2e.deities.WloVxo6HXJdS4YTt]{Groetus}, @Compendium[pf2e.deities.WvoMr86bSSYxXKtI]{Hastur}, @Compendium[pf2e.deities.s81N9hxffmRuy3ik]{Kerkamoth}, @Compendium[pf2e.deities.W4QGkdn9V5ACRpkh]{Mónada}, @Compendium[pf2e.deities.8Oy4qHylOOp79JxD]{Nhimbaloth}, @Compendium[pf2e.deities.Bhxji0kxIbMKqdkw]{Rovagug}, @Compendium[pf2e.deities.VG51y4FbTLdeGHZB]{La senda de los cielos}, @Compendium[pf2e.deities.SUaGdvQXxSAQAw03]{Yog-Sothoth}, @Compendium[pf2e.deities.ZfN7jkK6boU1FuiS]{Zon-Kuthon}</p>\n<p><strong>Conjuro de dominio</strong> <em>@Compendium[pf2e.spells-srd.0cF9HvHzzWSbCFBP]{Vacío interior}</em>; <strong>Conjuro de dominio avanzado</strong> <em>@Compendium[pf2e.spells-srd.iMmexY6ZosLS4I5R]{Puerta al más allá}</em></p>\n<p>Extraes poder del vacío.</p>"
		},
		{
			"id": "Water Domain",
			"name": "Agua (Dominio)",
			"description": "<p><strong>Dioses</strong> @Compendium[pf2e.deities.wkDOeK7ENz1ra8IC]{Besmara}, @Compendium[pf2e.deities.tcXrtRYCOr2EmgGB]{Caronte}, @Compendium[pf2e.deities.AHX89nhuVhmg8k6w]{Dagón}, @Compendium[pf2e.deities.XHDlP7o1jNz9851v]{Diomazul}, @Compendium[pf2e.deities.WOiSJ4IWjaRsSgRO]{Gerión}, @Compendium[pf2e.deities.RUzMtIQal0drPwQY]{Gogunta}, @Compendium[pf2e.deities.swwwP7eVmlNuWTb7]{Gozreh}, @Compendium[pf2e.deities.QlDnoOwf0PppymTn]{Hanspur}, @Compendium[pf2e.deities.DEKKbg6riAdL2ARf]{Hei Feng}, @Compendium[pf2e.deities.14GLsVobnZTEmJrs]{Kelizandri}, @Compendium[pf2e.deities.r6SFB1PzKsagDXff]{Dama Nanbyo}, @Compendium[pf2e.deities.SCMlQDcoU1QcF3AS]{Lysianassa}, @Compendium[pf2e.deities.hWTTS0e7J9hJfsp3]{Matravash}, @Compendium[pf2e.deities.pm8H2DbtrHM01KNV]{Naderi}, @Compendium[pf2e.deities.XYJupIPx0GW4s7eu]{Ragadahn}, @Compendium[pf2e.deities.TvxsVRztDlGcWpcI]{Sobek}, @Compendium[pf2e.deities.GUmYLD7PGmE2TOx6]{Wadjet}, @Compendium[pf2e.deities.YXmeBdOZfWgUljW1]{Ylimancha}</p>\n<p><strong>Conjuro de dominio</strong> <em>@Compendium[pf2e.spells-srd.iAnpxrLaBU4V6Sej]{Ola de marea}</em>; <strong>Conjuro de dominio avanzado</strong> <em>@Compendium[pf2e.spells-srd.K4LXpaBWrGy6jIER]{Diluvio}</em></p>\n<p>Controlas el agua y las masas acuáticas.</p>"
		},
		{
			"id": "Wealth Domain",
			"name": "Riqueza (Dominio)",
			"description": "<p><strong>Dioses</strong> @Compendium[pf2e.deities.d56paSkcwvll2OhR]{Abadar}, @Compendium[pf2e.deities.wkDOeK7ENz1ra8IC]{Besmara}, @Compendium[pf2e.deities.6mgCX7lvKtaEYoa9]{Panteón enano}, @Compendium[pf2e.deities.mm1j6UbHqFCI8fwB]{Erastil}, @Compendium[pf2e.deities.IXLzDSMGndFb5rGY]{Falayna}, @Compendium[pf2e.deities.QlDnoOwf0PppymTn]{Hanspur}, @Compendium[pf2e.deities.WvoMr86bSSYxXKtI]{Hastur}, @Compendium[pf2e.deities.AIcDyoff265z9285]{Kofusachi}, @Compendium[pf2e.deities.sNjPI1iaS8Z43YJf]{Mammon}, @Compendium[pf2e.deities.Mv6uTJLh3VGEoGLH]{Nivi Rhombodazzle}, @Compendium[pf2e.deities.GX6PF9ifR47Xyjg9]{Norgorber}, @Compendium[pf2e.deities.u3YfcJh1C4w6n75j]{Raumya}, @Compendium[pf2e.deities.1NxkZf6ndijKeufX]{Sairazul}, @Compendium[pf2e.deities.PFp4Sdp2TDDKD62l]{Thamir}</p>\n<p><strong>Conjuro de dominio</strong> <em>@Compendium[pf2e.spells-srd.ZeftDoh0nFAXBAWY]{Apariencia de riqueza}</em>; <strong>Conjuro de dominio avanzado</strong> <em>@Compendium[pf2e.spells-srd.APTMURAW1N0Wpk4w]{Metales preciosos}</em></p>\n<p>Tienes poder sobre la riqueza, el comercio y los tesoros.</p>"
		},
		{
			"id": "Wyrmkin Domain",
			"name": "Sierpes (Dominio)",
			"description": "<p><strong>Dioses</strong> @Compendium[pf2e.deities.bLI1JMpI2GXQT5AC]{Abraxas}, @Compendium[pf2e.deities.o8ayCv3LAHWlu0vQ]{Apsu}, @Compendium[pf2e.deities.uydTiyN5AzhBnQY8]{Ardad Lili}, @Compendium[pf2e.deities.Bzfc5mIUfMxOnQWu]{Dahak}, @Compendium[pf2e.deities.WOiSJ4IWjaRsSgRO]{Gerión}, @Compendium[pf2e.deities.gsFaxWHbZmc1moY6]{Nalinivati}, @Compendium[pf2e.deities.XYJupIPx0GW4s7eu]{Ragadahn}, @Compendium[pf2e.deities.TvxsVRztDlGcWpcI]{Sobek}, @Compendium[pf2e.deities.8roijlQ03l9rWFFe]{Zevgavizeb}</p>\n<p><strong>Conjuro de dominio</strong> <em>@Compendium[pf2e.spells-srd.S6Kkk15MWGqzC00a]{Andanada dracónica}</em>; <strong>Conjuro de dominio avanzado</strong> <em>@Compendium[pf2e.spells-srd.FSu6ZKxr3xdS75wq]{Rugido de la sierpe}</em></p>\n<p>Extraes poder de los dragones, linnorm y otras poderosas criaturas reptilianas.</p>"
		},
		{
			"id": "Zeal Domain",
			"name": "Celo (Dominio)",
			"description": "<p><strong>Dioses</strong> @Compendium[pf2e.deities.51kMMWaT6CqpGlGk]{Achaekek}, @Compendium[pf2e.deities.Xb1N5YfxboJH26Jh]{Angradd}, @Compendium[pf2e.deities.aj4ChTlDcZCmrtJD]{Bafomet}, @Compendium[pf2e.deities.remyY1BwhEVmBwya]{Belial}, @Compendium[pf2e.deities.EE8sNM4JraOPN669]{Cernunnos}, @Compendium[pf2e.deities.4GO4iT585ynLJnc8]{Chaldira}, @Compendium[pf2e.deities.OlVCyRgOaPJji4qt]{Chohar}, @Compendium[pf2e.deities.AHX89nhuVhmg8k6w]{Dagón}, @Compendium[pf2e.deities.Bzfc5mIUfMxOnQWu]{Dahak}, @Compendium[pf2e.deities.XHDlP7o1jNz9851v]{Diomazul}, @Compendium[pf2e.deities.aVyxfqY9GBjTqQul]{Eiseth}, @Compendium[pf2e.deities.Zi1UARhode3FSFLr]{General Susumu}, @Compendium[pf2e.deities.88vRw2ZVPax4hhga]{Gorum}, @Compendium[pf2e.deities.zlJGKpeLBwajP91o]{Gyronna}, @Compendium[pf2e.deities.eErEiVmBqltYXFJ6]{Iomedae}, @Compendium[pf2e.deities.JcIf4uwKLxEWdplI]{Kostchtchie}, @Compendium[pf2e.deities.r5vooG7NfvA9prJK]{Kurgess}, @Compendium[pf2e.deities.ub0PJ5QkrdoGzzb2]{Luhar}, @Compendium[pf2e.deities.fTJLgTfEMZreJ19r]{Milani}, @Compendium[pf2e.deities.GEBaoeiv5CB9h2Bn]{Ragathiel}, @Compendium[pf2e.deities.Bhxji0kxIbMKqdkw]{Rovagug}, @Compendium[pf2e.deities.DFxbPmQLOqcmbPTz]{Tanagaar}, @Compendium[pf2e.deities.JndhOIHnQoMwnsw3]{La Garra Divina}, @Compendium[pf2e.deities.0R2BjVb7d9tYCIbk]{Tlehar}, @Compendium[pf2e.deities.y93whGnGZjFyw5A0]{Vildeis}, @Compendium[pf2e.deities.GUmYLD7PGmE2TOx6]{Wadjet}, @Compendium[pf2e.deities.4bEPoujxhYdUyUOg]{Ydersius}, @Compendium[pf2e.deities.7L9KIqixgseSCY3X]{Ymeri}</p>\n<p><strong>Conjuro de dominio</strong> <em>@Compendium[pf2e.spells-srd.W37iBXLsY2trJ1rS]{Oleada de armas}</em>; <strong>Conjuro de dominio avanzado</strong> <em>@Compendium[pf2e.spells-srd.I8CPe9Pp7GABqOyB]{Celo de batalla}</em></p>\n<p>Tu fuego interior incrementa tu competencia en combate.</p>"
		}
	]
}