{
	"label": "Paizo Blog Bestiary",
	"entries": [
		{
			"id": "Ailuran",
			"name": "Ailuran"
		},
		{
			"id": "Chea",
			"name": "Chea"
		},
		{
			"id": "Duhgik",
			"name": "Duhgik"
		},
		{
			"id": "Edolpho Phinelli",
			"name": "Edolpho Phinelli"
		},
		{
			"id": "Eleukas",
			"name": "Eleukas"
		},
		{
			"id": "Firebrand Ancient Brass Dragon",
			"name": "Firebrand Ancient Brass Dragon"
		},
		{
			"id": "Goblin Zombie",
			"name": "Goblin Zombie"
		},
		{
			"id": "Gristleburst",
			"name": "Gristleburst"
		},
		{
			"id": "Hellknight Centaur",
			"name": "Hellknight Centaur"
		},
		{
			"id": "Kobold Tunnelrunner",
			"name": "Kobold Tunnelrunner"
		},
		{
			"id": "Lisavet",
			"name": "Lisavet"
		},
		{
			"id": "Mari Lwyd",
			"name": "Mari Lwyd"
		},
		{
			"id": "Morlibint",
			"name": "Morlibint"
		},
		{
			"id": "Ogre Hurler",
			"name": "Ogre Hurler"
		},
		{
			"id": "Pr'rall",
			"name": "Pr'rall"
		},
		{
			"id": "Urok",
			"name": "Urok"
		},
		{
			"id": "Wendlyn",
			"name": "Wendlyn"
		},
		{
			"id": "Whispering Way Medusa",
			"name": "Whispering Way Medusa"
		},
		{
			"id": "Zhang Yong",
			"name": "Zhang Yong"
		}
	]
}