{
	"label": "Campaign Effects",
	"entries": [
		{
			"id": "Effect: Burned Mouth and Throat (Linguistic)",
			"name": "Effect: Burned Mouth and Throat (Linguistic)",
			"description": "<p>Burns mouth and throat, giving a –1 item penalty to linguistic-based checks and DCs for 1 hour.</p>"
		},
		{
			"id": "Effect: Burned Mouth and Throat (No Singing or Yelling)",
			"name": "Effect: Burned Mouth and Throat (No Singing or Yelling)",
			"description": "<p>The drinker is unable to yell or sing for 8 hours.</p>"
		},
		{
			"id": "Effect: Burned Tongue (Linguistic)",
			"name": "Effect: Burned Tongue (Linguistic)",
			"description": "<p>Burns tongue, giving a –1 item penalty to linguistic- based checks and DCs for 1 minute.</p>"
		},
		{
			"id": "Effect: Burned Tongue (No Singing or Yelling)",
			"name": "Effect: Burned Tongue (No Singing or Yelling)",
			"description": "<p>The drinker is unable to yell or sing for 1 hour.</p>"
		},
		{
			"id": "Effect: Extreme stomach cramps",
			"name": "Effect: Extreme stomach cramps",
			"description": "<p>You can’t willingly ingest anything, even other drinks, for 8 hours</p>"
		},
		{
			"id": "Effect: Heightened awareness",
			"name": "Effect: Heightened awareness",
			"description": "<p>Heightened awareness, granting a +1 item bonus to Perception checks to @Compendium[pf2e.actionspf2e.BlAOM2X92SI6HMtJ]{Seek} for 8 hours</p>"
		},
		{
			"id": "Effect: Immediate and intense headache",
			"name": "Effect: Immediate and intense headache",
			"description": "<p>Immediate and intense headache, causing weakness 5 to mental damage for 8 hours</p>"
		},
		{
			"id": "Effect: Improved reflexes",
			"name": "Effect: Improved reflexes",
			"description": "<p>Improved reflexes, giving a +1 item bonus to Reflex saves for 8 hours</p>"
		},
		{
			"id": "Effect: Keen insight",
			"name": "Effect: Keen insight",
			"description": "<p>Keen insight, granting a +1 item bonus to Perception checks to @Compendium[pf2e.actionspf2e.1xRFPTFtWtGJ9ELw]{Sense Motive} for 8 hours</p>"
		},
		{
			"id": "Effect: Reflection of Life (Fast Healing)",
			"name": "Effect: Reflection of Life (Fast Healing)",
			"description": "<p>You gain @Compendium[pf2e.bestiary-ability-glossary-srd.fJSNOw4zHGbIm4bZ]{Fast Healing} for 1 minute. This amount of fast healing starts at 3 increases by 1 for every 2 levels you have beyond 5th level.</p>"
		},
		{
			"id": "Mixed Drink: Dancing Lights",
			"name": "Mixed Drink: Dancing Lights",
			"description": "<p>You can cast @Compendium[pf2e.spells-srd.kl2q6JvBZwed4B6v]{Dancing Lights} as a primal cantrip once within the next day.</p>"
		},
		{
			"id": "Mixed Drink: Guidance",
			"name": "Mixed Drink: Guidance",
			"description": "<p>You can cast @Compendium[pf2e.spells-srd.izcxFQFwf3woCnFs]{Guidance} as a primal cantrip once within the next day.</p>"
		},
		{
			"id": "Mixed Drink: Luck",
			"name": "Mixed Drink: Luck",
			"description": "<p>You gain a bit of luck: once during the next 8 hours when you attempt a saving throw or a skill check, you can roll twice and take the higher result. This is a fortune effect.</p>"
		},
		{
			"id": "Mixed Drink: Prestidigitation",
			"name": "Mixed Drink: Prestidigitation",
			"description": "<p>You can cast @Compendium[pf2e.spells-srd.Qw3fnUlaUbnn7ipC]{Prestidigitation} as a primal cantrip once within the next day.</p>"
		},
		{
			"id": "Resonant Reflection: Reflection of Life",
			"name": "Resonant Reflection: Reflection of Life",
			"description": "<p>You regain double the normal number of Hit Points when resting (meaning you regain double your Constitution modifier multiplied by your level). The healing you gain from long-term rest is similarly doubled. In addition, you can focus this healing energy to accelerate your body's natural healing processes even further.</p>\n<hr />\n<p><strong>Activate</strong> <span class=\"pf2-icon\">2</span> envision</p>\n<p><strong>Frequency</strong> once per day</p>\n<hr />\n<p><strong>Effect</strong> You gain @Compendium[pf2e.bestiary-ability-glossary-srd.fJSNOw4zHGbIm4bZ]{Fast Healing 3} for 1 minute. This amount of fast healing increases by 1 for every 2 levels you have beyond 5th level.</p>\n<hr />\n<p>@Compendium[pf2e.campaign-effects.DOxl0FDd21VMDOMP]{Effect: Reflection of Life (Fast Healing)}</p>"
		},
		{
			"id": "Resonant Reflection: Reflection of Light",
			"name": "Resonant Reflection: Reflection of Light",
			"description": "<p>Your eyes are imbued with an inner light that is not visible externally but that provides you with darkvision and the ability to distinguish color in darkness. You can also focus this inner light to manifest as a brilliant beam of energy from your eyes.</p>\n<hr />\n<p><strong>Activate</strong> <span class=\"pf2-icon\">2</span> envision</p>\n<p><strong>Frequency</strong> once per day</p>\n<hr />\n<p><strong>Effect</strong> You cast <em>@Compendium[pf2e.spells-srd.DyiD239dNS7RIxZE]{Searing Light}</em> as an innate divine spell, heightened to a spell level equal to half your level rounded up.</p>"
		},
		{
			"id": "Resonant Reflection: Reflection of Stone",
			"name": "Resonant Reflection: Reflection of Stone",
			"description": "<p>Your body is infused with the resilience and durability of stone. You are protected against the effects of severe cold and severe heat. In addition, you can also focus this durability to gain an additional effect.</p>\n<hr />\n<p><strong>Activate</strong> <span class=\"pf2-icon\">2</span> envision</p>\n<p><strong>Frequency</strong> once per day</p>\n<hr />\n<p><strong>Effect</strong> You cast <em>@Compendium[pf2e.spells-srd.2BV2yYPfVJ5zirZt]{Stoneskin}</em> as an innate divine spell, heightened to a spell level equal to half your level rounded up.</p>"
		},
		{
			"id": "Resonant Reflection: Reflection of Storm",
			"name": "Resonant Reflection: Reflection of Storm",
			"description": "<p>Your body is inured to the devastation inflicted by natural forces. You gain resistance to electricity damage equal to your level. You don't treat wind as difficult terrain or greater difficult terrain while flying, and you can't be moved by wind unless you choose to be. You gain a +1 status bonus to saves against primal magic. In addition, you can absorb this reinvigorating energy into your body to gain the following effect.</p>\n<hr />\n<p><strong>Activate</strong> <span class=\"pf2-icon\">2</span> envision</p>\n<p><strong>Frequency</strong> once per day</p>\n<hr />\n<p><strong>Effect</strong> You cast <em>@Compendium[pf2e.spells-srd.4MOew29Z1oCX8O28]{Moment of Renewal}</em> (self only) as an 8th-level divine innate spell and regain 1 Focus Point.</p>"
		},
		{
			"id": "Resonant Reflection: Reflection of Water",
			"name": "Resonant Reflection: Reflection of Water",
			"description": "<p>Your body is infused with the essence of water and becomes adapted to its presence. You gain a swim speed of 10 feet and can breathe underwater. In addition, you can also focus this affinity to gain an additional effect.</p>\n<hr />\n<p><strong>Activate</strong> <span class=\"pf2-icon\">2 </span>envision</p>\n<p><strong>Frequency</strong> once per day</p>\n<hr />\n<p><strong>Effect</strong> You cast <em>@Compendium[pf2e.spells-srd.zfn5RqAdF63neqpP]{Control Water}</em> as a 5th-level innate divine spell. The area of water you control increases by 10 feet in length and width for every 2 levels you have beyond 10th level.</p>"
		}
	]
}