{
	"label": "Feature Effects",
	"entries": [
		{
			"id": "Effect: Aberrant Blood Magic",
			"name": "Effect: Aberrant Blood Magic",
			"description": "<p>Aberrant whispers shield one target's mind or your own, granting a +2 status bonus to Will saving throws for 1 round.</p>"
		},
		{
			"id": "Effect: Ancestor Curse",
			"name": "Effect: Ancestor Curse",
			"description": ""
		},
		{
			"id": "Effect: Angelic Blood Magic",
			"name": "Effect: Angelic Blood Magic",
			"description": "<p>An angelic aura protects you or one target, granting a +1 status bonus to saving throws for 1 round.</p>"
		},
		{
			"id": "Effect: Battle Curse",
			"name": "Effect: Battle Curse",
			"description": "<p><em>Note: The @Compendium[pf2e.conditionitems.e1XGnhKNSQIm5IXg]{Stupefied 2} condition is not applied for the major curse</em></p>"
		},
		{
			"id": "Effect: Battle Medicine Immunity",
			"name": "Effect: Battle Medicine Immunity",
			"description": "<p>Granted when someone uses @Compendium[pf2e.feats-srd.wYerMk6F1RZb0Fwt]{Battle Medicine} on you, rendering you immune to the effect from that person for the duration.</p>"
		},
		{
			"id": "Effect: Bones Curse",
			"name": "Effect: Bones Curse",
			"description": ""
		},
		{
			"id": "Effect: Celestial Wings",
			"name": "Effect: Celestial Wings",
			"description": "<p>Granted by @Compendium[pf2e.feats-srd.vtCrMziYxNyj8kP7]{Celestial Wings}</p>\n<p>You gain a fly Speed equal to your Speed while you've manifested your wings.</p>"
		},
		{
			"id": "Effect: Cosmos Curse",
			"name": "Effect: Cosmos Curse",
			"description": ""
		},
		{
			"id": "Effect: Debilitating Strike",
			"name": "Effect: Debilitating Strike",
			"description": "<p>The target has been affected by a rogue's @Compendium[pf2e.actionspf2e.bp0Up04x3dzGK5bB]{Debilitating Strike}.</p>\n<p><em>Note: this effect only tracks the duration of the debilitation. You need to manually apply the specific penalties the rogue chose to apply.</em></p>"
		},
		{
			"id": "Effect: Demonic Blood Magic (Self)",
			"name": "Effect: Demonic Blood Magic (Self)",
			"description": "<p>The corruption of sin makes you more imposing. You gain a +1 status bonus to Intimidation checks for 1 round.</p>"
		},
		{
			"id": "Effect: Demonic Blood Magic (Target)",
			"name": "Effect: Demonic Blood Magic (Target)",
			"description": "<p>The corruption of sin weakens a target's defenses. A target takes a -1 status penalty to AC for 1 round.</p>"
		},
		{
			"id": "Effect: Diabolic Blood Magic (Self)",
			"name": "Effect: Diabolic Blood Magic (Self)",
			"description": "<p>Hellfire fills your tongue with lies. You gain a +1 status bonus to Deception checks for 1 round.</p>"
		},
		{
			"id": "Effect: Draconic Blood Magic",
			"name": "Effect: Draconic Blood Magic",
			"description": "<p>Draconic scales grow briefly on you or one target, granting a +1 status bonus to AC for 1 round.</p>"
		},
		{
			"id": "Effect: Elemental Blood Magic (Self)",
			"name": "Effect: Elemental Blood Magic (Self)",
			"description": "<p>Elemental energy surrounds you. You gain a +1 status bonus to Intimidation checks for 1 round.</p>"
		},
		{
			"id": "Effect: Enduring Debilitating Strike",
			"name": "Effect: Enduring Debilitating Strike",
			"description": "<p>The target has been affected by a rogue's @Compendium[pf2e.actionspf2e.bp0Up04x3dzGK5bB]{Debilitating Strike} if the rogue also has @Compendium[pf2e.feats-srd.RzfWrOqHL2GcK0rr]{Enduring Debilitation}.</p>\n<p><em>Note: this effect only tracks the duration of the debilitation. You need to manually apply the specific penalties the rogue chose to apply.</em></p>"
		},
		{
			"id": "Effect: Fey Blood Magic",
			"name": "Effect: Fey Blood Magic",
			"description": "<p>Colorful fey glamours dance around you or one target, causing them to be concealed for 1 round. Such obvious concealment can't be used to Hide.</p>"
		},
		{
			"id": "Effect: Flames Curse",
			"name": "Effect: Flames Curse",
			"description": ""
		},
		{
			"id": "Effect: Genie Blood Magic (Self)",
			"name": "Effect: Genie Blood Magic (Self)",
			"description": "<p>Your spellcasting warps reality and distracts your foes. You gain a +1 status bonus to Deception checks for 1 round.</p>"
		},
		{
			"id": "Effect: Genie Blood Magic (Target)",
			"name": "Effect: Genie Blood Magic (Target)",
			"description": "<p>Your spellcasting warps reality and distracts your foes. A target takes a -1 status penalty to Perception for 1 round.</p>"
		},
		{
			"id": "Effect: Hag Blood Magic",
			"name": "Effect: Hag Blood Magic",
			"description": "<p>Spiteful curses punish your foes. The first creature that deals damage to you before the end of your next turn takes 2 mental damage per spell level and must attempt a basic Will save.</p>"
		},
		{
			"id": "Effect: Hydration",
			"name": "Effect: Hydration",
			"description": "<p>Granted by @Compendium[pf2e.ancestryfeatures.vt67b8uoNEbskcBv]{Hydration} if you spend 24 hours outside of water.</p>"
		},
		{
			"id": "Effect: Imperial Blood Magic",
			"name": "Effect: Imperial Blood Magic",
			"description": "<p>A surge of ancestral memories grants you or one target a +1 status bonus to skill checks for 1 round.</p>"
		},
		{
			"id": "Effect: Life Curse",
			"name": "Effect: Life Curse",
			"description": ""
		},
		{
			"id": "Effect: Lore Curse",
			"name": "Effect: Lore Curse",
			"description": ""
		},
		{
			"id": "Effect: Major Battle Curse",
			"name": "Effect: Major Battle Curse",
			"description": "<p>Your body proves capable of truly heroic feats, but doing so interferes with your mental focus.</p>\n<p>You take a -2 status penalty to AC and saving throws, and are @Compendium[pf2e.conditionitems.e1XGnhKNSQIm5IXg]{Stupefied 2}.</p>\n<p>You gain a +6 status bonus to weapon and unarmed damage rolls, and a +1 status bonus to weapon and unarmed attack rolls.</p>\n<p>You also gain fast healing equal to your level while in a non-trivial combat encounter.</p>\n<hr />\n<p><em>Note: You need to apply the stupefied condition and fast healing manually. The remaining effects are applied automatically.</em></p>"
		},
		{
			"id": "Effect: Major Bones Curse",
			"name": "Effect: Major Bones Curse",
			"description": "<p>You stand just steps from the grave.</p>\n<p>Non-magical effects that would restore your Hit Points only grant you half as many HP as normal.</p>\n<p>You become @Compendium[pf2e.conditionitems.4D2KBtexWXa6oUMR]{Drained 1}, and this drained condition is cumulative with any other drained conditions you gain. This drained condition is removed only when you Refocus; effects that normally remove the drained condition reduce your drained condition to drained 1 instead.</p>\n<p>You become @Compendium[pf2e.conditionitems.Yl48xTdMh3aeQYL2]{Wounded 1}. This wounded condition is removed only when you Refocus; effects that normally remove the wounded condition reduce your wounded condition to wounded 1 instead.</p>\n<p>In addition, you gain resistance to poison equal to half your level.</p>\n<p>You gain a +4 status bonus to saves against diseases, poisons, and death effects, and if you roll a success on such a save, you get a critical success instead. If you roll a critical failure on a save against a disease, poison, or death effect, you get a failure instead.</p>\n<p>When you would attempt a recovery check, you can choose to get an automatic success instead of rolling.</p>\n<hr />\n<p><em>Note: The bonus to saving throws is applied automatically. You need to apply the remaining effects manually.</em></p>"
		},
		{
			"id": "Effect: Major Cosmos Curse",
			"name": "Effect: Major Cosmos Curse",
			"description": "<p>As your body rises, you float just above the ground beneath you.</p>\n<p>You become @Compendium[pf2e.conditionitems.MIRkyAjyBeXivMa7]{Enfeebled 4}, and take a -4 penalty to saves and DCs against @Compendium[pf2e.actionspf2e.PMbdMWc2QroouFGD]{Grapple}, @Compendium[pf2e.actionspf2e.7blmbDrQFNfdT731]{Shove}, and other forms of forced movement.</p>\n<p>You are treated as one size smaller for wind effects. You gain a +2 status bonus against @Compendium[pf2e.actionspf2e.ge56Lu1xXVFYUnLP]{Trip} attempts, you only take half as much damage from falls, and you gain the effects of the @Compendium[pf2e.feats-srd.HJYQlmGTdtyGWr6a]{Powerful Leap} and @Compendium[pf2e.feats-srd.ZBhvJ9O8MvBFAlhq]{Quick Jump} skill feats. You weigh only half as much, and your Bulk, should someone need to carry you, is also half as much.</p>\n<p>You can walk on liquids as if they were solid; you gain the effects of the @Compendium[pf2e.feats-srd.TVFfTP9fHRidwBlW]{Cloud Jump} skill feat; and you don't leave tracks, trigger weight-sensitive pressure plates, or otherwise connect with the ground below you.</p>\n<hr />\n<p><em>Note: The bonus and penalties to saving throws are applied automatically. You need to apply the remaining effects manually.</em></p>"
		},
		{
			"id": "Effect: Major Flames Curse",
			"name": "Effect: Major Flames Curse",
			"description": "<p>The flames surrounding you are no longer simply visions.</p>\n<p>You are @Compendium[pf2e.conditionitems.DmAIPqOBomZ7H95W]{Concealed} from other creatures, though as the other creatures aren't cursed themselves, they can benefit from effects that would allow them to ignore or mitigate the concealed condition, as normal. All other creatures and objects are concealed from you regardless of distance; however, when casting a fire spell, you automatically succeed at the flat check for this concealed condition for targets within 30 feet.</p>\n<p>All your senses become imprecise beyond 30 feet, meaning everything past 30 feet that you'd normally be able to see is @Compendium[pf2e.conditionitems.iU0fEDdBp3rXpTMC]{Hidden} from you.</p>\n<p>An aura of fire surrounds you in a @Template[type:emanation|distance:10], dealing [[/r {4d6}[fire]]] fire damage (basic Reflex save) to all other creatures in the aura at the end of each of your turns. You lose [[/r {1d6}[healing]]] Hit Points at the end of your turn each round, with no save; if you have a weakness to fire, increase the number of HP you lose by that weakness.</p>\n<p>You can suppress your aura until the start of your next turn by spending a single action, which has the concentrate trait, to diminish the flames, causing neither you nor anyone in the aura to take damage. While Refocusing to reduce your curse, you are continually diminishing the flames, so you don't lose HP. The flames subside if you fall @Compendium[pf2e.conditionitems.fBnFDH2MTzgFijKf]{Unconscious}, but they resume when you wake up unless you rested for long enough to reset your curse. As usual for oracular curses, you can't mitigate or reduce the lost Hit Points in any way, though you can still heal the lost HP normally after the fact.</p>\n<hr />\n<p><em>Note: You need to apply the effects of this curse manually.</em></p>"
		},
		{
			"id": "Effect: Major Life Curse",
			"name": "Effect: Major Life Curse",
			"description": "<p>Life energy tears through you to empower your magic. Some of your spells carry positive energy with them.</p>\n<p>Effects that restore Hit Points to you take a status penalty equal to half your level (minimum 1) to the number of HP you recover. In addition, you can't be healed by magical effects originating from other creatures. However, if you are unconscious, magical effects can restore you to 1 HP (but no higher). You are affected normally by healing elixirs, potions, and other items.</p>\n<p>When you cast <em>@Compendium[pf2e.spells-srd.rfZpqmj0AIIdkVIs]{Heal}</em> and all your targets are living creatures, you roll d12s instead of d8s for the amount of healing.</p>\n<p>Whenever you finish casting a non-cantrip spell, you restore Hit Points equal to the spell level to your choice of either one target of the spell or the creature nearest to you. You can't heal yourself in this way. This healing has the healing, necromancy, and positive traits, as well as the tradition trait of the spell.</p>\n<p>Each time you use a spell slot to cast a 5th-level or higher spell that takes 2 or more actions to cast, you disperse positive energy in a @Template[type:burst|distance:30] with the effects of a 3-action <em>@Compendium[pf2e.spells-srd.rfZpqmj0AIIdkVIs]{Heal}</em> spell with a level 4 lower than that of the spell you cast. This healing occurs immediately after you finish Casting the Spell. You don't benefit from this healing. Instead, you lose double the number of Hit Points rolled for the heal spell.</p>\n<hr />\n<p><em>Note: You need to apply the effects of this curse manually.</em></p>"
		},
		{
			"id": "Effect: Major Lore Curse",
			"name": "Effect: Major Lore Curse",
			"description": "<p>The massive flow of information clouding your mind overwhelms your ability to communicate with others. You can understand all languages, but you can't speak, use linguistic effects, or otherwise communicate with your allies.</p>\n<p>You take a -4 penalty to initiative, as trying to process a surge of information about what's happening around you slows your ability to respond to it.</p>\n<p>The attention you divert to process this huge influx of information means you are always @Compendium[pf2e.conditionitems.AJh5ex99aV6VTggg]{Flat-Footed}.</p>\n<p>At the start of each of your turns, you automatically make one check to @Compendium[pf2e.actionspf2e.KygTSeDvsFoSO6HW]{Recall Knowledge} as a free action. This uses a skill of your choice that has the Recall Knowledge action, using a result equal to 10 + your proficiency bonus in that skill (with no other bonuses, penalties, or modifiers).</p>\n<p>If you Cast a Spell with a verbal component, you must succeed at a DC 5 flat check or the spell is lost.</p>\n<p>You gain a +4 status bonus on saving throws against linguistic effects.</p>\n<hr />\n<p><em>Note: The bonus to saving throws and penalty to initiative rolls are applied automatically. You need to apply the remaining effects manually.</em></p>"
		},
		{
			"id": "Effect: Major Martial Ancestor Curse",
			"name": "Effect: Major Martial Ancestor Curse",
			"description": "<p>One of your ancestors becomes predominant in their meddling. The first time you gain this effect each day, roll [[/r 1d4]] on the list below to determine which type of ancestor becomes predominant.</p>\n<p>This predominant ancestor guides you to use their preferred type of action, and you get the major curse benefit listed for your predominant ancestor in the list below. When you try to use one of the types of actions listed for the other ancestors, you must succeed at a DC 8 flat check. On a failure, you spend the action but gain no effect (though you don't lose the spell if you were Casting a Spell). If your action would take 1 minute or longer, it's long enough that you can overcome the meddling, and you don't need to attempt a flat check.</p>\n<p>During combat or another tense, round-by-round encounter, other ancestors wrestle for control of your actions. When you roll initiative, and then at the end of each of your turns during the encounter, roll [[/r 1d4]] and change your predominant ancestor appropriately. Once the encounter ends, you return to the influence of the ancestor you first rolled for the day.</p>\n<h4>Ancestral Influence</h4>\n<ol>\n<li>Martial Ancestor\n<ul>\n<li><strong>Preferred action</strong> Strikes</li>\n<li><strong>Major curse benefit</strong> Your Strikes gain a +1 status bonus to attack rolls and a +6 status bonus to damage</li>\n</ul>\n</li>\n<li>Skillful Ancestor\n<ul>\n<li><strong>Preferred action</strong> Perception and Skill actions</li>\n</ul>\n</li>\n<li>Spellcasting Ancestor\n<ul>\n<li><strong>Preferred action</strong> Cast a Spell</li>\n</ul>\n</li>\n<li>You choose which ancestor guides your actions</li>\n</ol>\n<hr />\n<p><em>Note: You need to apply the flat check when using another ancestor's preferred action manually. The remaining effects are applied automatically.</em></p>"
		},
		{
			"id": "Effect: Major Skillful Ancestor Curse",
			"name": "Effect: Major Skillful Ancestor Curse",
			"description": "<p>One of your ancestors becomes predominant in their meddling. The first time you gain this effect each day, roll [[/r 1d4]] on the list below to determine which type of ancestor becomes predominant.</p>\n<p>This predominant ancestor guides you to use their preferred type of action, and you get the major curse benefit listed for your predominant ancestor in the list below. When you try to use one of the types of actions listed for the other ancestors, you must succeed at a DC 8 flat check. On a failure, you spend the action but gain no effect (though you don't lose the spell if you were Casting a Spell). If your action would take 1 minute or longer, it's long enough that you can overcome the meddling, and you don't need to attempt a flat check.</p>\n<p>During combat or another tense, round-by-round encounter, other ancestors wrestle for control of your actions. When you roll initiative, and then at the end of each of your turns during the encounter, roll [[/r 1d4]] and change your predominant ancestor appropriately. Once the encounter ends, you return to the influence of the ancestor you first rolled for the day.</p>\n<h4>Ancestral Influence</h4>\n<ol>\n<li>Martial Ancestor\n<ul>\n<li><strong>Preferred action</strong> Strikes</li>\n</ul>\n</li>\n<li>Skillful Ancestor\n<ul>\n<li><strong>Preferred action</strong> Perception and Skill actions</li>\n<li><strong>Major curse benefit</strong> You gain a +2 status bonus to skill checks and Perception checks.</li>\n</ul>\n</li>\n<li>Spellcasting Ancestor\n<ul>\n<li><strong>Preferred action</strong> Cast a Spell</li>\n</ul>\n</li>\n<li>You choose which ancestor guides your actions</li>\n</ol>\n<hr />\n<p><em>Note: You need to apply the flat check when using another ancestor's preferred action manually. The remaining effects are applied automatically.</em></p>"
		},
		{
			"id": "Effect: Major Spellcasting Ancestor Curse",
			"name": "Effect: Major Spellcasting Ancestor Curse",
			"description": "<p>One of your ancestors becomes predominant in their meddling. The first time you gain this effect each day, roll [[/r 1d4]] on the list below to determine which type of ancestor becomes predominant.</p>\n<p>This predominant ancestor guides you to use their preferred type of action, and you get the major curse benefit listed for your predominant ancestor in the list below. When you try to use one of the types of actions listed for the other ancestors, you must succeed at a DC 8 flat check. On a failure, you spend the action but gain no effect (though you don't lose the spell if you were Casting a Spell). If your action would take 1 minute or longer, it's long enough that you can overcome the meddling, and you don't need to attempt a flat check.</p>\n<p>During combat or another tense, round-by-round encounter, other ancestors wrestle for control of your actions. When you roll initiative, and then at the end of each of your turns during the encounter, roll [[/r 1d4]] and change your predominant ancestor appropriately. Once the encounter ends, you return to the influence of the ancestor you first rolled for the day.</p>\n<h4>Ancestral Influence</h4>\n<ol>\n<li>Martial Ancestor\n<ul>\n<li><strong>Preferred action</strong> Strikes</li>\n</ul>\n</li>\n<li>Skillful Ancestor\n<ul>\n<li><strong>Preferred action</strong> Perception and Skill actions</li>\n</ul>\n</li>\n<li>Spellcasting Ancestor\n<ul>\n<li><strong>Preferred action</strong> Cast a Spell</li>\n<li><strong>Major curse benefit</strong> Non-cantrip spells without a duration gain a status bonus to their damage and healing equal to the spell's level + 3.</li>\n</ul>\n</li>\n<li>You choose which ancestor guides your actions</li>\n</ol>\n<hr />\n<p><em>Note: You need to apply the effects of this curse manually.</em></p>"
		},
		{
			"id": "Effect: Major Tempest Curse",
			"name": "Effect: Major Tempest Curse",
			"description": "<p>An aura of a whirling storm whips up in a @Template[type:emanation|distance:15] around you and in your space. The aura puts out small non-magical fires 1 round after they're lit or brought into your aura. The whirling winds impose a -2 circumstance penalty on ranged attack rolls using physical ammunition that target you or originate from you.</p>\n<p>High winds blowing outward in the aura impede creatures' progress. The aura is difficult terrain for Large and smaller creatures on the ground, and for Huge or smaller flying creatures. You aren't affected by this difficult terrain.</p>\n<p>Electrical energy builds up within your storm, turning you into a lightning rod; you gain weakness 5 (or half your level, whichever is greater) to electricity, but torrential rain grants you an equal amount of fire resistance. Electricity spells or effects that have additional effects for a creature wearing or holding metal treat you as though you were wearing metal.</p>\n<p>The electricity arcing through you becomes dangerous. Any creature that touches you, including with a touch spell or a melee unarmed attack, takes [[/r {1d6}[electricity]]] electricity damage</p>\n<hr />\n<p><em>Note: The penalty to ranged attack rolls that you make</em><em> is applied automatically. You need to apply the remaining effects manually.</em></p>"
		},
		{
			"id": "Effect: Minor Battle Curse",
			"name": "Effect: Minor Battle Curse",
			"description": "<p>Your body languishes when you aren't bringing harm to your foes.</p>\n<p>You take a -2 status penalty to AC and saving throws, but each time you make a Strike, you can suspend these penalties until the start of your next turn.</p>\n<hr />\n<p><em>Note: The effects of this curse are applied automatically.</em></p>"
		},
		{
			"id": "Effect: Minor Bones Curse",
			"name": "Effect: Minor Bones Curse",
			"description": "<p>Bones protrude through your skin and your flesh rots, combining with a stench of decay and an unearthly chill.</p>\n<p>Non-magical effects that would restore your Hit Points only grant you half as many HP as normal.</p>\n<hr />\n<p><em>Note: You need to apply the effects of this curse manually.</em></p>"
		},
		{
			"id": "Effect: Minor Cosmos Curse",
			"name": "Effect: Minor Cosmos Curse",
			"description": "<p>Your unnatural lightness makes it hard to keep your footing and interact with other physical objects.</p>\n<p>You are @Compendium[pf2e.conditionitems.MIRkyAjyBeXivMa7]{Enfeebled 1} and take a -2 penalty to saves and DCs against @Compendium[pf2e.actionspf2e.PMbdMWc2QroouFGD]{Grapple}, @Compendium[pf2e.actionspf2e.7blmbDrQFNfdT731]{Shove}, and other forms of forced movement.</p>\n<hr />\n<p><em>Note: You need to apply the effects of this curse manually.</em></p>"
		},
		{
			"id": "Effect: Minor Flames Curse",
			"name": "Effect: Minor Flames Curse",
			"description": "<p>The smoke, heat, and crackling flames of your curse fill your vision and all your other senses.</p>\n<p>Creatures further than 30 feet are @Compendium[pf2e.conditionitems.DmAIPqOBomZ7H95W]{Concealed} from you. You can't benefit from effects that would allow you to ignore or mitigate this concealment, as normal for effects of an oracular curse.</p>\n<hr />\n<p><em>Note: You need to apply the effects of this curse manually.</em></p>"
		},
		{
			"id": "Effect: Minor Life Curse",
			"name": "Effect: Minor Life Curse",
			"description": "<p>As your life force seeps outward, it becomes more difficult to keep your body functioning.</p>\n<p>Effects that restore Hit Points to you take a status penalty equal to half your level (minimum 1) to the number of HP you recover.</p>\n<hr />\n<p><em>Note: You need to apply the effects of this curse manually.</em></p>"
		},
		{
			"id": "Effect: Minor Lore Curse",
			"name": "Effect: Minor Lore Curse",
			"description": "<p>You take a -4 penalty to initiative, as trying to process a surge of information about what's happening around you slows your ability to respond to it.</p>\n<hr />\n<p><em>Note: The effects of this curse are applied automatically.</em></p>"
		},
		{
			"id": "Effect: Minor Martial Ancestor Curse",
			"name": "Effect: Minor Martial Ancestor Curse",
			"description": "<p>One of your ancestors becomes predominant in their meddling. The first time you gain this effect each day, roll [[/r 1d4]] on the list below to determine which type of ancestor becomes predominant.</p>\n<p>This predominant ancestor guides you to use their preferred type of action. When you try to use one of the types of actions listed for the other ancestors, you must succeed at a DC 4 flat check. On a failure, you spend the action but gain no effect (though you don't lose the spell if you were Casting a Spell). If your action would take 1 minute or longer, it's long enough that you can overcome the meddling, and you don't need to attempt a flat check.</p>\n<p>During combat or another tense, round-by-round encounter, other ancestors wrestle for control of your actions. When you roll initiative, and then at the end of each of your turns during the encounter, roll [[/r 1d4]] and change your predominant ancestor appropriately. Once the encounter ends, you return to the influence of the ancestor you first rolled for the day.</p>\n<h4>Ancestral Influence</h4>\n<ol>\n<li>Martial Ancestor\n<ul>\n<li><strong>Preferred action</strong> Strikes</li>\n</ul>\n</li>\n<li>Skillful Ancestor\n<ul>\n<li><strong>Preferred action</strong> Perception and Skill actions</li>\n</ul>\n</li>\n<li>Spellcasting Ancestor\n<ul>\n<li><strong>Preferred action</strong> Cast a Spell</li>\n</ul>\n</li>\n<li>You choose which ancestor guides your actions</li>\n</ol>\n<hr />\n<p><em>Note: You need to apply the effects of this curse manually.</em></p>"
		},
		{
			"id": "Effect: Minor Skillful Ancestor Curse",
			"name": "Effect: Minor Skillful Ancestor Curse",
			"description": "<p>One of your ancestors becomes predominant in their meddling. The first time you gain this effect each day, roll [[/r 1d4]] on the list below to determine which type of ancestor becomes predominant.</p>\n<p>This predominant ancestor guides you to use their preferred type of action. When you try to use one of the types of actions listed for the other ancestors, you must succeed at a DC 4 flat check. On a failure, you spend the action but gain no effect (though you don't lose the spell if you were Casting a Spell). If your action would take 1 minute or longer, it's long enough that you can overcome the meddling, and you don't need to attempt a flat check.</p>\n<p>During combat or another tense, round-by-round encounter, other ancestors wrestle for control of your actions. When you roll initiative, and then at the end of each of your turns during the encounter, roll [[/r 1d4]] and change your predominant ancestor appropriately. Once the encounter ends, you return to the influence of the ancestor you first rolled for the day.</p>\n<h4>Ancestral Influence</h4>\n<ol>\n<li>Martial Ancestor\n<ul>\n<li><strong>Preferred action</strong> Strikes</li>\n</ul>\n</li>\n<li>Skillful Ancestor\n<ul>\n<li><strong>Preferred action</strong> Perception and Skill actions</li>\n</ul>\n</li>\n<li>Spellcasting Ancestor\n<ul>\n<li><strong>Preferred action</strong> Cast a Spell</li>\n</ul>\n</li>\n<li>You choose which ancestor guides your actions</li>\n</ol>\n<hr />\n<p><em>Note: You need to apply the effects of this curse manually.</em></p>"
		},
		{
			"id": "Effect: Minor Spellcaster Ancestor Curse",
			"name": "Effect: Minor Spellcaster Ancestor Curse",
			"description": "<p>One of your ancestors becomes predominant in their meddling. The first time you gain this effect each day, roll [[/r 1d4]] on the list below to determine which type of ancestor becomes predominant.</p>\n<p>This predominant ancestor guides you to use their preferred type of action. When you try to use one of the types of actions listed for the other ancestors, you must succeed at a DC 4 flat check. On a failure, you spend the action but gain no effect (though you don't lose the spell if you were Casting a Spell). If your action would take 1 minute or longer, it's long enough that you can overcome the meddling, and you don't need to attempt a flat check.</p>\n<p>During combat or another tense, round-by-round encounter, other ancestors wrestle for control of your actions. When you roll initiative, and then at the end of each of your turns during the encounter, roll [[/r 1d4]] and change your predominant ancestor appropriately. Once the encounter ends, you return to the influence of the ancestor you first rolled for the day.</p>\n<h4>Ancestral Influence</h4>\n<ol>\n<li>Martial Ancestor\n<ul>\n<li><strong>Preferred action</strong> Strikes</li>\n</ul>\n</li>\n<li>Skillful Ancestor\n<ul>\n<li><strong>Preferred action</strong> Perception and Skill actions</li>\n</ul>\n</li>\n<li>Spellcasting Ancestor\n<ul>\n<li><strong>Preferred action</strong> Cast a Spell</li>\n</ul>\n</li>\n<li>You choose which ancestor guides your actions</li>\n</ol>\n<hr />\n<p><em>Note: You need to apply the effects of this curse manually.</em></p>"
		},
		{
			"id": "Effect: Minor Tempest Curse",
			"name": "Effect: Minor Tempest Curse",
			"description": "<p>An aura of a whirling storm whips up in a @Template[type:emanation|distance:5] around you and in your space. The aura puts out small non-magical fires 1 round after they're lit or brought into your aura.</p>\n<p>Electrical energy builds up within your storm, turning you into a lightning rod; you gain weakness 2 to electricity, and electricity spells or effects that have additional effects for a creature wearing or holding metal treat you as though you were wearing metal.</p>\n<hr />\n<p><em>Note: You need to apply the effects of this curse manually.</em></p>"
		},
		{
			"id": "Effect: Moderate Battle Curse",
			"name": "Effect: Moderate Battle Curse",
			"description": "<p>The strain of conflict wears upon your body, even though you gain vitality from it.</p>\n<p>You take a -2 status penalty to AC and saving throws, but each time you make a Strike, you can reduce these penalties to -1 until the start of your next turn.</p>\n<p>You gain a +2 status bonus to weapon and unarmed damage rolls.</p>\n<p>You also gain fast healing equal to half your level while in a non-trivial combat encounter.</p>\n<hr />\n<p><em>Note: You need to apply fast healing manually. The remaining effects are applied automatically.</em></p>"
		},
		{
			"id": "Effect: Moderate Bones Curse",
			"name": "Effect: Moderate Bones Curse",
			"description": "<p>Your dead flesh continues to rot, affecting your health.</p>\n<p>Non-magical effects that would restore your Hit Points only grant you half as many HP as normal.</p>\n<p>You become @Compendium[pf2e.conditionitems.4D2KBtexWXa6oUMR]{Drained 1}, and this drained condition is cumulative with any other drained conditions you gain. This drained condition is removed only when you Refocus; effects that normally remove the drained condition reduce your drained condition to drained 1 instead.</p>\n<p>In addition, you gain resistance to poison equal to half your level.</p>\n<p>You gain a +4 status bonus to saves against diseases, poisons, and death effects, and if you roll a success on such a save, you get a critical success instead.</p>\n<hr />\n<p><em>Note: The bonus to saving throws is applied automatically. You need to apply the remaining effects manually.</em></p>"
		},
		{
			"id": "Effect: Moderate Cosmos Curse",
			"name": "Effect: Moderate Cosmos Curse",
			"description": "<p>Your body is drawn further skyward.</p>\n<p>You are @Compendium[pf2e.conditionitems.MIRkyAjyBeXivMa7]{Enfeebled 2}, and take a -3 penalty to saves and DCs against @Compendium[pf2e.actionspf2e.PMbdMWc2QroouFGD]{Grapple}, @Compendium[pf2e.actionspf2e.7blmbDrQFNfdT731]{Shove}, and other forms of forced movement.</p>\n<p>You are treated as one size smaller for wind effects. You gain a +2 status bonus against @Compendium[pf2e.actionspf2e.ge56Lu1xXVFYUnLP]{Trip} attempts, you only take half as much damage from falls, and you gain the effects of the @Compendium[pf2e.feats-srd.HJYQlmGTdtyGWr6a]{Powerful Leap} and @Compendium[pf2e.feats-srd.ZBhvJ9O8MvBFAlhq]{Quick Jump} skill feats. You weigh only half as much, and your Bulk, should someone need to carry you, is also half as much.</p>\n<hr />\n<p><em>Note: The bonus and penalties to saving throws are applied automatically. You need to apply the remaining effects manually.</em></p>"
		},
		{
			"id": "Effect: Moderate Flames Curse",
			"name": "Effect: Moderate Flames Curse",
			"description": "<p>Smoke and flickering visions of flame fill your senses more completely, and harmless flickers of obscuring flames also fill your space.</p>\n<p>You are @Compendium[pf2e.conditionitems.DmAIPqOBomZ7H95W]{Concealed} from other creatures, though as the other creatures aren't cursed themselves, they can benefit from effects that would allow them to ignore or mitigate the concealed condition, as normal. All other creatures and objects are concealed from you regardless of distance; however, when casting a fire spell, you automatically succeed at the flat check for this concealed condition for targets within 30 feet.</p>\n<p>All your senses become imprecise beyond 30 feet, meaning everything past 30 feet that you'd normally be able to see is @Compendium[pf2e.conditionitems.iU0fEDdBp3rXpTMC]{Hidden} from you.</p>\n<hr />\n<p><em>Note: You need to apply the effects of this curse manually.</em></p>"
		},
		{
			"id": "Effect: Moderate Life Curse",
			"name": "Effect: Moderate Life Curse",
			"description": "<p>The flow of life energy away from you can't be reversed.</p>\n<p>Effects that restore Hit Points to you take a status penalty equal to half your level (minimum 1) to the number of HP you recover. In addition, you can't be healed by magical effects originating from other creatures. However, if you are unconscious, magical effects can restore you to 1 HP (but no higher). You are affected normally by healing elixirs, potions, and other items.</p>\n<p>When you cast <em>@Compendium[pf2e.spells-srd.rfZpqmj0AIIdkVIs]{Heal}</em> and all your targets are living creatures, you roll d12s instead of d8s for the amount of healing.</p>\n<p>Whenever you finish casting a non-cantrip spell, you restore Hit Points equal to the spell level to your choice of either one target of the spell or the creature nearest to you. You can't heal yourself in this way. This healing has the healing, necromancy, and positive traits, as well as the tradition trait of the spell.</p>\n<hr />\n<p><em>Note: You need to apply the effects of this curse manually.</em></p>"
		},
		{
			"id": "Effect: Moderate Lore Curse",
			"name": "Effect: Moderate Lore Curse",
			"description": "<p>The flow of information through your mind grows.</p>\n<p>You take a -4 penalty to initiative, as trying to process a surge of information about what's happening around you slows your ability to respond to it.</p>\n<p>The attention you divert to process this huge influx of information means you are always @Compendium[pf2e.conditionitems.AJh5ex99aV6VTggg]{Flat-Footed}.</p>\n<p>At the start of each of your turns, you automatically make one check to @Compendium[pf2e.actionspf2e.KygTSeDvsFoSO6HW]{Recall Knowledge} as a free action. This uses a skill of your choice that has the Recall Knowledge action, using a result equal to 10 + your proficiency bonus in that skill (with no other bonuses, penalties, or modifiers).</p>\n<hr />\n<p><em>Note: The penalty to initiative rolls is applied automatically. You need to apply the remaining effects manually.</em></p>"
		},
		{
			"id": "Effect: Moderate Martial Ancestor Curse",
			"name": "Effect: Moderate Martial Ancestor Curse",
			"description": "<p>One of your ancestors becomes predominant in their meddling. The first time you gain this effect each day, roll [[/r 1d4]] on the list below to determine which type of ancestor becomes predominant.</p>\n<p>This predominant ancestor guides you to use their preferred type of action, and you get the moderate curse benefit listed for your predominant ancestor in the list below. When you try to use one of the types of actions listed for the other ancestors, you must succeed at a DC 6 flat check. On a failure, you spend the action but gain no effect (though you don't lose the spell if you were Casting a Spell). If your action would take 1 minute or longer, it's long enough that you can overcome the meddling, and you don't need to attempt a flat check.</p>\n<p>During combat or another tense, round-by-round encounter, other ancestors wrestle for control of your actions. When you roll initiative, and then at the end of each of your turns during the encounter, roll [[/r 1d4]] and change your predominant ancestor appropriately. Once the encounter ends, you return to the influence of the ancestor you first rolled for the day.</p>\n<h4>Ancestral Influence</h4>\n<ol>\n<li>Martial Ancestor\n<ul>\n<li><strong>Preferred action</strong> Strikes</li>\n<li><strong>Moderate curse benefit</strong> Your Strikes gain a +1 status bonus to attack rolls and a +2 status bonus to damage.</li>\n</ul>\n</li>\n<li>Skillful Ancestor\n<ul>\n<li><strong>Preferred action</strong> Perception and Skill actions</li>\n</ul>\n</li>\n<li>Spellcasting Ancestor\n<ul>\n<li><strong>Preferred action</strong> Cast a Spell</li>\n</ul>\n</li>\n<li>You choose which ancestor guides your actions</li>\n</ol>\n<hr />\n<p><em>Note: You need to apply the flat check when using another ancestor's preferred action manually. The remaining effects are applied automatically.</em></p>"
		},
		{
			"id": "Effect: Moderate Skillful Ancestor Curse",
			"name": "Effect: Moderate Skillful Ancestor Curse",
			"description": "<p>One of your ancestors becomes predominant in their meddling. The first time you gain this effect each day, roll [[/r 1d4]] on the list below to determine which type of ancestor becomes predominant.</p>\n<p>This predominant ancestor guides you to use their preferred type of action, and you get the moderate curse benefit listed for your predominant ancestor in the list below. When you try to use one of the types of actions listed for the other ancestors, you must succeed at a DC 6 flat check. On a failure, you spend the action but gain no effect (though you don't lose the spell if you were Casting a Spell). If your action would take 1 minute or longer, it's long enough that you can overcome the meddling, and you don't need to attempt a flat check.</p>\n<p>During combat or another tense, round-by-round encounter, other ancestors wrestle for control of your actions. When you roll initiative, and then at the end of each of your turns during the encounter, roll [[/r 1d4]] and change your predominant ancestor appropriately. Once the encounter ends, you return to the influence of the ancestor you first rolled for the day.</p>\n<h4>Ancestral Influence</h4>\n<ol>\n<li>Martial Ancestor\n<ul>\n<li><strong>Preferred action</strong> Strikes</li>\n</ul>\n</li>\n<li>Skillful Ancestor\n<ul>\n<li><strong>Preferred action</strong> Perception and Skill actions</li>\n<li><strong>Moderate curse benefit</strong> You gain a +1 status bonus to skill checks and Perception checks.</li>\n</ul>\n</li>\n<li>Spellcasting Ancestor\n<ul>\n<li><strong>Preferred action</strong> Cast a Spell</li>\n</ul>\n</li>\n<li>You choose which ancestor guides your actions</li>\n</ol>\n<hr />\n<p><em>Note: You need to apply the flat check when using another ancestor's preferred action manually. The remaining effects are applied automatically.</em></p>"
		},
		{
			"id": "Effect: Moderate Spellcasting Ancestor Curse",
			"name": "Effect: Moderate Spellcasting Ancestor Curse",
			"description": "<p>One of your ancestors becomes predominant in their meddling. The first time you gain this effect each day, roll [[/r 1d4]] on the list below to determine which type of ancestor becomes predominant.</p>\n<p>This predominant ancestor guides you to use their preferred type of action, and you get the moderate curse benefit listed for your predominant ancestor in the list below. When you try to use one of the types of actions listed for the other ancestors, you must succeed at a DC 6 flat check. On a failure, you spend the action but gain no effect (though you don't lose the spell if you were Casting a Spell). If your action would take 1 minute or longer, it's long enough that you can overcome the meddling, and you don't need to attempt a flat check.</p>\n<p>During combat or another tense, round-by-round encounter, other ancestors wrestle for control of your actions. When you roll initiative, and then at the end of each of your turns during the encounter, roll [[/r 1d4]] and change your predominant ancestor appropriately. Once the encounter ends, you return to the influence of the ancestor you first rolled for the day.</p>\n<h4>Ancestral Influence</h4>\n<ol>\n<li>Martial Ancestor\n<ul>\n<li><strong>Preferred action</strong> Strikes</li>\n</ul>\n</li>\n<li>Skillful Ancestor\n<ul>\n<li><strong>Preferred action</strong> Perception and Skill actions</li>\n</ul>\n</li>\n<li>Spellcasting Ancestor\n<ul>\n<li><strong>Preferred action</strong> Cast a Spell</li>\n<li><strong>Moderate curse benefit</strong> Non-cantrip spells without a duration gain a status bonus to their damage and healing equal to the spell's level.</li>\n</ul>\n</li>\n<li>You choose which ancestor guides your actions</li>\n</ol>\n<hr />\n<p><em>Note: You need to apply the effects of this curse manually.</em></p>"
		},
		{
			"id": "Effect: Moderate Tempest Curse",
			"name": "Effect: Moderate Tempest Curse",
			"description": "<p>An aura of a whirling storm whips up in a @Template[type:emanation|distance:10] around you and in your space. The aura puts out small non-magical fires 1 round after they're lit or brought into your aura. The whirling winds impose a -2 circumstance penalty on ranged attack rolls using physical ammunition that target you or originate from you.</p>\n<p>Electrical energy builds up within your storm, turning you into a lightning rod; you gain weakness 5 (or half your level, whichever is greater) to electricity, but torrential rain grants you an equal amount of fire resistance. Electricity spells or effects that have additional effects for a creature wearing or holding metal treat you as though you were wearing metal.</p>\n<hr />\n<p><em>Note: The penalty to ranged attack rolls that you make is applied automatically. You need to apply the remaining effects manually.</em></p>"
		},
		{
			"id": "Effect: Nymph Blood Magic (Self)",
			"name": "Effect: Nymph Blood Magic (Self)",
			"description": "<p>Nymph grace accentuates your movements and distracts your foes, granting you a +1 status bonus to Diplomacy checks for 1 round.</p>"
		},
		{
			"id": "Effect: Nymph Blood Magic (Target)",
			"name": "Effect: Nymph Blood Magic (Target)",
			"description": "<p>Nymph grace accentuates your movements and distracts your foes, imposing a -1 status bonus to Will saves for 1 round.</p>"
		},
		{
			"id": "Effect: Panache",
			"name": "Effect: Panache",
			"description": "<p>You care as much about the way you accomplish something as whether you actually accomplish it in the first place. When you perform an action with particular bravado, you can leverage this moment of verve to perform spectacular, deadly maneuvers. This state of flair is called panache, and you are either in a state of panache or you are not.</p>\n<p>Granted by @Compendium[pf2e.classfeatures.LzYi0OuOoypNb6jd]{Panache}</p>\n<p>Implemented Effects:</p>\n<ul>\n<li>Enables panache property for panache effects</li>\n<li>Sets token effect</li>\n</ul>"
		},
		{
			"id": "Effect: Psychopomp Blood Magic (Self)",
			"name": "Effect: Psychopomp Blood Magic (Self)",
			"description": "<p>The border between life and death becomes blurred to you. You gain a +2 status bonus to Fortitude saving throws for 1 round.</p>"
		},
		{
			"id": "Effect: Rage",
			"name": "Effect: Rage",
			"description": "<p><strong>Requirements</strong> You aren't @Compendium[pf2e.conditionitems.HL2l2VRSaQHu9lUw]{Fatigued} or raging</p>\n<hr />\n<p>You tap into your inner fury and begin raging. You gain a number of temporary Hit Points equal to your level plus your Constitution modifier. This frenzy lasts for 1 minute, until there are no enemies you can perceive, or until you fall @Compendium[pf2e.conditionitems.fBnFDH2MTzgFijKf]{Unconscious}, whichever comes first. You can't voluntarily stop raging. While you are raging:</p>\n<ul>\n<li>You deal 2 additional damage with melee weapons and unarmed attacks. This additional damage is halved if your weapon or unarmed attack is agile.</li>\n<li>You take a -1 penalty to AC.</li>\n<li>You can't use actions with the concentrate trait unless they also have the rage trait. You can @Compendium[pf2e.actionspf2e.BlAOM2X92SI6HMtJ]{Seek} while raging.</li>\n</ul>\n<p>After you stop raging, you lose any remaining temporary Hit Points from Rage, and you can't Rage again for 1 minute.</p>\n<p>Implemented Effects:</p>\n<ul>\n<li>Temporary hitpoint based on level and con mod</li>\n<li>Enables rage property for rage damage</li>\n<li>Sets token effect</li>\n</ul>"
		},
		{
			"id": "Effect: Shadow Blood Magic (Perception)",
			"name": "Effect: Shadow Blood Magic (Perception)",
			"description": "<p>Shadows grow deeper around you or one target, imposing a -1 status penalty to Perception for 1 round.</p>"
		},
		{
			"id": "Effect: Shadow Blood Magic (Stealth)",
			"name": "Effect: Shadow Blood Magic (Stealth)",
			"description": "<p>Shadows grow deeper around you or one target, granting a +1 status bonus to Stealth for 1 round.</p>"
		},
		{
			"id": "Effect: Shield Ally",
			"name": "Effect: Shield Ally",
			"description": "<p>The hardness of your equipped shield increases by 2.</p>"
		},
		{
			"id": "Effect: Tempest Curse",
			"name": "Effect: Tempest Curse",
			"description": ""
		},
		{
			"id": "Effect: Treat Wounds Immunity",
			"name": "Effect: Treat Wounds Immunity",
			"description": "<p>Granted when someone uses @Compendium[pf2e.actionspf2e.1kGNdIIhuglAjIp9]{Treat Wounds} on you, rendering you immune to the effect from that person for the duration.</p>"
		},
		{
			"id": "Effect: Wyrmblessed Blood Magic (Status Bonus - Self)",
			"name": "Effect: Wyrmblessed Blood Magic (Status Bonus - Self)",
			"description": "<p>Draconic might carries in your voice. You gain a +1 status bonus to Intimidation checks for 1 round.</p>"
		},
		{
			"id": "Effect: Wyrmblessed Blood Magic (Status Penalty - Target)",
			"name": "Effect: Wyrmblessed Blood Magic (Status Penalty - Target)",
			"description": "<p>Draconic might carries in your voice. A target takes a -1 status penalty to Will saves for 1 round.</p>"
		},
		{
			"id": "Stance: Arcane Cascade",
			"name": "Stance: Arcane Cascade",
			"description": "<p><strong>Requirements</strong> You used your most recent action to Cast a Spell or make a Spellstrike.</p>\n<hr />\n<p>You divert a portion of the spell's magical power and keep it cycling through your body and weapon using specialized forms, breathing, or footwork. While you're in the stance, your melee Strikes deal [[/r {1}]]{1 extra damage}. This damage increases to 2 if you have weapon specialization and 3 if you have greater weapon specialization. Any Strike that benefits from this damage gains the arcane trait, making it magical.</p>\n<p>If your most recent spell before entering the stance was one that can deal damage, the damage from the stance is the same type that spell could deal (or one type of your choice if the spell could deal multiple types of damage). If the spell couldn't deal damage, this stance's bonus damage depends on the spell's school.</p>\n<ul>\n<li><strong>Abjuration</strong> or <strong>Evocation</strong> force</li>\n<li><strong>Conjuration</strong> or <strong>Transmutation</strong> same type as your weapon or unarmed attack</li>\n<li><strong>Divination</strong>, <strong>Enchantment</strong>, or <strong>Illusion</strong> mental</li>\n<li><strong>Necromancy</strong> negative</li>\n</ul>"
		}
	]
}