{
	"label": "Quest for the Frozen Flame",
	"entries": [
		{
			"id": "Abyss-warped Trees",
			"name": "Abyss-warped Trees"
		},
		{
			"id": "Acid Strongbox Trap",
			"name": "Acid Strongbox Trap"
		},
		{
			"id": "Animated Blade",
			"name": "Animated Blade"
		},
		{
			"id": "Arboreal Tar Tree",
			"name": "Arboreal Tar Tree"
		},
		{
			"id": "Ardissa Prendergant",
			"name": "Ardissa Prendergant"
		},
		{
			"id": "Ardissa's Porter",
			"name": "Ardissa's Porter"
		},
		{
			"id": "Ashen Swale",
			"name": "Ashen Swale"
		},
		{
			"id": "Azi",
			"name": "Azi"
		},
		{
			"id": "Bargott",
			"name": "Bargott"
		},
		{
			"id": "Beaver",
			"name": "Beaver"
		},
		{
			"id": "Bone Warrior",
			"name": "Bone Warrior"
		},
		{
			"id": "Burnbearer",
			"name": "Burnbearer"
		},
		{
			"id": "Burning Mammoth Commandos",
			"name": "Burning Mammoth Commandos"
		},
		{
			"id": "Burning Mammoth Hunter",
			"name": "Burning Mammoth Hunter"
		},
		{
			"id": "Burning Mammoth Longshield",
			"name": "Burning Mammoth Longshield"
		},
		{
			"id": "Burning Mammoth Reaver",
			"name": "Burning Mammoth Reaver"
		},
		{
			"id": "Cairn Wight (G4)",
			"name": "Cairn Wight (G4)"
		},
		{
			"id": "Calcifda",
			"name": "Calcifda"
		},
		{
			"id": "Castoroides",
			"name": "Castoroides"
		},
		{
			"id": "Cave-in",
			"name": "Cave-in"
		},
		{
			"id": "Corrupted Elder Tree",
			"name": "Corrupted Elder Tree"
		},
		{
			"id": "Crawling Hand Swarm",
			"name": "Crawling Hand Swarm"
		},
		{
			"id": "Death's Slumber Ward",
			"name": "Death's Slumber Ward"
		},
		{
			"id": "Desiak",
			"name": "Desiak"
		},
		{
			"id": "Elk",
			"name": "Elk"
		},
		{
			"id": "Everburning Mammoths",
			"name": "Everburning Mammoths"
		},
		{
			"id": "Falling Stalactites",
			"name": "Falling Stalactites"
		},
		{
			"id": "Fiendish Arboreal",
			"name": "Fiendish Arboreal"
		},
		{
			"id": "Final Flight",
			"name": "Final Flight"
		},
		{
			"id": "Footsteps Of Legends",
			"name": "Footsteps Of Legends"
		},
		{
			"id": "Forest Fire",
			"name": "Forest Fire"
		},
		{
			"id": "Gathganara",
			"name": "Gathganara"
		},
		{
			"id": "Giant Tapir",
			"name": "Giant Tapir"
		},
		{
			"id": "Giant Tapir (Snared)",
			"name": "Giant Tapir (Snared)"
		},
		{
			"id": "Glyptodon",
			"name": "Glyptodon"
		},
		{
			"id": "Graylok Ambushers",
			"name": "Graylok Ambushers"
		},
		{
			"id": "Graylok Artillerists",
			"name": "Graylok Artillerists"
		},
		{
			"id": "Graylok Gatebreakers",
			"name": "Graylok Gatebreakers"
		},
		{
			"id": "Groplit",
			"name": "Groplit"
		},
		{
			"id": "Hail of Razor Stones",
			"name": "Hail of Razor Stones"
		},
		{
			"id": "Hall Of Fiery Doom",
			"name": "Hall Of Fiery Doom"
		},
		{
			"id": "Hegremon",
			"name": "Hegremon"
		},
		{
			"id": "Hobji",
			"name": "Hobji"
		},
		{
			"id": "Idovik",
			"name": "Idovik"
		},
		{
			"id": "Ivarsa",
			"name": "Ivarsa"
		},
		{
			"id": "Jesseri The Hailstorm",
			"name": "Jesseri The Hailstorm"
		},
		{
			"id": "Kadlaka",
			"name": "Kadlaka"
		},
		{
			"id": "Lagofir",
			"name": "Lagofir"
		},
		{
			"id": "Loblobi",
			"name": "Loblobi"
		},
		{
			"id": "Lomok",
			"name": "Lomok"
		},
		{
			"id": "Long-horned Bison",
			"name": "Long-horned Bison"
		},
		{
			"id": "Long-horned Bison Beheaded",
			"name": "Long-horned Bison Beheaded"
		},
		{
			"id": "Megaloceros",
			"name": "Megaloceros"
		},
		{
			"id": "Methane Flue",
			"name": "Methane Flue"
		},
		{
			"id": "Metuak",
			"name": "Metuak"
		},
		{
			"id": "Necrohusk",
			"name": "Necrohusk"
		},
		{
			"id": "Oil Explosion",
			"name": "Oil Explosion"
		},
		{
			"id": "Pakano",
			"name": "Pakano"
		},
		{
			"id": "Pakano (Level 12)",
			"name": "Pakano (Level 12)"
		},
		{
			"id": "Pouncing Tiger Haunt",
			"name": "Pouncing Tiger Haunt"
		},
		{
			"id": "Punishing Altar",
			"name": "Punishing Altar"
		},
		{
			"id": "Rhino Warriors",
			"name": "Rhino Warriors"
		},
		{
			"id": "Rime Sludge",
			"name": "Rime Sludge"
		},
		{
			"id": "Rockfall Ceiling",
			"name": "Rockfall Ceiling"
		},
		{
			"id": "Roru",
			"name": "Roru"
		},
		{
			"id": "Shattering Rune",
			"name": "Shattering Rune"
		},
		{
			"id": "Skeletal Woolly Rhinoceros",
			"name": "Skeletal Woolly Rhinoceros"
		},
		{
			"id": "Soul Draining Cage",
			"name": "Soul Draining Cage"
		},
		{
			"id": "Spectral Archers",
			"name": "Spectral Archers"
		},
		{
			"id": "Summer Hora",
			"name": "Summer Hora"
		},
		{
			"id": "Summer Hora Queen",
			"name": "Summer Hora Queen"
		},
		{
			"id": "Syarstik Painted-Tiger",
			"name": "Syarstik Painted-Tiger"
		},
		{
			"id": "Tar Ooze",
			"name": "Tar Ooze"
		},
		{
			"id": "Tar Pit",
			"name": "Tar Pit"
		},
		{
			"id": "Tar Zombie Mammoth",
			"name": "Tar Zombie Mammoth"
		},
		{
			"id": "Tar Zombie Predator",
			"name": "Tar Zombie Predator"
		},
		{
			"id": "Tar Zombie Snatcher",
			"name": "Tar Zombie Snatcher"
		},
		{
			"id": "Throttled Blindheim",
			"name": "Throttled Blindheim"
		},
		{
			"id": "Turkek",
			"name": "Turkek"
		},
		{
			"id": "Varilyn \"Vare\" Eridge",
			"name": "Varilyn \"Vare\" Eridge"
		},
		{
			"id": "Venexus",
			"name": "Venexus"
		},
		{
			"id": "Venexus's Wyrmling",
			"name": "Venexus's Wyrmling"
		},
		{
			"id": "Venexus’s Chosen",
			"name": "Venexus’s Chosen"
		},
		{
			"id": "Weykoward",
			"name": "Weykoward"
		},
		{
			"id": "Yana No-trail",
			"name": "Yana No-trail"
		},
		{
			"id": "Zombie Mammoths",
			"name": "Zombie Mammoths"
		},
		{
			"id": "Zombie Megaloceros",
			"name": "Zombie Megaloceros"
		}
	]
}