{
	"label": "Condiciones",
	"entries": [
		{
			"id": "Blinded",
			"name": "Cegado",
			"description": "<p>No puedes ver. Todo el terreno normal es terreno difícil para ti. No puedes detectar nada utilizando la vista. Fallas automáticamente y de forma crítica las pruebas de Percepción que requieren ser capaz de ver y, si la vista es tu único sentido preciso, sufres un penalizador -4 por estatus a las pruebas de Percepción. Eres inmune a los efectos visuales. Cegado prevalece sobre  @Compendium[pf2e.conditionitems.TkIyaNPgTZFBCCuh]{deslumbrado}.</p>"
		},
		{
			"id": "Broken",
			"name": "Roto",
			"description": "<p>El de roto es un estado que afecta a los objetos. Un objeto está roto cuando el daño ha reducido sus Puntos de Golpe a una cifra igual o menor que su Umbral de rotura. Un objeto roto no puede utilizarse para su función normal, ni concede bonificadores, con la excepción de la armadura. Una armadura rota sigue concediendo su bonificador por objeto a la CA, pero también impone un penalizador por estatus a la CA dependiendo de su categoría: -1 para una armadura ligera rota, -2 para una armadura intermedia rota o -3 para una armadura pesada rota. </p>\n<p>Un objeto roto sigue imponiendo los penalizadores y limitadores en los que normalmente se incurre por transportarlo, sostenerlo o llevarlo puesto. Por ejemplo, una armadura rota seguiría imponiendo su límite al modificador por Destreza, su penalizador a las pruebas y así sucesivamente.</p>\n<p>Si un efecto hace que un objeto quede automáticamente roto y éste tiene más PG que su Umbral de rotura, dicho efecto también reduce los PG actuales del objeto al Umbral de rotura.</p>"
		},
		{
			"id": "Clumsy",
			"name": "Torpe",
			"description": "<p>Tus movimientos se vuelven torpes e inexactos. Torpe incluye siempre un valor. Sufres un penalizador por estatus igual al valor del estado a las pruebas y a las CD basadas en la Destreza, incluyendo la CA, las salvaciones de Reflejos, las tiradas de ataque a distancia y las pruebas de habilidad que utilizan Acrobacias, Sigilo y Latrocinio.</p>"
		},
		{
			"id": "Concealed",
			"name": "Oculto",
			"description": "<p>Mientras estas oculto de una criatura, como por ejemplo en una niebla espesa, es difícil que dicha criatura te vea. Sigues pudiendo ser  @Compendium[pf2e.conditionitems.1wQY3JYyhMYeeV2G]{observado}, pero eres más difícil de acertar. La criatura de la que estás oculto debe tener éxito en una prueba @Check[type:flat|cd:5] para designarte como objetivo de un ataque, conjuro u otro efecto. Los efectos de área no están sujetos a esta prueba plana. Si la prueba falla, el ataque, conjuro o efecto no te afecta.</p>"
		},
		{
			"id": "Confused",
			"name": "Confuso",
			"description": "<p>No estás alerta, y atacas de forma incontrolada. Estás  @Compendium[pf2e.conditionitems.AJh5ex99aV6VTggg]{desprevenido}, no tratas a nadie como aliado (aunque los demás podrían seguirte tratando a ti como aliado suyo) y no puedes Retrasar, Preparar o utilizar reacciones.</p>\n<p>Puedes utilizar todas tus acciones para Golpear o lanzar trucos ofensivos, aunque el DJ podría hacer que utilizaras las otras acciones para facilitar el ataque, como por ejemplo desenvainar un arma, moverte para poner a un objetivo dentro de tu alcance, etc. Tus objetivos son determinados aleatoriamente por el DJ. Si no tienes otros objetivos viables, te designas a ti mismo como objetivo, impactando automáticamente, pero sin conseguir un impacto crítico. Si te es imposible atacar o lanzar conjuros, balbuceas de forma incoherente, malgastando tus acciones.</p>\n<p>Cada vez que sufres daño debido a un ataque o conjuro, puedes hacer una prueba plana CD 11 para recuperarte de tu confusión y acabar con el estado.</p>"
		},
		{
			"id": "Controlled",
			"name": "Controlado",
			"description": "<p>Otra persona toma decisiones por ti, por lo general debido a que estás siendo comandado o dominado mágicamente. El controlador dicta cómo actúas y puede hacer que utilices cualquiera de tus acciones, incluyendo ataques, reacciones o incluso  @Compendium[pf2e.actionspf2e.A72nHGUtNXgY5Ey9]{retrasar}. Por lo general, el controlador no tiene que invertir sus propias acciones cuando te contr</p>"
		},
		{
			"id": "Dazzled",
			"name": "Deslumbrado",
			"description": "<p>Tus ojos han sido sobreestimulados. Si la vista es tu único sentido preciso, todas las criaturas y objetos están @Compendium[pf2e.conditionitems.DmAIPqOBomZ7H95W]{escondidos} de tí.</p>"
		},
		{
			"id": "Deafened",
			"name": "Ensordecido",
			"description": "<p>No puedes oír. Fallas críticamente de forma automática las pruebas de Percepción que requieren la capacidad de oír. Sufres un penalizador -2 por estatus a las pruebas de Percepción para la iniciativa y para toda prueba que implica sonido pero que también se basa en otros sentidos. Si llevas a cabo una acción con el rasgo auditivo, debes tener éxito en una prueba plana <strong>DC 5</strong> o la acción se pierde; haz la prueba una vez invertida la acción, pero antes de aplicar ningún efecto. Eres inmune a los efectos auditivos.</p>"
		},
		{
			"id": "Doomed",
			"name": "Condenado",
			"description": "<p>Una poderosa fuerza ha aferrado tu alma, llevándote a las puertas de la muerte. Condenado incluye siempre un valor. El valor de @Compendium[pf2e.conditionitems.yZRUzMqrMmfLu0V1]{moribundo} al que mueres se ve reducido en la misma cantidad que tu valor de condenado. Si tu valor máximo de moribundo queda reducido a 0, mueres instantáneamente. Cuando mueres, dejas de estar condenado.</p>\n<p>Tu valor de condenado disminuye en 1 cada vez que consigues descansar una noche completa.</p>"
		},
		{
			"id": "Drained",
			"name": "Drenado",
			"description": "<p>Cuando una criatura drena con éxito tu sangre o tu fuerza vital, tu salud se reduce. Drenado incluye siempre un valor. Sufres un penalizador por estatus igual a tu valor de drenado a las pruebas basadas en la Constitución, como por ejemplo las salvaciones de Fortaleza. También pierdes tantos Puntos de Golpe como tu nivel (mínimo 1) multiplicado por el valor de drenado, y tus Puntos de Golpe máximos se reducen en la misma cantidad. Por ejemplo, si eres víctima de un efecto que inflige drenado 3 y eres un personaje de 3er Nivel, pierdes 9 Puntos de Golpe y reduces en 9 tus Puntos de Golpe máximos. Perder estos Puntos de Golpe no cuenta como sufrir daño.</p>\n<p>Cada vez que consigues descansar una noche completa, tu valor de drenado disminuye en 1. Esto incrementa tus Puntos de Golpe máximos, pero no recuperas de inmediato los Puntos de Golpe perdidos.</p>"
		},
		{
			"id": "Dying",
			"name": "Moribundo",
			"description": "<p>Estás sangrando o de alguna otra manera a las puertas de la muerte. Mientras te encuentras en este estado, estás @Compendium[pf2e.conditionitems.fBnFDH2MTzgFijKf]{inconsciente}. Moribundo siempre incluye un valor y si alguna vez llegas a moribundo 4, mueres. Si estás moribundo, debes hacer una prueba de recuperación al inicio de tu turno cada asalto para determinar si mejoras o empeoras. Tu estado de moribundo se incrementa en 1 si sufres daño mientras estás en él, o en 2 si sufres daño debido a un impacto crítico de un enemigo o a un fallo crítico en tu salvación.</p>\n<p>Si pierdes el estado moribundo teniendo éxito en una prueba de recuperación y aún estás a 0 Puntos de Golpe, permaneces inconsciente, pero puedes despertarte tal y como se describe en dicho estado. Pierdes automáticamente el estado de moribundo y despiertas si en algún momento tienes 1 Punto de Golpe o más. En cualquier momento en el que pierdas el estado de moribundo, obtendrás el estado @Compendium[pf2e.conditionitems.Yl48xTdMh3aeQYL2]{herido 1} condition, o incrementarás en 1 tu estado de herido si ya lo tenías.</p>"
		},
		{
			"id": "Encumbered",
			"name": "Impedido",
			"description": "<p>Llevas más peso del que puedes acarrear. Mientras estás impedido, estás @Compendium[pf2e.conditionitems.i3OJZU2nk64Df3xm]{torpe 1} y sufres un penalizador -10 pies (-3 m) a todas tus velocidades. Igual que con todos los penalizadores a tu Velocidad, este estado no puede reducirla por debajo de 5 pies (1,5 m).</p>"
		},
		{
			"id": "Enfeebled",
			"name": "Debilitado",
			"description": "<p>Tu capacidad física se ha reducido. Debilitado incluye siempre un valor. Cuando estás debilitado, sufres un penalizador por estatus igual al valor del estado a las tiradas y CD basadas en la Fuerza, incluyendo las tiradas de ataque cuerpo a cuerpo basadas en la Fuerza, las tiradas de daño basadas en la Fuerza y las pruebas de Atletismo. </p>"
		},
		{
			"id": "Fascinated",
			"name": "Fascinado",
			"description": "<p>Te ves obligado a centrar tu atención en algo, lo que te distrae de todo lo demás que sucede a tu alrededor. Sufres un penalizador -2 por estatus a la Percepción y a las pruebas de habilidad, y no puedes utilizar acciones con el rasgo concentrar si ellas mismas o las consecuencias que pretenden no están relacionadas con el sujeto de tu fascinación (a determinar por el DJ). Por ejemplo, podrías ser capaz de @Compendium[pf2e.actionspf2e.BlAOM2X92SI6HMtJ]{buscar} y @Compendium[pf2e.actionspf2e.1OagaWtBpVXExToo]{Recordar conocimiento} acerca del sujeto, pero probablemente no podrías lanzar un conjuro designando como objetivo a una criatura diferente. Este estado se acaba si una criatura emprende acciones hostiles contra ti o cualquiera de tus aliados.</p>"
		},
		{
			"id": "Fatigued",
			"name": "Fatigado",
			"description": "<p>Estas cansado y no puedes reunir mucha energía. Sufres un penalizador -1 por estatus a la CA y a las tiradas de salvación. Mientras exploras, no puedes elegir una actividad de exploración.</p>\n<p>Te recuperas de la fatiga después de una noche completa de descanso.</p>"
		},
		{
			"id": "Flat-Footed",
			"name": "Desprevenido",
			"description": "<p>Estás distraído o de alguna otra forma eres incapaz de centrar tu atención completa en la defensa. Sufres un penalizador -2 por circunstancia a la CA. Algunos efectos te imponen el estado desprevenido sólo ante determinadas criaturas o contra determinados ataques. Otros (especialmente algunos estados) te pueden dejar desprevenido de forma universal contra todo. Si una regla no específica que el estado tan sólo se aplica a determinadas circunstancias, se aplica a todas ellas; por ejemplo, muchos efectos simplemente indican \"el objetivo queda desprevenido\".</p>"
		},
		{
			"id": "Fleeing",
			"name": "Huyendo",
			"description": "<p>Te ves obligado a huir debido al miedo o alguna otra compulsión. En tu turno, debes invertir todas tus acciones intentando huir del origen del estado de la forma más expeditiva posible (como utilizar acciones de movimiento para huir, o abrir puertas que te impiden la huida). El origen suele ser el efecto o lanzador que ha impuesto el estado, aunque algunos efectos podrían definir alguna otra cosa como origen. No puedes @Compendium[pf2e.actionspf2e.A72nHGUtNXgY5Ey9]{Retrasar} o @Compendium[pf2e.actionspf2e.dLgAMt3TbkmLkUqE]{Preparar} mientras huyes.</p>"
		},
		{
			"id": "Friendly",
			"name": "Amistoso",
			"description": "<p>Este estado refleja la disposición de una criatura hacia un personaje en particular, y sólo efectos sobrenaturales (como un conjuro) pueden imponerlo a un PJ. A una criatura amistosa hacia un personaje le gusta dicho personaje. El personaje puede @Compendium[pf2e.actionspf2e.DCb62iCBrJXy0Ik6]{hacer una petición} a una criatura amistosa, siendo probable que esté de acuerdo si se trata de una petición sencilla y segura que no le cuesta mucho cumplir. Si el personaje o uno de sus aliados emprende acciones hostiles contra la criatura, a ésta se le impone un estado de actitud peor dependiendo de la gravedad de la acción hostil, a determinar por el DJ.</p>"
		},
		{
			"id": "Frightened",
			"name": "Asustado",
			"description": "<p>Eres presa del pánico y luchas para controlar tus nervios. El estado asustado siempre incluye un valor. Sufres un penalizador por estatus igual a este valor a todas tus pruebas y CD. Si no se indica lo contrario, al final de cada uno de tus turnos, el valor de tu estado asustado disminuye en 1.</p>"
		},
		{
			"id": "Grabbed",
			"name": "Agarrado",
			"description": "<p>Otra criatura te mantiene fijo en tu lugar, lo que te impone los estados @Compendium[pf2e.conditionitems.AJh5ex99aV6VTggg]{desprevenido} e @Compendium[pf2e.conditionitems.eIcWbB5o3pP6OIMe]{inmovilizado} conditions. Si llevas a cabo una acción con el rasgo manipular, debes tener éxito en una prueba @Check[type:flat|dc:5] o la acción se pierde; haz la prueba una vez invertida la acción, pero antes de aplicar ningún efecto.</p>"
		},
		{
			"id": "Helpful",
			"name": "Solícito",
			"description": "<p>Este estado refleja la disposición de una criatura hacia un personaje en particular, y sólo efectos sobrenaturales (como un conjuro) pueden imponerlo a un PJ. Una criatura solícita hacia un personaje desea ayudarle activamente. Aceptará @Compendium[pf2e.actionspf2e.DCb62iCBrJXy0Ik6]{peticiones} razonables del mismo, si dichas peticiones no entran en conflicto con los objetivos o la calidad de vida de la criatura solícita. Si el personaje o uno de sus aliados emprende acciones hostiles contra la criatura, a ésta se le impone un estado de actitud peor dependiendo de la gravedad de la acción hostil, a determinar por el DJ.</p>"
		},
		{
			"id": "Hidden",
			"name": "Escondido",
			"description": "<p>Mientras estás escondido de una criatura, dicha criatura conoce el espacio en el que estás, pero no puede determinar con precisión dónde. Lo normal es que te escondas utilizando Sigilo o @Compendium[pf2e.actionspf2e.XMcnh4cSI32tljXa]{esconderse}. Cuando estás @Compendium[pf2e.actionspf2e.BlAOM2X92SI6HMtJ]{buscando} a una criatura utilizando tan sólo sentidos imprecisos, está escondida en lugar de  @Compendium[pf2e.conditionitems.1wQY3JYyhMYeeV2G]{observada}. La criatura de la que estás escondido está @Compendium[pf2e.conditionitems.AJh5ex99aV6VTggg]{desprevenida} ante ti y debe tener éxito en una @Check[type:flat|dc:11] para designarte como objetivo de un ataque, conjuro u otro efecto, o no consigue afectarte. Los efectos de área no están sujetos a esta prueba plana.</p>\n<p>Una criatura podría ser capaz de utilizar la acción Buscar para intentar observarte.</p>"
		},
		{
			"id": "Hostile",
			"name": "Hostil",
			"description": "<p>Este estado refleja la disposición de una criatura hacia un personaje en particular, y sólo efectos sobrenaturales (como un conjuro) pueden imponerlo a un PJ. Una criatura hostil a un personaje busca activamente dañarle. No necesariamente le atacará, pero no aceptará @Compendium[pf2e.actionspf2e.DCb62iCBrJXy0Ik6]{petición} alguna del personaje.</p>"
		},
		{
			"id": "Immobilized",
			"name": "Inmovilizado",
			"description": "<p>No puedes utilizar ninguna acción con el rasgo movimiento. Si estás inmovilizado porque algo te mantiene fijo en un lugar y una fuerza externa te sacaría de tu espacio, dicha fuerza debe tener éxito en una prueba, o bien contra la CD del efecto que te mantiene en tu lugar o bien contra la defensa relevante (por lo general la CD de Fortaleza) del monstruo que te mantiene en tu lugar.</p>"
		},
		{
			"id": "Indifferent",
			"name": "Indiferente",
			"description": "<p>Este estado refleja la disposición de una criatura hacia un personaje en particular, y sólo efectos sobrenaturales (como un conjuro) pueden imponerlo a un PJ. A una criatura indiferente ante un personaje no le preocupa éste en modo alguno. Si no se indica lo contrario, supón que la actitud de una criatura hacia un personaje determinado es indiferente.</p>"
		},
		{
			"id": "Invisible",
			"name": "Invisible",
			"description": "<p>Cuando eres invisible nadie te puede ver. Estás @Compendium[pf2e.conditionitems.VRSef5y1LmL2Hkjf]{no detectado} para todo el mundo. Las criaturas pueden @Compendium[pf2e.actionspf2e.BlAOM2X92SI6HMtJ]{buscar} para intentar detectarte; si una criatura tiene éxito en su prueba de Percepción contra tu CD de Sigilo, quedas @Compendium[pf2e.conditionitems.iU0fEDdBp3rXpTMC]{escondido} ante dicha criatura hasta que te @Compendium[pf2e.actionspf2e.VMozDqMMuK5kpoX4]{muevas furtivamente} para quedar de nuevo no detectado. Si te haces invisible cuando alguien puede verte, empiezas escondido para el observador (en lugar de no detectado) hasta que te Mueves furtivamente con éxito. No puedes ser @Compendium[pf2e.conditionitems.1wQY3JYyhMYeeV2G]{observado} mientras eres invisible excepto mediante aptitudes especiales o magia.</p>"
		},
		{
			"id": "Observed",
			"name": "Observado",
			"description": "<p>Cualquier cosa a plena vista está observada por ti. Si una criatura toma medidas para evitar la detección, como por ejemplo utilizar el Sigilo para @Compendium[pf2e.actionspf2e.XMcnh4cSI32tljXa]{esconderse}, para pasar a estar @Compendium[pf2e.conditionitems.iU0fEDdBp3rXpTMC]{escondida} o @Compendium[pf2e.conditionitems.VRSef5y1LmL2Hkjf]{no detectada} en lugar de observada. Si tienes otro sentido preciso en lugar de la vista o además de ella, podrías poder observar a una criatura u objeto utilizando en su lugar dicho sentido. Tan sólo puedes observar a una criatura mediante sentidos precisos. Cuando estás @Compendium[pf2e.actionspf2e.BlAOM2X92SI6HMtJ]{buscando} a una criatura utilizando tan sólo sentidos imprecisos, está escondida en lugar de observada.</p>"
		},
		{
			"id": "Paralyzed",
			"name": "Paralizado",
			"description": "<p>Tu cuerpo está congelado en un lugar. Sufres el estado @Compendium[pf2e.conditionitems.AJh5ex99aV6VTggg]{desprevenido} y no puedes actuar excepto para @Compendium[pf2e.actionspf2e.1OagaWtBpVXExToo]{Recordar conocimiento} y utilizar acciones que requieren tan sólo el uso de la mente determinar por el DJ). Tus sentidos siguen funcionando, pero sólo en las áreas que puedes percibir sin mover tu cuerpo, por lo que no puedes (a @Compendium[pf2e.actionspf2e.BlAOM2X92SI6HMtJ]{buscar} estando paralizado.</p>"
		},
		{
			"id": "Persistent Damage",
			"name": "Daño persistente",
			"description": "<p>El daño persistente procede de efectos como el ácido, estar ardiendo o muchas otras situaciones. Aparece como \"X daño persistente [tipo]\" dónde \"X\" es la cantidad de daño infligido y \"[tipo]\" es el tipo de daño. En lugar de sufrir de inmediato el daño persistente, lo sufres al final de cada uno de tus turnos si tienes el estado, tirando cada vez de nuevo cualquier dado de daño. Después de sufrir daño persistente, haz una prueba @Check[type:flat|dc:15] para ver si te recuperas del mismo. Si tienes éxito, el estado se acaba.</p>"
		},
		{
			"id": "Petrified",
			"name": "Petrificado",
			"description": "<p>Te han convertido en piedra. No puedes actuar ni sentir nada. Te conviertes en un objeto con una Impedimenta del doble de la normal, (típicamente 12 para una criatura petrificada Mediana o 6 para una criatura petrificada Pequeña), CA 9, Dureza 8 y los mismos Puntos de Golpe actuales (NdT: no los máximos) que tenías cuando estabas vivo. No tienes Umbral de rotura. Cuando vuelves a la carne, tienes el mismo número de Puntos de Golpe que tenías como estatua. Si la estatua queda destruida, mueres de inmediato. Mientras estás petrificado, tu mente y tu cuerpo están en estasis, por lo que no envejeces ni te das cuenta del paso del tiempo.</p>"
		},
		{
			"id": "Prone",
			"name": "Tumbado",
			"description": "<p>Estás tendido en el suelo. Estas @Compendium[pf2e.conditionitems.AJh5ex99aV6VTggg]{desprevenido} y sufres un penalizador -2 por circunstancia a las tiradas de ataque. Las únicas acciones de movimiento que puedes utilizar cuando estás tumbado son @Compendium[pf2e.actionspf2e.Tj055UcNm6UEgtCg]{gatear} y @Compendium[pf2e.actionspf2e.OdIUybJ3ddfL7wzj]{ponerse de pie}. Ponerte de pie acaba con el estado tumbado. Puedes @Compendium[pf2e.actionspf2e.ust1jJSCZQUhBZIz]{ponerte a cubierto} mientras estás tumbado para ponerte en cuclillas y obtener cobertura mayor contra los ataques a distancia, incluso si no tienes ningún objeto tras el que parapetarte, obteniendo un bonificador +4 por circunstancia a tu CA contra los ataques a distancia (pero sigues desprevenido).</p>\n<p>Si algo te haría quedar tumbado cuando estás @Compendium[pf2e.actionspf2e.pprgrYQ1QnIDGZiy]{trepando} o @Compendium[pf2e.actionspf2e.cS9nfDRGD83bNU1p]{volando}, caes al suelo. No puedes quedar tumbado mientras estás @Compendium[pf2e.actionspf2e.c8TGiZ48ygoSPofx]{nadando}.</p>"
		},
		{
			"id": "Quickened",
			"name": "Acelerado",
			"description": "<p>Obtienes 1 acción adicional al inicio de tu turno en cada asalto. Muchos efectos que te aceleran especifican el tipo de acciones a las que puedes aplicar esta acción adicional. Si te aceleras debido a orígenes múltiples, puedes utilizar la acción adicional que se te ha concedido para cualquier acción individual permitida por cualquiera de los efectos que te han acelerado. Como quiera que acelerado surte efecto al inicio de tu turno, no obtienes acciones de inmediato si te aceleras durante tu turno.</p>"
		},
		{
			"id": "Restrained",
			"name": "Neutralizado",
			"description": "<p>Estás atado y apenas te puedes mover, o una criatura te tiene inmovilizado. Sufres los estados @Compendium[pf2e.conditionitems.AJh5ex99aV6VTggg]{desprevenido} e @Compendium[pf2e.conditionitems.eIcWbB5o3pP6OIMe]{inmovilizado} y no puedes utilizar una acción con los rasgos ataque o manipular excepto para intentar @Compendium[pf2e.actionspf2e.SkZAQRkLLkmBQNB9]{huir} o @Compendium[pf2e.actionspf2e.SjmKHgI7a5Z9JzBx]{abrir por la fuerza} tus ataduras. Neutralizado prevalece sobre @Compendium[pf2e.conditionitems.kWc1fhmv9LBiTuei]{agarrado}.</p>"
		},
		{
			"id": "Sickened",
			"name": "Indispuesto",
			"description": "<p>Te sientes mal. Indispuesto siempre incluye un valor. Sufres un penalizador por estatus igual a este valor a todas tus pruebas y CD. Mientras estás indispuesto no puedes ingerir nada de forma voluntaria, incluyendo elixires y pociones.</p>\n<p>Puedes invertir una sola acción vomitando en un intento de recuperarte, lo que te permite hacer de inmediato una salvación de Fortaleza contra la CD del efecto que te ha dejado indispuesto. Con un éxito, reduces en 1 tu valor de indispuesto o en 2 con un éxito crítico).</p>"
		},
		{
			"id": "Slowed",
			"name": "Lentificado",
			"description": "<p>Tienes menos acciones. Lentificado incluye siempre un valor. Cuando recuperas tus acciones al inicio de tu turno, resta del número de acciones que recuperas tu valor de lentificado. Como quiera que lentificado surte efecto al inicio de tu turno, no pierdes acciones de inmediato si te lentifican durante tu turno.</p>"
		},
		{
			"id": "Stunned",
			"name": "Aturdido",
			"description": "<p>Has perdido el control de tus sentidos. Mientras estás aturdido no puedes actuar. Aturdido suele incluir un valor, que indica cuantas acciones pierdes en total, posiblemente a lo largo de turnos múltiples, debido a estar aturdido. Cada vez que recuperas acciones (como por ejemplo al inicio de tu turno), resta del número que recuperas tu valor de aturdido, y después reduce tu valor de aturdido en el número de acciones perdidas. Por ejemplo, si estás aturdido 4, pierdes las 3 acciones de tu turno, lo que te reduce a aturdido 1; en tu siguiente turno, perderías 1 acción más, y después podrías utilizar de forma normal las 2 acciones restantes. Aturdido puede también tener una duración en lugar de un valor, como por ejemplo \"aturdido durante 1 minuto.\" En ese caso, pierdes todas tus acciones durante el tiempo indicado.</p>\n<p>Aturdido prevalece sobre @Compendium[pf2e.conditionitems.xYTAsEpcJE1Ccni3]{lentificado}. Si la duración de tu estado de aturdido se acaba mientras estás lentificado, cuentas las acciones perdidas debido al estado de aturdido también como las perdidas por estar lentificado. Así, si al inicio de tu turno estabas aturdido 1 y lentificado 2, perderías 1 acción de aturdido y después sólo perderías 1 acción más por estar lentificado, por lo que aún te quedaría 1 acción que utilizar en dicho turno.</p>"
		},
		{
			"id": "Stupefied",
			"name": "Anodadado",
			"description": "<p>Tus pensamientos y tus instintos están nublados. Anonadado siempre incluye un valor. Sufres un penalizador por estatus igual a este valor a las pruebas y las CD basadas en la Inteligencia, la Sabiduría y el Carisma, incluyendo las salvaciones de Voluntad, las tiradas de ataque de conjuro, las CD de conjuro y las pruebas de habilidad que utilizan estas puntuaciones de característica. Cada vez que intentas @Compendium[pf2e.actionspf2e.aBQ8ajvEBByv45yz]{lanzar un conjuro} mientras estás anonadado, queda disipado si no tienes éxito en una prueba plana con una CD igual a 5 + tu valor de anonadado.</p>"
		},
		{
			"id": "Unconscious",
			"name": "Inconsciente",
			"description": "<p>Estas dormido, o te han noqueado. No puedes actuar. Sufres un penalizador -4 por estatus a la CA, la Percepción y las salvaciones de Reflejos y los estados @Compendium[pf2e.conditionitems.XgEqL1kFApUbl5Z2]{cegado} y @Compendium[pf2e.conditionitems.AJh5ex99aV6VTggg]{desprevenido}. Cuando sufres este estado, caes @Compendium[pf2e.conditionitems.j91X7x0XSomq8d60]{tumbado} y dejas caer los objetos que sostienes o empuñas si el efecto no indica lo contrario o el DJ no determina que estás en una posición que no te lo permite.</p>\n<p>Si estás inconsciente porque estás @Compendium[pf2e.conditionitems.yZRUzMqrMmfLu0V1]{moribundo}, no podrás despertar mientras estés a 0 Puntos de Golpe. Si se te devuelve a 1 Punto de Golpe o más mediante la curación, pierdes los estados moribundo e inconsciente y puedes actuar normalmente en tu siguiente turno.</p>\n<p>Si estás inconsciente y a 0 Puntos de Golpe, pero no moribundo, vuelves de forma natural a 1 Punto de Golpe y despiertas una vez ha transcurrido el tiempo suficiente. El DJ es quien determina el tiempo que permaneces inconsciente, desde un mínimo de 10 minutos hasta varias horas. Si durante ese tiempo se te administra curación, pierdes el estado inconsciente y puedes actuar normalmente en tu siguiente turno.</p>\n<p>Si estás inconsciente y tienes más de 1 Punto de Golpe (típicamente porque estás dormido o inconsciente debido a un efecto), te despiertas de una de las siguientes formas. Todas ellas hacen que pierdas el estado inconsciente.</p>\n<ul>\n<li>Sufres daño, si éste no te reduce a 0 Puntos de Golpe. Si el daño te reduce a 0 Puntos de Golpe, permaneces inconsciente y sufres el estado moribundo de la forma habitual.</li>\n<li>Obtienes curación, diferente a la curación natural que obtienes debido al descanso.</li>\n<li>Alguien te mueve para despertarte mediante una acción de @Compendium[pf2e.actionspf2e.pvQ5rY2zrtPI614F]{interactuar}.</li>\n<li>Hay mucho ruido a tu alrededor, aunque esto no es automático. Al inicio de tu turno, haces automáticamente una prueba de Percepción contra la CD del ruido (o la CD más baja si hay más de uno), despertando si tienes éxito. Si hay criaturas intentando no hacer ruido a tu alrededor, esta prueba de Percepción utiliza su CD de Sigilo. Algunos efectos mágicos te hacen dormir de forma tan profunda que no se te permite hacer esta prueba de Percepción.</li>\n<li>Si simplemente estás dormido, el DJ decide que despiertas, o bien porque has tenido una noche de sueño reparador, o bien porque algo ha interrumpido tu descanso.</li>\n</ul>"
		},
		{
			"id": "Undetected",
			"name": "No detectado",
			"description": "<p>Cuando no has sido detectado por una criatura, dicha criatura no puede verte, no tiene idea alguna del espacio que ocupas y no puede designarte como objetivo, aunque sigues pudiendo verte afectado por aptitudes con efecto de área. Cuando no has sido detectado por una criatura, dicha criatura está @Compendium[pf2e.conditionitems.AJh5ex99aV6VTggg]{desprevenido} ante tí.</p>\n<p>Una criatura que no te ha detectado puede adivinar en qué casilla estás para intentar designarte como objetivo. Debe elegir una casilla y hacer un ataque. Esto funciona igual que designar como objetivo a una criatura escondida (y requiere una prueba @Check[type:flat|dc:11] pero la prueba plana y la tirada de ataque las tira en secreto el DJ, que no revela si el ataque falla debido a fallar la prueba plana, a fallar la tirada de ataque o a elegir la casilla equivocada.</p>\n<p>Una criatura puede utilizar la acción de @Compendium[pf2e.actionspf2e.BlAOM2X92SI6HMtJ]{Buscar} para intentar encontrarte.</p>"
		},
		{
			"id": "Unfriendly",
			"name": "Malintencionado",
			"description": "<p>Este estado refleja la disposición de una criatura hacia un personaje en particular, y sólo efectos sobrenaturales (como un conjuro) pueden imponerlo a un PJ. A una criatura malintencionada hacia un personaje no le gusta éste y desconfía específicamente de él. La criatura malintencionada no aceptará @Compendium[pf2e.actionspf2e.DCb62iCBrJXy0Ik6]{peticiones} del personaje.</p>"
		},
		{
			"id": "Unnoticed",
			"name": "Inadvertido",
			"description": "<p>Si estás inadvertido por parte de una criatura, dicha criatura no tiene ni idea de que estás presente. Cuando estás @Compendium[pf2e.conditionitems.VRSef5y1LmL2Hkjf]{inadvertido} estás también no detectado por parte de dicha criatura. Este estado importa para las aptitudes que tan solo se pueden utilizar contra objetivos totalmente ignorantes de tu presencia.</p>"
		},
		{
			"id": "Wounded",
			"name": "Herido",
			"description": "<p>Has sufrido una herida grave. Si pierdes el estado @Compendium[pf2e.conditionitems.yZRUzMqrMmfLu0V1]{moribundo} y no tienes ya el de herido, sufres herido 1. Si ya tienes el estado herido cuando pierdes el estado de moribundo, el valor de tu estado de herido se incrementa en 1. Si sufres el estado moribundo cuando estás herido, incrementa el valor de tu estado de moribundo en tu valor de herido.</p>\n<p>El estado herido acaba si alguien te restablece con éxito Puntos de Golpe mediante @Compendium[pf2e.actionspf2e.1kGNdIIhuglAjIp9]{Tratar heridas}, o bien si te restablecen a tus Puntos de Golpe completos y descansas durante 10 minutos.</p>"
		}
	]
}