{
	"label": "Lost Omens: Mwangi Expanse",
	"entries": [
		{
			"id": "Aigamuxa",
			"name": "Aigamuxa"
		},
		{
			"id": "Anadi Elder",
			"name": "Anadi Elder"
		},
		{
			"id": "Anadi Hunter",
			"name": "Anadi Hunter"
		},
		{
			"id": "Anadi Sage",
			"name": "Anadi Sage"
		},
		{
			"id": "Asanbosam",
			"name": "Asanbosam"
		},
		{
			"id": "Biloko Veteran",
			"name": "Biloko Veteran"
		},
		{
			"id": "Biloko Warrior",
			"name": "Biloko Warrior"
		},
		{
			"id": "Charau-ka Acolyte of Angazhan",
			"name": "Charau-ka Acolyte of Angazhan"
		},
		{
			"id": "Charau-ka Butcher",
			"name": "Charau-ka Butcher"
		},
		{
			"id": "Charau-ka Warrior",
			"name": "Charau-ka Warrior"
		},
		{
			"id": "Eloko",
			"name": "Eloko"
		},
		{
			"id": "Grootslang",
			"name": "Grootslang"
		},
		{
			"id": "K'nonna",
			"name": "K'nonna"
		},
		{
			"id": "Kaava Stalker",
			"name": "Kaava Stalker"
		},
		{
			"id": "Karina",
			"name": "Karina"
		},
		{
			"id": "Maliadi",
			"name": "Maliadi"
		},
		{
			"id": "Mamlambo",
			"name": "Mamlambo"
		},
		{
			"id": "Pygmy Kaava",
			"name": "Pygmy Kaava"
		},
		{
			"id": "Rompo",
			"name": "Rompo"
		},
		{
			"id": "Sié Goluo",
			"name": "Sié Goluo"
		},
		{
			"id": "Solar Ibis",
			"name": "Solar Ibis"
		},
		{
			"id": "Zinba",
			"name": "Zinba"
		}
	]
}