{
	"label": "Rollable Tables",
	"entries": [
		{
			"id": "10th-Level Consumables Items",
			"name": "10th-Level Consumables Items",
			"description": "Table of 10th-Level Consumables Items"
		},
		{
			"id": "10th-Level Permanent Items",
			"name": "10th-Level Permanent Items",
			"description": "Table of 10th-Level Permanent Items"
		},
		{
			"id": "11th-Level Consumables Items",
			"name": "11th-Level Consumables Items",
			"description": "Table of 11th-Level Consumables Items"
		},
		{
			"id": "11th-Level Permanent Items",
			"name": "11th-Level Permanent Items",
			"description": "Table of 11th-Level Permanent Items"
		},
		{
			"id": "12th-Level Consumables Items",
			"name": "12th-Level Consumables Items",
			"description": "Table of 12th-Level Consumables Items"
		},
		{
			"id": "12th-Level Permanent Items",
			"name": "12th-Level Permanent Items",
			"description": "Table of 12th-Level Permanent Items"
		},
		{
			"id": "13th-Level Consumables Items",
			"name": "13th-Level Consumables Items",
			"description": "Table of 13th-Level Consumables Items"
		},
		{
			"id": "13th-Level Permanent Items",
			"name": "13th-Level Permanent Items",
			"description": "Table of 13th-Level Permanent Items"
		},
		{
			"id": "14th-Level Consumables Items",
			"name": "14th-Level Consumables Items",
			"description": "Table of 14th-Level Consumables Items"
		},
		{
			"id": "14th-Level Permanent Items",
			"name": "14th-Level Permanent Items",
			"description": "Table of 14th-Level Permanent Items"
		},
		{
			"id": "15th-Level Consumables Items",
			"name": "15th-Level Consumables Items",
			"description": "Table of 15th-Level Consumables Items"
		},
		{
			"id": "15th-Level Permanent Items",
			"name": "15th-Level Permanent Items",
			"description": "Table of 15th-Level Permanent Items"
		},
		{
			"id": "16th-Level Consumables Items",
			"name": "16th-Level Consumables Items",
			"description": "Table of 16th-Level Consumables Items"
		},
		{
			"id": "16th-Level Permanent Items",
			"name": "16th-Level Permanent Items",
			"description": "Table of 16th-Level Permanent Items"
		},
		{
			"id": "17th-Level Consumables Items",
			"name": "17th-Level Consumables Items",
			"description": "Table of 17th-Level Consumables Items"
		},
		{
			"id": "17th-Level Permanent Items",
			"name": "17th-Level Permanent Items",
			"description": "Table of 17th-Level Permanent Items"
		},
		{
			"id": "18th-Level Consumables",
			"name": "18th-Level Consumables",
			"description": "Table of 18th-Level Consumables Items"
		},
		{
			"id": "18th-Level Permanent Items",
			"name": "18th-Level Permanent Items",
			"description": "Table of 18th-Level Permanent Items"
		},
		{
			"id": "19th-Level Consumables Items",
			"name": "19th-Level Consumables Items",
			"description": "Table of 19th-Level Consumables Items"
		},
		{
			"id": "19th-Level Permanent Items",
			"name": "19th-Level Permanent Items",
			"description": "Table of 19th-Level Permanent Items"
		},
		{
			"id": "1st-Level Consumables",
			"name": "1st-Level Consumables",
			"description": "Table of 1st-Level Consumables"
		},
		{
			"id": "1st-Level Permanent Items",
			"name": "1st-Level Permanent Items",
			"description": "Table of 1st-Level Permanent Items"
		},
		{
			"id": "20th-Level Consumable Items",
			"name": "20th-Level Consumable Items",
			"description": "Table of 20th-Level Consumables Items"
		},
		{
			"id": "20th-Level Permanent Items",
			"name": "20th-Level Permanent Items",
			"description": "Table of 20th-Level Permanent Items"
		},
		{
			"id": "2nd-Level Consumables",
			"name": "2nd-Level Consumables",
			"description": "Table of 2nd-Level Consumables"
		},
		{
			"id": "2nd-Level Permanent Items",
			"name": "2nd-Level Permanent Items",
			"description": "Table of 2nd-Level Permanent Items"
		},
		{
			"id": "3rd-Level Consumables",
			"name": "3rd-Level Consumables",
			"description": "Table of 3rd-Level Consumables"
		},
		{
			"id": "3rd-Level Permanent Items",
			"name": "3rd-Level Permanent Items",
			"description": "Table of 3rd-Level Permanent Items"
		},
		{
			"id": "4th-Level Consumables Items",
			"name": "4th-Level Consumables Items",
			"description": "Table of 4th-Level Consumables Items"
		},
		{
			"id": "4th-Level Permanent Items",
			"name": "4th-Level Permanent Items",
			"description": "Table of 4th-Level Permanent Items"
		},
		{
			"id": "5th-Level Consumables Items",
			"name": "5th-Level Consumables Items",
			"description": "Table of 5th-Level Consumables Items"
		},
		{
			"id": "5th-Level Permanent Items",
			"name": "5th-Level Permanent Items",
			"description": "Table of 5th-Level Permanent Items"
		},
		{
			"id": "6th-Level Consumables Items",
			"name": "6th-Level Consumables Items",
			"description": "Table of 6th-Level Consumables Items"
		},
		{
			"id": "6th-Level Permanent Items",
			"name": "6th-Level Permanent Items",
			"description": "Table of 6th-Level Permanent Items"
		},
		{
			"id": "7th-Level Consumables Items",
			"name": "7th-Level Consumables Items",
			"description": "Table of 7th-Level Consumables Items"
		},
		{
			"id": "7th-Level Permanent Items",
			"name": "7th-Level Permanent Items",
			"description": "Table of 7th-Level Permanent Items"
		},
		{
			"id": "8th-Level Consumables Items",
			"name": "8th-Level Consumables Items",
			"description": "Table of 8th-Level Consumables Items"
		},
		{
			"id": "8th-Level Permanent Items",
			"name": "8th-Level Permanent Items",
			"description": "Table of 8th-Level Permanent Items"
		},
		{
			"id": "9th-Level Consumables Items",
			"name": "9th-Level Consumables Items",
			"description": "Table of 9th-Level Consumables Items"
		},
		{
			"id": "9th-Level Permanent Items",
			"name": "9th-Level Permanent Items",
			"description": "Table of 9th-Level Permanent Items"
		},
		{
			"id": "Challenging Relationship",
			"name": "Challenging Relationship",
			"description": "Table of Inspiring Relationship"
		},
		{
			"id": "Critical Fumble Deck",
			"name": "Critical Fumble Deck",
			"description": "Table for Critical Fumble Cards"
		},
		{
			"id": "Critical Hit Deck",
			"name": "Critical Hit Deck",
			"description": "Table for Critical Hit Cards"
		},
		{
			"id": "Deck of Illusions Cards",
			"name": "Deck of Illusions Cards",
			"description": "Potential illusions drawn randomly from the deck. The card is destroyed on use."
		},
		{
			"id": "Deck of Many Things",
			"name": "Deck of Many Things",
			"description": "These 22 cards of heavy vellum, usually stored in a box or a pouch, bear images or glyphs depicting symbols of magical power. Looking at a card without activating it shows the card face but has no magical effect. Once the deck is face down, the cards randomize themselves-if you look at the top card multiple times, you may find it changes. Any card removed from the deck goes missing after a few seconds, reappearing in the deck. "
		},
		{
			"id": "Deities, Faiths and Philosophies",
			"name": "Deities, Faiths and Philosophies",
			"description": "Table of Deities, Faiths and Philosophies"
		},
		{
			"id": "Dwarf Female First Names",
			"name": "Dwarf Female First Names",
			"description": "A d50 table of dwarf female first names"
		},
		{
			"id": "Dwarf Male First Names",
			"name": "Dwarf Male First Names",
			"description": "A d50 table of dwarf male first names"
		},
		{
			"id": "Forest Dangers",
			"name": "Forest Dangers"
		},
		{
			"id": "Greater Art Object",
			"name": "Greater Art Object",
			"description": "Table of Greater Art Objects"
		},
		{
			"id": "Greater Precious Stones",
			"name": "Greater Precious Stones",
			"description": "Table of Greater Precious Stones"
		},
		{
			"id": "Greater Semiprecious Stones",
			"name": "Greater Semiprecious Stones",
			"description": "Table of Greater Semiprecious Stones"
		},
		{
			"id": "Hero Point Deck",
			"name": "Hero Point Deck",
			"description": "Table for Hero Point Cards"
		},
		{
			"id": "Hills Dangers",
			"name": "Hills Dangers"
		},
		{
			"id": "Homeland",
			"name": "Homeland",
			"description": "Table of Homeland\nFor a dwarf, subtract 3; For an elf, add 2; For a Goblin, subtract 4. For non CRB ancestries the GM determines the modifier."
		},
		{
			"id": "Human Family Names",
			"name": "Human Family Names",
			"description": "A d50 table of human family names"
		},
		{
			"id": "Human Female First Names",
			"name": "Human Female First Names",
			"description": "A d100 table of human female first names"
		},
		{
			"id": "Human Male First Names",
			"name": "Human Male First Names",
			"description": "A d100 table of human male first names"
		},
		{
			"id": "Influential Associate",
			"name": "Influential Associate",
			"description": "Table of Influential Associates"
		},
		{
			"id": "Inspiring Relationship",
			"name": "Inspiring Relationship",
			"description": "Table of Inspiring Relationship"
		},
		{
			"id": "Lesser Art Object",
			"name": "Lesser Art Object",
			"description": "Table of Lesser Art Objects"
		},
		{
			"id": "Lesser Precious Stones",
			"name": "Lesser Precious Stones",
			"description": "Table of Lesser Precious Stones"
		},
		{
			"id": "Lesser Semiprecious Stones",
			"name": "Lesser Semiprecious Stones",
			"description": "Table of Lesser Semiprecious Stones"
		},
		{
			"id": "Major Art Object",
			"name": "Major Art Object",
			"description": "Table of Major Art Objects"
		},
		{
			"id": "Major Childhood Event",
			"name": "Major Childhood Event",
			"description": "Table of Major Childhood Events"
		},
		{
			"id": "Minor Art Object",
			"name": "Minor Art Object",
			"description": "Table of Minor Art Objects"
		},
		{
			"id": "Moderate Art Object",
			"name": "Moderate Art Object",
			"description": "Table of Moderate Art Objects"
		},
		{
			"id": "Moderate Precious Stones",
			"name": "Moderate Precious Stones",
			"description": "Table of Moderate Precious Stones"
		},
		{
			"id": "Moderate Semiprecious Stones",
			"name": "Moderate Semiprecious Stones",
			"description": "Table of Moderate Semiprecious Stones"
		},
		{
			"id": "Plains Dangers",
			"name": "Plains Dangers"
		},
		{
			"id": "Random Encounter Type",
			"name": "Random Encounter Type",
			"description": "Random Encounter Type Table"
		},
		{
			"id": "Random Terrain Feature",
			"name": "Random Terrain Feature",
			"description": "Table for Random Terrain Feature"
		},
		{
			"id": "Random Terrain Type",
			"name": "Random Terrain Type",
			"description": "Table for Random Terrain Types"
		},
		{
			"id": "Rod of Wonder",
			"name": "Rod of Wonder",
			"description": "This peculiar rod is strange and unpredictable. Each time it is activated, it produces one of a variety of effects at random."
		},
		{
			"id": "Warpwaves",
			"name": "Warpwaves",
			"description": "<p>Many proteans can subject their foes to disorienting alterations perceived in time and space by creating ripples of unstable reality in the environment called warpwaves.</p>\n<p>When a creature fails its saving throw and is affected by a warpwave, roll 1d8 and consult the table below for the specific effect on that creature.</p>\n<p>Unless indicated otherwise, a warpwave effect lasts for [[/br 1d4 #rounds]]{1d4 rounds}, and a new warpwave effect negates any previous warpwave effect already affecting a creature.</p>"
		},
		{
			"id": "Waterways Dangers",
			"name": "Waterways Dangers"
		},
		{
			"id": "Wellspring Surges",
			"name": "Wellspring Surges"
		}
	]
}