{
	"label": "Game Mastery Guide",
	"entries": [
		{
			"id": "Abandoned in a Distant Land",
			"name": "Abandoned in a Distant Land",
			"description": "<p>Due to some mischance (such as wandering off while on a trip or being press-ganged onto a seagoing ship), you had to survive in a distant land for a while.</p>\n<p>Add the @Compendium[pf2e.feats-srd.P9HCz0uR6xPHuw72]{Multilingual} skill feat to your background options</p>"
		},
		{
			"id": "Academic Community",
			"name": "Academic Community",
			"description": "<p>You were raised in or near a university, academy, or other center of learning.</p>\n<p>Add Academia Lore, Genealogy Lore, Library Lore, and Scribing Lore to your background options.</p>"
		},
		{
			"id": "Academy Trained",
			"name": "Academy Trained",
			"description": "<p>You attended an academy where you studied a number of topics and skills. Whether you were a studious pupil or a dropout, the academy was your home for a good portion of your formative years.</p>\n<p>Add the @Compendium[pf2e.feats-srd.BocFD2KV0qgUC76x]{Additional Lore} skill feat to your background options. If you select Additional Lore as your skill feat, instead of becoming trained in Lore, you become trained in your choice of Arcana, Occultism, or Society.</p>"
		},
		{
			"id": "Accidental Fall",
			"name": "Accidental Fall",
			"description": "<p>This character once inadvertently shoved you off a ledge or balcony. You're mostly certain it was a mistake, but the fall was terrifying, and you've resolved to never be caught unaware like that again.</p>\n<p>Add the @Compendium[pf2e.feats-srd.LQw0yIMDUJJkq1nD]{Cat Fall} skill feat to your background options.</p>"
		},
		{
			"id": "Accusation of Theft",
			"name": "Accusation of Theft",
			"description": "<p>You were once secretly certain that this character stole a cherished valuable from you. You were determined to steal it back, until you learned that this character wasn't in fact to blame and you'd only misplaced the item.</p>\n<p>Add the @Compendium[pf2e.feats-srd.jDdOqFmZLwE4dblQ]{Pickpocket} skill feat to your background options.</p>"
		},
		{
			"id": "Animal Helpers",
			"name": "Animal Helpers",
			"description": "<p>When you and this character were younger, you worked together to nurse sick animals back to health.</p>\n<p>Add the @Compendium[pf2e.feats-srd.nowEaHgIyij7im8F]{Train Animal} skill feat to your background options</p>"
		},
		{
			"id": "Another Ancestry's Settlement",
			"name": "Another Ancestry's Settlement",
			"description": "<p>Randomly determine another common ancestry; you grew up surrounded by that ancestry. Reroll on this table (with a modifier for the new ancestry, if applicable) to determine the type of community in which you grew up (for example, if your gnome grew up among dwarves and rolls a 3, they grew up underground).</p>\n<p>Add the @Compendium[pf2e.feats-srd.ihN8gkHSdPG9Trte]{Adopted Ancestry} feat and the Lore skill related to your adopted ancestry (such as Dwarf Lore) to your background options. If you select this feat instead of a skill feat, you aren't trained in a background skill.</p>"
		},
		{
			"id": "Attained a Magical Gift",
			"name": "Attained a Magical Gift",
			"description": "<p>When you were a child, you found, stole, or were given a magic item that gave you an extraordinary ability.</p>\n<p>Add the @Compendium[pf2e.feats-srd.blMeVamjGz4ODWxq]{Arcane Sense} skill feat to your background options.</p>"
		},
		{
			"id": "Balance",
			"name": "Balance",
			"description": "<p>Your alignment changes to a radically different one. If you fail to adhere to that alignment, you lose a level and all the benefits you gained at that level. Your XP total doesn't change when you lose a level this way.</p>"
		},
		{
			"id": "Betrayed",
			"name": "Betrayed",
			"description": "<p>A friend or family member whom you trusted more than anyone else betrayed you.</p>\n<p>Add the @Compendium[pf2e.feats-srd.Dvz54d6aPhjsmUux]{Lie To Me} skill feat to your background options.</p>"
		},
		{
			"id": "Bullied",
			"name": "Bullied",
			"description": "<p>In your early life, you were often picked on. The callousness of bullies sharpened your resolve to stand up for yourself and others.</p>\n<p>Add the @Compendium[pf2e.feats-srd.xQMz6eDgX75WX2ce]{Intimidating Glare} skill feat to your background options</p>"
		},
		{
			"id": "Called Before Judges",
			"name": "Called Before Judges",
			"description": "<p>Information provided by this character-either intentionally or inadvertently given-required you to justify yourself in front of a group of bureaucrats or magistrates.</p>\n<p>Add the @Compendium[pf2e.feats-srd.KpFetnUqTiweypZk]{Group Impression} skill feat to your background options.</p>"
		},
		{
			"id": "Captured by Giants",
			"name": "Captured by Giants",
			"description": "<p>You were captured by marauding giants and fought your way free.</p>\n<p>Add the @Compendium[pf2e.feats-srd.KxaYlC50zzHysJj8]{Titan Wrestler} skill feat to your background options</p>"
		},
		{
			"id": "Claimed an Inheritance",
			"name": "Claimed an Inheritance",
			"description": "<p>You were bequeathed great wealth or property at an early age. You retained some of it; add a piece of common adventuring gear worth 15 gp or less to your background options. If you select it instead of a skill feat, you are trained in Society.</p>"
		},
		{
			"id": "Coastal Community",
			"name": "Coastal Community",
			"description": "<p>You grew up along a wide river, in a wetland, beside an ocean, or on an island.</p>\n<p>Add Fishing Lore, Sailing Lore, and Lore of a specific type of sea creature (such as Shark Lore) to your background options</p>"
		},
		{
			"id": "Comet",
			"name": "Comet",
			"description": "<p>If you alone defeat the next low-threat or harder hostile enemy or enemies you encounter, you gain enough XP to reach the next level. Otherwise, you gain no benefit.</p>"
		},
		{
			"id": "Comrade-in-Arms",
			"name": "Comrade-in-Arms",
			"description": "<p>You and this character were once comrades in military service, and you trained yourself and this character to improve your physical fitness.</p>\n<p>Add the @Compendium[pf2e.feats-srd.W6Gl9ePmItfDHji0]{Assurance} skill feat for Athletics to your background options</p>"
		},
		{
			"id": "Cosmopolitan City",
			"name": "Cosmopolitan City",
			"description": "<p>You were raised in a community where no single ancestry predominated. This might have created tensions, but the community might also have pulled together from diverse foundations.</p>\n<p>Add Art Lore, Guild Lore, Legal Lore, and Underworld Lore to your background options</p>"
		},
		{
			"id": "Desperate Intimidation",
			"name": "Desperate Intimidation",
			"description": "<p>You had to frighten off pirates or slavers looking to capture you and this character.</p>\n<p>Add the @Compendium[pf2e.feats-srd.gUqvezs2zzoTXFAI]{Group Coercion} skill feat to your background options.</p>"
		},
		{
			"id": "Died",
			"name": "Died",
			"description": "<p>You died or came so close that you walked the boundary between life and death.</p>\n<p>Add the @Compendium[pf2e.feats-srd.I0BhPWqYf1bbzEYg]{Diehard} feat to your background options. If you select it instead of a skill feat, you aren't trained in a background skill.</p>"
		},
		{
			"id": "Donjon",
			"name": "Donjon",
			"description": "<p>You're imprisoned by a 10th-level <em>@Compendium[pf2e.spells-srd.2CNqkt2s2IYkVnv6]{Imprisonment}</em> ritual. This uses the prison option, typically sequestering you in a distant part of the world. You also lose all your items. Cease drawing cards.</p>"
		},
		{
			"id": "Dullard",
			"name": "Dullard",
			"description": "<p>Immediately reduce your Intelligence score by [[/r {1d4+1} #Dullard Intelligence Decrease]]{1d4+1}. You can then draw an additional card, and the Dullard card then disappears forever.</p>"
		},
		{
			"id": "Euryale (curse)",
			"name": "Euryale (curse)",
			"description": "<p>A medusa's image curses you with a permanent -1 status penalty to all saving throws. This can be removed by only a deity or @Compendium[pf2e.equipment-effects.8ersuvNJXX00XaIQ]{Effect: Euryale (Curse) Card}</p>"
		},
		{
			"id": "Fell In with a Bad Crowd",
			"name": "Fell In with a Bad Crowd",
			"description": "<p>In your youth, you ran with a criminal element: a gang, thieves' guild, or similar organization.</p>\n<p>Add the @Compendium[pf2e.feats-srd.t3btih0O5RUwWynt]{Experienced Smuggler} skill feat to your background options.</p>"
		},
		{
			"id": "Flames",
			"name": "Flames",
			"description": "<p>A fiend becomes filled with anger, jealousy, envy, or some other reason to despise you. Its hatred for you doesn't cease until either it or you is dead. It attacks you or otherwise attempts to foil you within [[/r 1d20 #days]]{1d20 days}. The GM determines the specifics of the fiend.</p>"
		},
		{
			"id": "Fool",
			"name": "Fool",
			"description": "<p>You lose [[/r 1d10*100 #XP]]{1d10*100 XP} unless you choose to draw two more cards.</p>"
		},
		{
			"id": "Front Lines",
			"name": "Front Lines",
			"description": "<p>You grew up in a homeland torn by war. Even if you didn't personally participate, it was never far away.</p>\n<p>Add Heraldry Lore, Scouting Lore, and Warfare Lore to your background options.</p>"
		},
		{
			"id": "Frontier",
			"name": "Frontier",
			"description": "<p>You grew up at the edge of a settled region. This might have been isolated hills if you are a dwarf, a ranch or farm if you are a human, or another similar frontier.</p>\n<p>Add Farming Lore, Fishing Lore, Hunting Lore, Scouting Lore, and Lore pertaining to a type of creature that threatened your homeland regularly (such as Giant Lore) to your background options</p>"
		},
		{
			"id": "Gem",
			"name": "Gem",
			"description": "<p>Gain your choice of 25 pieces of jewelry worth 200 gp each or 50 gems worth 100 gp each.</p>"
		},
		{
			"id": "Had an Ordinary Childhood",
			"name": "Had an Ordinary Childhood",
			"description": "<p>Your childhood was fairly ordinary, with no major catastrophe-a stark contrast to most adventurers.</p>\n<p>Add the @Compendium[pf2e.feats-srd.W6Gl9ePmItfDHji0]{Assurance} skill feat for a skill of your choice to your background options</p>"
		},
		{
			"id": "Had Your First Kill",
			"name": "Had Your First Kill",
			"description": "<p>You've had blood on your hands since your youth, when you first took the life of another. You still have the weapon you used for the deed; add a common weapon worth 15 gp or less to your background options. If you select this option instead of a skill feat, you are trained in Athletics.</p>"
		},
		{
			"id": "Homelessness",
			"name": "Homelessness",
			"description": "<p>At a time when you were both living on the streets, you taught this character valuable pointers to survive.</p>\n<p>Add the @Compendium[pf2e.feats-srd.X2jGFfLU5qI5XVot]{Streetwise} skill feat to your background options</p>"
		},
		{
			"id": "Itinerant",
			"name": "Itinerant",
			"description": "<p>You never had a single place to call home. You might have been part of a nomadic caravan, a traveling group of entertainers, or a smuggling ring.</p>\n<p>Add Circus Lore, Fortune-Telling Lore, Games Lore, Labor Lore, and Underworld Lore to your background options.</p>"
		},
		{
			"id": "Jester",
			"name": "Jester",
			"description": "<p>You can either draw two more cards or gain [[/r 1d10*100 #XP]]{1d10*100 XP}. The card then disappears forever.</p>"
		},
		{
			"id": "Key",
			"name": "Key",
			"description": "<p>Gain a magic weapon of 12th level or higher. The GM determines the item and what runes it has, if any.</p>"
		},
		{
			"id": "Kidnapped",
			"name": "Kidnapped",
			"description": "<p>You were kidnapped at some point in your childhood and had to escape, perhaps by pirates, slavers, a cult, or someone else.</p>\n<p>Add the @Compendium[pf2e.feats-srd.3G8xUlgCjRmRJNfP]{Quick Squeeze} skill feat to your background options.</p>"
		},
		{
			"id": "Kindly Witch",
			"name": "Kindly Witch",
			"description": "<p>This character connected you to a kindly but reclusive person who was living at the edge of civilization but had expansive knowledge to share.</p>\n<p>Add the @Compendium[pf2e.feats-srd.WC4xLBGmBsdOdHWu]{Natural Medicine} skill feat to your background options.</p>"
		},
		{
			"id": "Knight",
			"name": "Knight",
			"description": "<p>A @Compendium[pf2e.npc-gallery.B13dyXTo1xWVyj2R]{Palace Guard} arrives and swears unfailing loyalty to you.</p>"
		},
		{
			"id": "Liberators",
			"name": "Liberators",
			"description": "<p>You and this character worked together to free some captives-including one of your friends or relatives-from a gang of slavers.</p>\n<p>Add the @Compendium[pf2e.feats-srd.HEBXaS656MZTiWFu]{Lengthy Diversion} skill feat to your background options.</p>"
		},
		{
			"id": "Lost in the Wilderness",
			"name": "Lost in the Wilderness",
			"description": "<p>Whether lured to the wilderness by a malevolent force or simply lost, you had to survive on your own for a while. Add the @Compendium[pf2e.feats-srd.tGIXuk0XeWmG04CX]{Survey Wildlife} skill feat to your background options.</p>"
		},
		{
			"id": "Magician",
			"name": "Magician",
			"description": "<p>This character supported your brief dalliance with stage magic, which you took up as a precursor to learning actual magic or simply to keep your fingers nimble.</p>\n<p>Add the @Compendium[pf2e.feats-srd.hVZbnsDuXihggylt]{Subtle Theft} skill feat to your background options.</p>"
		},
		{
			"id": "Matter of Might",
			"name": "Matter of Might",
			"description": "<p>You have long considered this character your rival in a question of strength. You are determined to prove yourself to be mightier, perhaps by intelligent application of force if you aren't physically imposing.</p>\n<p>Add the @Compendium[pf2e.feats-srd.C0Tcelg3BAPhML6J]{Hefty Hauler} skill feat to your background options.</p>"
		},
		{
			"id": "Mercantile Expertise",
			"name": "Mercantile Expertise",
			"description": "<p>To encourage an employer to hire you instead of this character, you worked hard to demonstrate your keen mercantile sense. It didn't work; the employer hired this character anyway.</p>\n<p>Add the @Compendium[pf2e.feats-srd.5nc5ridFBfYpn2Om]{Bargain Hunter} skill feat to your background options.</p>"
		},
		{
			"id": "Met a Fantastic Creature",
			"name": "Met a Fantastic Creature",
			"description": "<p>When you were a child, you made contact with a magical creature, such as a dragon, unicorn, genie, pixie, or similar creature.</p>\n<p>Add the @Compendium[pf2e.feats-srd.MjQyTcV8Jiv1Jtln]{Recognize Spell} skill feat to your background options.</p>"
		},
		{
			"id": "Metropolis",
			"name": "Metropolis",
			"description": "<p>You grew up in one of the largest cities in the world, such as Absalom or Westcrown.</p>\n<p>Add Architecture Lore, Gladiatorial Lore, Guild Lore, Legal Lore, and Theater Lore to your background options</p>"
		},
		{
			"id": "Missing Child",
			"name": "Missing Child",
			"description": "<p>When a young relative disappeared in a busy market, this character helped you question merchants and shoppers and find the child before they came to any harm.</p>\n<p>Add the @Compendium[pf2e.feats-srd.4RjDxgvNXNl5GG9d]{Hobnobber} skill feat to your background options.</p>"
		},
		{
			"id": "Moon",
			"name": "Moon",
			"description": "<p>Roll [[/r {1d4} #Wishes]]{1d4} to determine how many wishes the card grants you, which also affects the phase of the moon depicted on the card (1: crescent moon; 2: half moon; 3: gibbous moon; 4: full moon). These wishes each take one action to speak and have the effect of a <em>@Compendium[pf2e.spells-srd.6dDtGIUerazSHIOu]{Wish}</em> spell.</p>"
		},
		{
			"id": "Patron of the Arts",
			"name": "Patron of the Arts",
			"description": "<p>This character encouraged you to excel at a type of performance you loved, even going so far as to support you in lean times.</p>\n<p>Add the @Compendium[pf2e.feats-srd.lFwfUvH2708rl6i3]{Virtuosic Performer} skill feat to your background options.</p>"
		},
		{
			"id": "Privileged Position",
			"name": "Privileged Position",
			"description": "<p>You once sought the favor of a powerful spellcaster as a mentor, but this character was plainly the mentor's favorite, no matter how hard you tried.</p>\n<p>Add the @Compendium[pf2e.feats-srd.IlOQuCQIhjJpig3S]{Quick Identification} skill feat to your background options.</p>"
		},
		{
			"id": "Raided",
			"name": "Raided",
			"description": "<p>A horde of raiders attacked your settlement and killed and wounded several of your people. This could have been a band of highway robbers or a conquering army.</p>\n<p>You have a relic from those times; add an armor or shield worth 15 gp or less to your background options. If you select this option instead of a skill feat, you are trained in Medicine.</p>"
		},
		{
			"id": "Relationship Ender",
			"name": "Relationship Ender",
			"description": "<p>You once warned off an admirer seeking this character's affections. You still maintain that the match would have been a poor one and that you did this character a favor.</p>\n<p>Add the @Compendium[pf2e.feats-srd.ar2DUlvDK4LDcH9J]{Quick Coercion} skill feat to your background options.</p>"
		},
		{
			"id": "Religious Community",
			"name": "Religious Community",
			"description": "<p>You were raised in a community of religious scholars, such as the town around an abbey, a remote elven forest shrine, or a dwarven temple-city.</p>\n<p>Add Art Lore, Scribing Lore, Lore about a deity that was the focus or enemy of your community (such as Pharasma Lore), and Lore about a plane (other than the Material Plane) where that deity resides to your background options.</p>"
		},
		{
			"id": "Religious Students",
			"name": "Religious Students",
			"description": "<p>You and this character shared some religious training in the past, even if you didn't stick with it, and you admired their piety.</p>\n<p>Add the @Compendium[pf2e.feats-srd.x7EMZNMavris2aHY]{Student of the Canon} skill feat to your background options</p>"
		},
		{
			"id": "Rival Trackers",
			"name": "Rival Trackers",
			"description": "<p>You and this character worked for a time as rival hunters, whether tracking animals or escaped criminals.</p>\n<p>Add the @Compendium[pf2e.feats-srd.urQZwmzg2kS53vd5]{Experienced Tracker} skill feat to your background options.</p>"
		},
		{
			"id": "Robbed",
			"name": "Robbed",
			"description": "<p>Your family's possessions were stolen, and you vowed to catch the next burglar in the act. Add the @Compendium[pf2e.feats-srd.DMetdzt1VJL2Y62i]{Snare Crafting} skill feat to your background options.</p>"
		},
		{
			"id": "Rogue",
			"name": "Rogue",
			"description": "<p>One NPC ally becomes filled with hatred and immediately turns against you forever. The NPC might keep this hatred secret until an opportune moment.</p>"
		},
		{
			"id": "Ruin",
			"name": "Ruin",
			"description": "<p>You lose all your nonmagical possessions, including any wealth and property.</p>"
		},
		{
			"id": "Seeking Accolades",
			"name": "Seeking Accolades",
			"description": "<p>You never seemed to capture the attention of the crowds at the tavern as easily as this character did, so you worked hard to practice your showmanship.</p>\n<p>Add the @Compendium[pf2e.feats-srd.xqAdXRd2gSQcqp5E]{Impressive Performance} skill feat to your background options.</p>"
		},
		{
			"id": "Simple Village",
			"name": "Simple Village",
			"description": "<p>You were raised in a sleepy village such as a bucolic gnome hamlet, a close-knit human town, or an established goblin fort.</p>\n<p>Add Herbalism Lore, Midwifery Lore, Milling Lore, Tanning Lore, and Lore of a type of food, drink, or product the village was known for producing (such as Alcohol Lore or Wagon Lore) to your background options</p>"
		},
		{
			"id": "Skull",
			"name": "Skull",
			"description": "<p>You must immediately battle a @Compendium[pf2e.pathfinder-bestiary.pkNWilK2pHZ5TDsd]{Lesser Death}. If slain in the battle, you can never be revived, except by a deity.</p>"
		},
		{
			"id": "Slander",
			"name": "Slander",
			"description": "<p>You and this character were rivals for the same person's affections, and you stooped to spreading vicious lies before the whole situation fell apart.</p>\n<p>Add the @Compendium[pf2e.feats-srd.B6HbYsLBWb1RR6Fx]{Charming Liar} skill feat to your background options.</p>"
		},
		{
			"id": "Social Maneuvering",
			"name": "Social Maneuvering",
			"description": "<p>You have always wanted to prove yourself better than this character in a fancy social situation but have yet to decisively do so.</p>\n<p>Add the @Compendium[pf2e.feats-srd.JtjnFsOToBLnSRO9]{Courtly Graces} skill feat to your background options.</p>"
		},
		{
			"id": "Spy",
			"name": "Spy",
			"description": "<p>You spied upon this character in the past, either at the behest of someone else or because of your own suspicions.</p>\n<p>Add the @Compendium[pf2e.feats-srd.yUuU9xyotrpwpTyC]{Read Lips} skill feat to your background options.</p>"
		},
		{
			"id": "Star",
			"name": "Star",
			"description": "<p>Gain an ability boost you must use immediately on one ability score of your choice.</p>"
		},
		{
			"id": "Sun",
			"name": "Sun",
			"description": "<p>Gain 1,000 XP and a beneficial permanent magic item of 6th to 11th level, chosen by the GM.</p>"
		},
		{
			"id": "Survived a Disaster",
			"name": "Survived a Disaster",
			"description": "<p>You witnessed and survived a major disaster in your childhood years-such as a great fire, flood, earthquake, volcano, or storm-by relying on what was at hand.</p>\n<p>Add the @Compendium[pf2e.feats-srd.ASy9AKEIRxPYUi5o]{Quick Repair} skill feat to your background options.</p>"
		},
		{
			"id": "Talons",
			"name": "Talons",
			"description": "<p>All your magic items disappear permanently, except for the deck and any artifact of higher level than the deck.</p>"
		},
		{
			"id": "The Academic",
			"name": "The Academic",
			"description": "<p>One of your associates had a thirst for knowledge that could never be satisfied with simple answers. Through this association, you developed a keen appreciation for numbers, geometry, logic, hard study, and problem-solving.</p>\n<p>Add an Intelligence ability boost to your background options</p>"
		},
		{
			"id": "The Boss",
			"name": "The Boss",
			"description": "<p>You once gained employment under a powerful individual with far-reaching influence. When the boss spoke up, everyone listened. This could have been a military commander, village leader, guild head, or gang boss. From the boss, you learned how to make people listen and keep them in line.</p>\n<p>Add a Charisma ability boost to your background options</p>"
		},
		{
			"id": "The Champion",
			"name": "The Champion",
			"description": "<p>You were close to someone who excelled at athletic endeavors and tests of strength or skill. Through your friendship or rivalry, you developed a competitive spirit that continues to drive you in everything you do.</p>\n<p>Add a Strength ability boost to your background options.</p>"
		},
		{
			"id": "The Confidante",
			"name": "The Confidante",
			"description": "<p>You could tell this person anything. They know your deepest secrets and vulnerabilities just as you know theirs, and thinking critically about another's perspective became second nature to you.</p>\n<p>Add an Intelligence ability boost to your background options.</p>"
		},
		{
			"id": "The Crafter",
			"name": "The Crafter",
			"description": "<p>One of your major influences cherished perfection through art. From this person, you developed a disciplined mind, a solitary focus, and the ability to create something useful and beautiful.</p>\n<p>Add an Intelligence ability boost to your background options</p>"
		},
		{
			"id": "The Criminal",
			"name": "The Criminal",
			"description": "<p>The Criminal One of your associates committed crimes regularly. They regaled you with many stories of daring robberies and break-ins-perhaps even murders. You learned what you know of the criminal element from this friend.</p>\n<p>Add a Dexterity ability boost to your background options</p>"
		},
		{
			"id": "The Dead One",
			"name": "The Dead One",
			"description": "<p>One of your greatest influences was a sapient undead creature, such as a ghost, lich, graveknight, or vampire. Through this strange relationship, you learned of its mortal life, giving you perspective on your own life.</p>\n<p>Add a Constitution ability boost to your background options.</p>"
		},
		{
			"id": "The Fates",
			"name": "The Fates",
			"description": "<p>The Fates respin the fabric of reality to save you from any situation you choose. This can reverse even a past event, and you can make the decision instantly even if the event would slay you. This intervention saves only you, not anyone else affected by the event. There's no limit on how long you can wait before using this effect.</p>"
		},
		{
			"id": "The Fiend",
			"name": "The Fiend",
			"description": "<p>You dealt with, or were possessed by, a fiend who lent you power at a time of great need. Some part of it remains inside you, influencing you toward destructive ends.</p>\n<p>Add a Strength ability boost to your background options</p>"
		},
		{
			"id": "The Fool",
			"name": "The Fool",
			"description": "<p>One of your close associates mocked propriety and custom, engaging in wild and somewhat random actions from time to time. After a while, you learned there was simple wisdom to this foolery-a careless worldview that taught you to cast off concern.</p>\n<p>Add a Wisdom ability boost to your background options.</p>"
		},
		{
			"id": "The Hunter",
			"name": "The Hunter",
			"description": "<p>This person was a lone wolf who cautiously allowed you to become a member of their solitary pack. They taught you how to remain quick and thrive on your own in spite of natural dangers.</p>\n<p>Add a Dexterity ability boost to your background options.</p>"
		},
		{
			"id": "The Liege Lord",
			"name": "The Liege Lord",
			"description": "<p>You became close with someone you were bound to serve, be it an employer, minor lord or lady, or even a king or queen. Though this person held power over you, they held you closer than a subject or servant. As a result, you're used to dealing with and being close to power.</p>\n<p>Add a Charisma ability boost to your background options.</p>"
		},
		{
			"id": "The Lover",
			"name": "The Lover",
			"description": "<p>You had a romantic connection in your past, and this person deeply influenced your personality. Perhaps this was a first love, a casual partner you grew close to, or the one who got away. The experience bolstered your confidence in romantic interactions, even though your thoughts still stray toward that special someone from long ago.</p>\n<p>Add a Charisma ability boost to your background options</p>"
		},
		{
			"id": "The Mentor",
			"name": "The Mentor",
			"description": "<p>You had a mentor who taught you everything worth knowing about life. This could have been the person who taught you your heroic abilities, or simply a kindred spirit who helped form your worldview.</p>\n<p>Add a Constitution ability boost to your background options.</p>"
		},
		{
			"id": "The Mercenary",
			"name": "The Mercenary",
			"description": "<p>With this person, there was always a cost. No deed came without a trade for something of equal or greater value. You respected their cynical but fair dealings, and they influenced your philosophy.</p>\n<p>Add a Strength ability boost to your background options</p>"
		},
		{
			"id": "The Mystic",
			"name": "The Mystic",
			"description": "<p>You were especially close to a holy person in your community who fundamentally changed your life, opening your eyes to the incredible powers that exist beyond the natural world. Regardless of whether you now follow a faith, certain religious artifacts, rituals, and texts played a large part in making you the person you are.</p>\n<p>Add a Wisdom ability boost to your background options.</p>"
		},
		{
			"id": "The Pariah",
			"name": "The Pariah",
			"description": "<p>You met a disgraced exile and found in their words something that spoke to you. What once seemed true in your religion, society, or family began to appear false, and you quickly learned not to trust everyone you meet.</p>\n<p>Add a Wisdom ability boost to your background options.</p>"
		},
		{
			"id": "The Relative",
			"name": "The Relative",
			"description": "<p>You were especially close to a specific relative growing up. To you, this person was the meaning of family. They helped shepherd you into adulthood, teaching you everything you know about the world. You resolutely strive to keep a promise, vow, or oath that you made to them.</p>\n<p>Add a Constitution ability boost to your background options.</p>"
		},
		{
			"id": "The Seer",
			"name": "The Seer",
			"description": "<p>You were close to a person who claimed to see the future-perhaps an oracle, seer, prophet, or merely some festival charlatan. The seer's influence either made you into an optimist with a drive to fulfill that future or a fatalist resigned to accept it.</p>\n<p>Add a Wisdom ability boost to your background options.</p>"
		},
		{
			"id": "The Void",
			"name": "The Void",
			"description": "<p>Your mind becomes trapped forever. This card is fickle, but it often throws the psyche into a prison in an object on a distant plane or planet. <em>@Compendium[pf2e.spells-srd.6dDtGIUerazSHIOu]{Wish}</em> or similarly powerful magic can reveal your psyche's location, but it doesn't bring you back. Your comatose body continues to function. Cease drawing cards.</p>"
		},
		{
			"id": "The Wanderer",
			"name": "The Wanderer",
			"description": "<p>You knew someone who traveled from place to place with the changing of the wind, such as a minstrel, merchant, outcast, mercenary, or sailor. This person brought you wondrous mementos and inspired a wanderlust within you.</p>\n<p>Add a Dexterity ability boost to your background options.</p>"
		},
		{
			"id": "The Well-Connected",
			"name": "The Well-Connected",
			"description": "<p>Friend In your circle of associates, there was someone everyone knew. This person had contacts in every social circle. Through this connection, you continue to meet and associate with a wide variety of people in every walk of life.</p>\n<p>Add a Charisma ability boost to your background options.</p>"
		},
		{
			"id": "Throne",
			"name": "Throne",
			"description": "<p>You gain a permanent +4 status bonus to Diplomacy checks, and you now own a small castle in any open area you wish. You must choose its location within 1 hour.</p>\n<p>@Compendium[pf2e.equipment-effects.Zb8RYgmzCI6fQE0o]{Effect: Throne Card}</p>"
		},
		{
			"id": "Timely Cure",
			"name": "Timely Cure",
			"description": "<p>When a family member of yours was dying and there didn't seem to be much hope, this character brought a simple but effective alchemical cure. You are determined to pay this favor forward.</p>\n<p>Add the @Compendium[pf2e.feats-srd.is3Oz9wt11lNq62K]{Alchemical Crafting} skill feat to your background options.</p>"
		},
		{
			"id": "Trade Town",
			"name": "Trade Town",
			"description": "<p>People frequently passed through your homeland. You might have been raised near a major thoroughfare or crossroads, or in a small trade town.</p>\n<p>Add Accounting Lore, Guild Lore, Mercantile Lore, Stabling Lore, and Lore of a common ancestry (such as Dwarf Lore) to your background options.</p>"
		},
		{
			"id": "Trained by a Mentor",
			"name": "Trained by a Mentor",
			"description": "<p>A mentor or patron took an interest in your development and volunteered to train or sponsor you.</p>\n<p>Add the @Compendium[pf2e.feats-srd.sMm0UfYxEPpq2Yzd]{Experienced Professional} skill feat to your background options.</p>"
		},
		{
			"id": "Underground",
			"name": "Underground",
			"description": "<p>You grew up in a partly or wholly underground region, such as a human mining town, a goblin warren, or a dwarf-held cavern.</p>\n<p>Add Engineering Lore, Labor Lore, and Mining Lore to your background options.</p>"
		},
		{
			"id": "Vizier",
			"name": "Vizier",
			"description": "<p>Upon request, you can learn the solution to any one problem or the correct answer to any one question, unless that information is obscured by a deity. This doesn't necessarily give you the means to act on that solution. You have 1 year to take the vizier's advice or lose its benefits.</p>"
		},
		{
			"id": "Wasteland Survivors",
			"name": "Wasteland Survivors",
			"description": "<p>You and this character were lost in a dangerous wasteland together and depended upon each other for survival; you're still not certain that either of you would have survived the ordeal without the other's aid.</p>\n<p>Add the @Compendium[pf2e.feats-srd.8qebBeOJsyRIchcu]{Forager} skill feat to your background options.</p>"
		},
		{
			"id": "Witnessed War",
			"name": "Witnessed War",
			"description": "<p>You grew up against the backdrop of a major military conflict that affected much of your childhood world.</p>\n<p>Add the @Compendium[pf2e.feats-srd.wYerMk6F1RZb0Fwt]{Battle Medicine} skill feat to your background options.</p>"
		},
		{
			"id": "Won a Competition",
			"name": "Won a Competition",
			"description": "<p>You distinguished yourself at an early age when you won a competition. This might have been a martial contest of arms, a showing of apprentice magicians, high-stakes gambling, or something more mundane, like an eating contest.</p>\n<p>Add the @Compendium[pf2e.feats-srd.7LB00jkh6JaJr3vS]{Fascinating Performance} skill feat to your background options.</p>"
		}
	]
}