{
	"label": "Season 2",
	"entries": [
		{
			"id": "Abyssal Firestorm Surge (7-8)",
			"name": "Abyssal Firestorm Surge (7-8)"
		},
		{
			"id": "Abyssal Firestorm Surge (9-10)",
			"name": "Abyssal Firestorm Surge (9-10)"
		},
		{
			"id": "Abyssal Fungi",
			"name": "Abyssal Fungi"
		},
		{
			"id": "Anatomical Model (1-2)",
			"name": "Anatomical Model (1-2)"
		},
		{
			"id": "Anatomical Model (3-4)",
			"name": "Anatomical Model (3-4)"
		},
		{
			"id": "Ancient Ooze Pit",
			"name": "Ancient Ooze Pit"
		},
		{
			"id": "Animated Guardian",
			"name": "Animated Guardian"
		},
		{
			"id": "Animated Guardian Warrior",
			"name": "Animated Guardian Warrior"
		},
		{
			"id": "Archis Peers (1-2)",
			"name": "Archis Peers (1-2)"
		},
		{
			"id": "Archis Peers (3-4)",
			"name": "Archis Peers (3-4)"
		},
		{
			"id": "Artennod Raike (3-4)",
			"name": "Artennod Raike (3-4)"
		},
		{
			"id": "Artennod Raike (5-6)",
			"name": "Artennod Raike (5-6)"
		},
		{
			"id": "Ash Skeleton (1-2)",
			"name": "Ash Skeleton (1-2)"
		},
		{
			"id": "Ash Skeleton (3-4)",
			"name": "Ash Skeleton (3-4)"
		},
		{
			"id": "Aspis Guard",
			"name": "Aspis Guard"
		},
		{
			"id": "Aspis Veteran Guard",
			"name": "Aspis Veteran Guard"
		},
		{
			"id": "Baron Utomo (3-4)",
			"name": "Baron Utomo (3-4)"
		},
		{
			"id": "Baron Utomo (5-6)",
			"name": "Baron Utomo (5-6)"
		},
		{
			"id": "Barrow Quasit",
			"name": "Barrow Quasit"
		},
		{
			"id": "Blighted Fungus Leshy",
			"name": "Blighted Fungus Leshy"
		},
		{
			"id": "Blighted Leaf Leshy",
			"name": "Blighted Leaf Leshy"
		},
		{
			"id": "Bloodthirsty Razortoothed Shark",
			"name": "Bloodthirsty Razortoothed Shark"
		},
		{
			"id": "Bloody Vortex (3-4)",
			"name": "Bloody Vortex (3-4)",
			"description": ""
		},
		{
			"id": "Bloody Vortex (5-6)",
			"name": "Bloody Vortex (5-6)",
			"description": ""
		},
		{
			"id": "Brittle Ravener Husk",
			"name": "Brittle Ravener Husk"
		},
		{
			"id": "Brittle Skeletal Horse",
			"name": "Brittle Skeletal Horse"
		},
		{
			"id": "Bruorsivi Mandragora",
			"name": "Bruorsivi Mandragora"
		},
		{
			"id": "Burned-Out Efreet",
			"name": "Burned-Out Efreet"
		},
		{
			"id": "Burning Sun Orc (5-6)",
			"name": "Burning Sun Orc (5-6)"
		},
		{
			"id": "Burning Sun Orc (7-8)",
			"name": "Burning Sun Orc (7-8)"
		},
		{
			"id": "Chained Drained Troll",
			"name": "Chained Drained Troll"
		},
		{
			"id": "Chained Troll",
			"name": "Chained Troll"
		},
		{
			"id": "Chaotic Door (1-2)",
			"name": "Chaotic Door (1-2)"
		},
		{
			"id": "Chaotic Door (3-4)",
			"name": "Chaotic Door (3-4)"
		},
		{
			"id": "Charmed Crab",
			"name": "Charmed Crab"
		},
		{
			"id": "Chesjilawa Jadwiga Karina (5-6)",
			"name": "Chesjilawa Jadwiga Karina (5-6)"
		},
		{
			"id": "Chesjilawa Jadwiga Karina (7-8)",
			"name": "Chesjilawa Jadwiga Karina (7-8)"
		},
		{
			"id": "Churning Lava (1-2)",
			"name": "Churning Lava (1-2)"
		},
		{
			"id": "Churning Lava (3-4)",
			"name": "Churning Lava (3-4)"
		},
		{
			"id": "Cobbleswarm (B5)",
			"name": "Cobbleswarm (B5)"
		},
		{
			"id": "Collapsing Cabinet (1-2)",
			"name": "Collapsing Cabinet (1-2)"
		},
		{
			"id": "Collapsing Cabinet (3-4)",
			"name": "Collapsing Cabinet (3-4)"
		},
		{
			"id": "Collapsing Ice",
			"name": "Collapsing Ice"
		},
		{
			"id": "Commoner (PFS 2-13)",
			"name": "Commoner (PFS 2-13)"
		},
		{
			"id": "Corrupted Wildfire (3-4)",
			"name": "Corrupted Wildfire (3-4)"
		},
		{
			"id": "Corrupted Wildfire (5-6)",
			"name": "Corrupted Wildfire (5-6)"
		},
		{
			"id": "Corvius Vayn (5-6)",
			"name": "Corvius Vayn (5-6)"
		},
		{
			"id": "Corvius Vayn (7-8)",
			"name": "Corvius Vayn (7-8)"
		},
		{
			"id": "Crumbling Ravener Husk",
			"name": "Crumbling Ravener Husk"
		},
		{
			"id": "Daughter Of Cocytus Enforcer",
			"name": "Daughter Of Cocytus Enforcer"
		},
		{
			"id": "Daughter of Cocytus Grunt",
			"name": "Daughter of Cocytus Grunt"
		},
		{
			"id": "Daughter of Cocytus Tough",
			"name": "Daughter of Cocytus Tough"
		},
		{
			"id": "Debilitated Bulette",
			"name": "Debilitated Bulette"
		},
		{
			"id": "Demoniac Spirit (7-8)",
			"name": "Demoniac Spirit (7-8)"
		},
		{
			"id": "Demoniac Spirit (9-10)",
			"name": "Demoniac Spirit (9-10)"
		},
		{
			"id": "Demonplague Zombie",
			"name": "Demonplague Zombie"
		},
		{
			"id": "Desiccated Giant Crawling Hand",
			"name": "Desiccated Giant Crawling Hand"
		},
		{
			"id": "Dragon Forest Rot",
			"name": "Dragon Forest Rot"
		},
		{
			"id": "Dragon's Death (1-2)",
			"name": "Dragon's Death (1-2)"
		},
		{
			"id": "Dragon's Death (3-4)",
			"name": "Dragon's Death (3-4)"
		},
		{
			"id": "Draugr Raider",
			"name": "Draugr Raider"
		},
		{
			"id": "Duergar Raider",
			"name": "Duergar Raider"
		},
		{
			"id": "Elite Anatomical Model (3-4)",
			"name": "Elite Anatomical Model (3-4)"
		},
		{
			"id": "Empowered Blood (1-2)",
			"name": "Empowered Blood (1-2)"
		},
		{
			"id": "Empowered Blood (3-4)",
			"name": "Empowered Blood (3-4)"
		},
		{
			"id": "Exploding Skeleton Guard",
			"name": "Exploding Skeleton Guard"
		},
		{
			"id": "Explosive Monolith (3-4)",
			"name": "Explosive Monolith (3-4)"
		},
		{
			"id": "Explosive Monolith (5-6)",
			"name": "Explosive Monolith (5-6)"
		},
		{
			"id": "Famished Mimic",
			"name": "Famished Mimic"
		},
		{
			"id": "Ferocious Zombie Grindylow",
			"name": "Ferocious Zombie Grindylow"
		},
		{
			"id": "Fire-Eye Cyclops Zombie (1-2)",
			"name": "Fire-Eye Cyclops Zombie (1-2)"
		},
		{
			"id": "Fire-Eye Cyclops Zombie (3-4)",
			"name": "Fire-Eye Cyclops Zombie (3-4)"
		},
		{
			"id": "Firestorm Brimorak",
			"name": "Firestorm Brimorak"
		},
		{
			"id": "Flames of Verakivhan (3-4)",
			"name": "Flames of Verakivhan (3-4)"
		},
		{
			"id": "Flames of Verakivhan (5-6)",
			"name": "Flames of Verakivhan (5-6)"
		},
		{
			"id": "Flaming Eye (1-2)",
			"name": "Flaming Eye (1-2)"
		},
		{
			"id": "Flaming Eye (3-4)",
			"name": "Flaming Eye (3-4)"
		},
		{
			"id": "Flaming Moss Monster",
			"name": "Flaming Moss Monster"
		},
		{
			"id": "Flooding Monolith (3-4)",
			"name": "Flooding Monolith (3-4)"
		},
		{
			"id": "Flooding Monolith (5-6)",
			"name": "Flooding Monolith (5-6)"
		},
		{
			"id": "Foretold Ruin (1-2)",
			"name": "Foretold Ruin (1-2)"
		},
		{
			"id": "Foretold Ruin (3-4)",
			"name": "Foretold Ruin (3-4)"
		},
		{
			"id": "Frost Troll Hunter",
			"name": "Frost Troll Hunter"
		},
		{
			"id": "Frostbitten Trollhound",
			"name": "Frostbitten Trollhound"
		},
		{
			"id": "Giant Worker Ant",
			"name": "Giant Worker Ant"
		},
		{
			"id": "Glorzia",
			"name": "Glorzia"
		},
		{
			"id": "Goblin Skeleton",
			"name": "Goblin Skeleton"
		},
		{
			"id": "Greeleep (3-4)",
			"name": "Greeleep (3-4)"
		},
		{
			"id": "Greeleep (5-6)",
			"name": "Greeleep (5-6)"
		},
		{
			"id": "Hand Of Urxehl (7-8)",
			"name": "Hand Of Urxehl (7-8)"
		},
		{
			"id": "Hand Of Urxehl (9-10)",
			"name": "Hand Of Urxehl (9-10)"
		},
		{
			"id": "Hands of Slow Death",
			"name": "Hands of Slow Death"
		},
		{
			"id": "Hidden Bog",
			"name": "Hidden Bog"
		},
		{
			"id": "Hobgoblin Skeleton",
			"name": "Hobgoblin Skeleton"
		},
		{
			"id": "Ice Slick",
			"name": "Ice Slick"
		},
		{
			"id": "Insidious Dragon Forest Rot",
			"name": "Insidious Dragon Forest Rot"
		},
		{
			"id": "Iverri (3-4)",
			"name": "Iverri (3-4)"
		},
		{
			"id": "Iverri (5-6)",
			"name": "Iverri (5-6)"
		},
		{
			"id": "Joyful Planar Nixie",
			"name": "Joyful Planar Nixie"
		},
		{
			"id": "Kareida",
			"name": "Kareida"
		},
		{
			"id": "Kayajima Boar",
			"name": "Kayajima Boar"
		},
		{
			"id": "Kayajima Daeodon",
			"name": "Kayajima Daeodon"
		},
		{
			"id": "Kayajima Guardian Dogu (3-4)",
			"name": "Kayajima Guardian Dogu (3-4)"
		},
		{
			"id": "Kayajima Guardian Dogu (5-6)",
			"name": "Kayajima Guardian Dogu (5-6)"
		},
		{
			"id": "Kobold Warrior (2-11)",
			"name": "Kobold Warrior (2-11)"
		},
		{
			"id": "Leaded Skeleton",
			"name": "Leaded Skeleton"
		},
		{
			"id": "Lesser Bruorsivi Mandragora",
			"name": "Lesser Bruorsivi Mandragora"
		},
		{
			"id": "Lesser Skeletal Cyclops",
			"name": "Lesser Skeletal Cyclops"
		},
		{
			"id": "Lion (PFS 2-13)",
			"name": "Lion (PFS 2-13)"
		},
		{
			"id": "Master Sergeant Morgroar (3-4)",
			"name": "Master Sergeant Morgroar (3-4)"
		},
		{
			"id": "Master Sergeant Morgroar (5-6)",
			"name": "Master Sergeant Morgroar (5-6)"
		},
		{
			"id": "Mechanical Jaws (1-2)",
			"name": "Mechanical Jaws (1-2)"
		},
		{
			"id": "Mechanical Jaws (3-4)",
			"name": "Mechanical Jaws (3-4)"
		},
		{
			"id": "Mephit Swarm (5-6)",
			"name": "Mephit Swarm (5-6)"
		},
		{
			"id": "Mephit Swarm (7-8)",
			"name": "Mephit Swarm (7-8)"
		},
		{
			"id": "Mercenary Trapper (1-2)",
			"name": "Mercenary Trapper (1-2)"
		},
		{
			"id": "Mercenary Trapper (3-4)",
			"name": "Mercenary Trapper (3-4)"
		},
		{
			"id": "Mercenary Wizard (1-2)",
			"name": "Mercenary Wizard (1-2)"
		},
		{
			"id": "Mercenary Wizard (3-4)",
			"name": "Mercenary Wizard (3-4)"
		},
		{
			"id": "Mishka The Bear (5-6)",
			"name": "Mishka The Bear (5-6)"
		},
		{
			"id": "Mishka The Bear (7-8)",
			"name": "Mishka The Bear (7-8)"
		},
		{
			"id": "Mother Forsythe (3-4)",
			"name": "Mother Forsythe (3-4)"
		},
		{
			"id": "Mother Forsythe (5-6)",
			"name": "Mother Forsythe (5-6)"
		},
		{
			"id": "Murta Kronniksdottir (3-4)",
			"name": "Murta Kronniksdottir (3-4)"
		},
		{
			"id": "Murta Kronniksdottir (5-6)",
			"name": "Murta Kronniksdottir (5-6)"
		},
		{
			"id": "Mutated Trollhound",
			"name": "Mutated Trollhound"
		},
		{
			"id": "Ogthup (5-6)",
			"name": "Ogthup (5-6)"
		},
		{
			"id": "Ogthup (7-8)",
			"name": "Ogthup (7-8)"
		},
		{
			"id": "Onyx Alliance Agent (5-6)",
			"name": "Onyx Alliance Agent (5-6)"
		},
		{
			"id": "Onyx Alliance Agent (7-8)",
			"name": "Onyx Alliance Agent (7-8)"
		},
		{
			"id": "Perizia (5-6)",
			"name": "Perizia (5-6)"
		},
		{
			"id": "Perizia (7-8)",
			"name": "Perizia (7-8)"
		},
		{
			"id": "Planar Cracks (5-6)",
			"name": "Planar Cracks (5-6)"
		},
		{
			"id": "Planar Cracks (7-8)",
			"name": "Planar Cracks (7-8)"
		},
		{
			"id": "Planar Nixie",
			"name": "Planar Nixie"
		},
		{
			"id": "Pressurized Bottle (1-2)",
			"name": "Pressurized Bottle (1-2)"
		},
		{
			"id": "Pressurized Bottle (3-4)",
			"name": "Pressurized Bottle (3-4)"
		},
		{
			"id": "Ragewight (3-4)",
			"name": "Ragewight (3-4)"
		},
		{
			"id": "Ragewight (5-6)",
			"name": "Ragewight (5-6)"
		},
		{
			"id": "Razortoothed Shark",
			"name": "Razortoothed Shark"
		},
		{
			"id": "Reinforced Animated Guardian",
			"name": "Reinforced Animated Guardian"
		},
		{
			"id": "Relive the Rending (1-2)",
			"name": "Relive the Rending (1-2)"
		},
		{
			"id": "Relive the Rending (3-4)",
			"name": "Relive the Rending (3-4)"
		},
		{
			"id": "Run-Down Efreet",
			"name": "Run-Down Efreet"
		},
		{
			"id": "Russian Soldier (5-6)",
			"name": "Russian Soldier (5-6)"
		},
		{
			"id": "Russian Soldier (7-8)",
			"name": "Russian Soldier (7-8)"
		},
		{
			"id": "Saddleback Bunyip",
			"name": "Saddleback Bunyip"
		},
		{
			"id": "Scorched Earth Mephit",
			"name": "Scorched Earth Mephit"
		},
		{
			"id": "Scorched Earth Orc (Clipper) (5-6)",
			"name": "Scorched Earth Orc (Clipper) (5-6)"
		},
		{
			"id": "Scorched Earth Orc (Clipper) (7-8)",
			"name": "Scorched Earth Orc (Clipper) (7-8)"
		},
		{
			"id": "Scorched Earth Orc (Scout) (5-6)",
			"name": "Scorched Earth Orc (Scout) (5-6)"
		},
		{
			"id": "Scorched Earth Orc (Scout) (7-8)",
			"name": "Scorched Earth Orc (Scout) (7-8)"
		},
		{
			"id": "Scorched Earth Orc (Sharpshooter) (5-6)",
			"name": "Scorched Earth Orc (Sharpshooter) (5-6)"
		},
		{
			"id": "Scorched Earth Orc (Sharpshooter) (7-8)",
			"name": "Scorched Earth Orc (Sharpshooter) (7-8)"
		},
		{
			"id": "Sea Devil Impaler",
			"name": "Sea Devil Impaler"
		},
		{
			"id": "Semyon (5-6)",
			"name": "Semyon (5-6)"
		},
		{
			"id": "Semyon (7-8)",
			"name": "Semyon (7-8)"
		},
		{
			"id": "Sezruth (1-2)",
			"name": "Sezruth (1-2)"
		},
		{
			"id": "Sezruth (3-4)",
			"name": "Sezruth (3-4)"
		},
		{
			"id": "Silaqui (3-4)",
			"name": "Silaqui (3-4)"
		},
		{
			"id": "Silaqui (5-6)",
			"name": "Silaqui (5-6)"
		},
		{
			"id": "Sinkhole",
			"name": "Sinkhole"
		},
		{
			"id": "Skeletal Cyclops",
			"name": "Skeletal Cyclops"
		},
		{
			"id": "Skeletal Reveler",
			"name": "Skeletal Reveler"
		},
		{
			"id": "Sliding Statue (1-2)",
			"name": "Sliding Statue (1-2)"
		},
		{
			"id": "Sliding Statue (3-4)",
			"name": "Sliding Statue (3-4)"
		},
		{
			"id": "Small Opossum",
			"name": "Small Opossum"
		},
		{
			"id": "Smoldering Moss Monster",
			"name": "Smoldering Moss Monster"
		},
		{
			"id": "Solvatar Caryg",
			"name": "Solvatar Caryg"
		},
		{
			"id": "Spark Troll (1-2)",
			"name": "Spark Troll (1-2)"
		},
		{
			"id": "Spark Troll (3-4)",
			"name": "Spark Troll (3-4)"
		},
		{
			"id": "Ssalarn",
			"name": "Ssalarn"
		},
		{
			"id": "Starved Sea Drake",
			"name": "Starved Sea Drake"
		},
		{
			"id": "Sticky Web Lurker Noose",
			"name": "Sticky Web Lurker Noose"
		},
		{
			"id": "Storasta's Last Stand (3-4)",
			"name": "Storasta's Last Stand (3-4)"
		},
		{
			"id": "Storasta's Last Stand (5-6)",
			"name": "Storasta's Last Stand (5-6)"
		},
		{
			"id": "Storm Bear (1-2)",
			"name": "Storm Bear (1-2)"
		},
		{
			"id": "Storm Bear (3-4)",
			"name": "Storm Bear (3-4)"
		},
		{
			"id": "Strak (5-6)",
			"name": "Strak (5-6)"
		},
		{
			"id": "Strak (7-8)",
			"name": "Strak (7-8)"
		},
		{
			"id": "Stranded Melody (5-6)",
			"name": "Stranded Melody (5-6)"
		},
		{
			"id": "Stranded Melody (7-8)",
			"name": "Stranded Melody (7-8)"
		},
		{
			"id": "Teflar",
			"name": "Teflar"
		},
		{
			"id": "Tewakam Nekotek (3-4)",
			"name": "Tewakam Nekotek (3-4)"
		},
		{
			"id": "Tewakam Nekotek (5-6)",
			"name": "Tewakam Nekotek (5-6)"
		},
		{
			"id": "The Saboteur (3-4)",
			"name": "The Saboteur (3-4)"
		},
		{
			"id": "The Saboteur (5-6)",
			"name": "The Saboteur (5-6)"
		},
		{
			"id": "The Scholar of Sorts (1-2)",
			"name": "The Scholar of Sorts (1-2)"
		},
		{
			"id": "The Scholar of Sorts (3-4)",
			"name": "The Scholar of Sorts (3-4)"
		},
		{
			"id": "Tough Leaded Skeleton",
			"name": "Tough Leaded Skeleton"
		},
		{
			"id": "Tough Skeletal Reveler",
			"name": "Tough Skeletal Reveler"
		},
		{
			"id": "Tough Small Opossum",
			"name": "Tough Small Opossum"
		},
		{
			"id": "Twigjack (PFS 2-08)",
			"name": "Twigjack (PFS 2-08)"
		},
		{
			"id": "Unkillable Zombie Shambler",
			"name": "Unkillable Zombie Shambler"
		},
		{
			"id": "Unstable Ice",
			"name": "Unstable Ice"
		},
		{
			"id": "Urkhas (3-4)",
			"name": "Urkhas (3-4)"
		},
		{
			"id": "Urkhas (5-6)",
			"name": "Urkhas (5-6)"
		},
		{
			"id": "Usij Acolyte",
			"name": "Usij Acolyte"
		},
		{
			"id": "Usij Cultist",
			"name": "Usij Cultist"
		},
		{
			"id": "Valgomorus (1-2)",
			"name": "Valgomorus (1-2)"
		},
		{
			"id": "Valgomorus (3-4)",
			"name": "Valgomorus (3-4)"
		},
		{
			"id": "Vermlek Centaur (3-4)",
			"name": "Vermlek Centaur (3-4)"
		},
		{
			"id": "Vermlek Centaur (5-6)",
			"name": "Vermlek Centaur (5-6)"
		},
		{
			"id": "Weak Lion",
			"name": "Weak Lion"
		},
		{
			"id": "Weak Mist Stalker",
			"name": "Weak Mist Stalker"
		},
		{
			"id": "Weak Mudwretch",
			"name": "Weak Mudwretch"
		},
		{
			"id": "Weak Sea Devil Scout",
			"name": "Weak Sea Devil Scout"
		},
		{
			"id": "Weakened Abyssal Fungi",
			"name": "Weakened Abyssal Fungi"
		},
		{
			"id": "Wind Malevolent (3-4)",
			"name": "Wind Malevolent (3-4)"
		},
		{
			"id": "Wind Malevolent (5-6)",
			"name": "Wind Malevolent (5-6)"
		},
		{
			"id": "Wishbound Belker (5-6)",
			"name": "Wishbound Belker (5-6)"
		},
		{
			"id": "Wishbound Belker (7-8)",
			"name": "Wishbound Belker (7-8)"
		},
		{
			"id": "Wishbound Mist Stalker (5-6)",
			"name": "Wishbound Mist Stalker (5-6)"
		},
		{
			"id": "Wishbound Mist Stalker (7-8)",
			"name": "Wishbound Mist Stalker (7-8)"
		},
		{
			"id": "Wounded Dragon Turtle (3-4)",
			"name": "Wounded Dragon Turtle (3-4)"
		},
		{
			"id": "Wounded Dragon Turtle (5-6)",
			"name": "Wounded Dragon Turtle (5-6)"
		},
		{
			"id": "Ygracix",
			"name": "Ygracix"
		},
		{
			"id": "Young Ahuizotl",
			"name": "Young Ahuizotl"
		},
		{
			"id": "Zombie Grindylow",
			"name": "Zombie Grindylow"
		}
	]
}