{
	"label": "Iconics",
	"entries": [
		{
			"id": "Amiri (Level 1)",
			"name": "Amiri (Level 1)"
		},
		{
			"id": "Amiri (Level 3)",
			"name": "Amiri (Level 3)"
		},
		{
			"id": "Amiri (Level 5)",
			"name": "Amiri (Level 5)"
		},
		{
			"id": "Daji (Level 1)",
			"name": "Daji (Level 1)"
		},
		{
			"id": "Daji (Level 5)",
			"name": "Daji (Level 5)"
		},
		{
			"id": "Droogami (Level 1)",
			"name": "Droogami (Level 1)"
		},
		{
			"id": "Droogami (Level 5)",
			"name": "Droogami (Level 5)"
		},
		{
			"id": "Ezren (Level 1)",
			"name": "Ezren (Level 1)"
		},
		{
			"id": "Ezren (Level 3)",
			"name": "Ezren (Level 3)"
		},
		{
			"id": "Ezren (Level 5)",
			"name": "Ezren (Level 5)"
		},
		{
			"id": "Feiya (Level 1)",
			"name": "Feiya (Level 1)"
		},
		{
			"id": "Feiya (Level 5)",
			"name": "Feiya (Level 5)"
		},
		{
			"id": "Fumbus (Level 1)",
			"name": "Fumbus (Level 1)"
		},
		{
			"id": "Fumbus (Level 3)",
			"name": "Fumbus (Level 3)"
		},
		{
			"id": "Fumbus (Level 5)",
			"name": "Fumbus (Level 5)"
		},
		{
			"id": "Harsk (Level 1)",
			"name": "Harsk (Level 1)"
		},
		{
			"id": "Harsk (Level 5)",
			"name": "Harsk (Level 5)"
		},
		{
			"id": "Jirelle (Level 1)",
			"name": "Jirelle (Level 1)"
		},
		{
			"id": "Jirelle (Level 5)",
			"name": "Jirelle (Level 5)"
		},
		{
			"id": "Korakai (Level 1)",
			"name": "Korakai (Level 1)"
		},
		{
			"id": "Korakai (Level 5)",
			"name": "Korakai (Level 5)"
		},
		{
			"id": "Kyra (Level 1)",
			"name": "Kyra (Level 1)"
		},
		{
			"id": "Kyra (Level 3)",
			"name": "Kyra (Level 3)"
		},
		{
			"id": "Kyra (Level 5)",
			"name": "Kyra (Level 5)"
		},
		{
			"id": "Lem (Level 1)",
			"name": "Lem (Level 1)"
		},
		{
			"id": "Lem (Level 5)",
			"name": "Lem (Level 5)"
		},
		{
			"id": "Lini (Level 1)",
			"name": "Lini (Level 1)"
		},
		{
			"id": "Lini (Level 5)",
			"name": "Lini (Level 5)"
		},
		{
			"id": "Merisiel (Level 1)",
			"name": "Merisiel (Level 1)"
		},
		{
			"id": "Merisiel (Level 3)",
			"name": "Merisiel (Level 3)"
		},
		{
			"id": "Merisiel (Level 5)",
			"name": "Merisiel (Level 5)"
		},
		{
			"id": "Quinn (Level 1)",
			"name": "Quinn (Level 1)"
		},
		{
			"id": "Quinn (Level 5)",
			"name": "Quinn (Level 5)"
		},
		{
			"id": "Sajan (Level 1)",
			"name": "Sajan (Level 1)"
		},
		{
			"id": "Sajan (Level 5)",
			"name": "Sajan (Level 5)"
		},
		{
			"id": "Seelah (Level 1)",
			"name": "Seelah (Level 1)"
		},
		{
			"id": "Seelah (Level 5)",
			"name": "Seelah (Level 5)"
		},
		{
			"id": "Seoni (Level 1)",
			"name": "Seoni (Level 1)"
		},
		{
			"id": "Seoni (Level 5)",
			"name": "Seoni (Level 5)"
		},
		{
			"id": "Valeros (Level 1)",
			"name": "Valeros (Level 1)"
		},
		{
			"id": "Valeros (Level 3)",
			"name": "Valeros (Level 3)"
		},
		{
			"id": "Valeros (Level 5)",
			"name": "Valeros (Level 5)"
		}
	]
}