{
	"label": "Season 3",
	"entries": [
		{
			"id": "Advanced Eltha Embercall (9-10)/Eltha Embercall (11-12)",
			"name": "Advanced Eltha Embercall (9-10)/Eltha Embercall (11-12)"
		},
		{
			"id": "Alchemy-Gorged Giant Leech",
			"name": "Alchemy-Gorged Giant Leech"
		},
		{
			"id": "Animated Cookware",
			"name": "Animated Cookware"
		},
		{
			"id": "Animated Knickknack (1-2)",
			"name": "Animated Knickknack (1-2)"
		},
		{
			"id": "Animated Knickknack (3-4)",
			"name": "Animated Knickknack (3-4)"
		},
		{
			"id": "Aydrian Thrune (3-4)",
			"name": "Aydrian Thrune (3-4)"
		},
		{
			"id": "Aydrian Thrune (5-6)",
			"name": "Aydrian Thrune (5-6)"
		},
		{
			"id": "Blessed Crossbow Trap",
			"name": "Blessed Crossbow Trap"
		},
		{
			"id": "Bloody Barber Ambusher",
			"name": "Bloody Barber Ambusher"
		},
		{
			"id": "Bloody Barber Leader",
			"name": "Bloody Barber Leader"
		},
		{
			"id": "Bloody Beetle Exoskeleton",
			"name": "Bloody Beetle Exoskeleton"
		},
		{
			"id": "Bloody Skeletal Champion",
			"name": "Bloody Skeletal Champion"
		},
		{
			"id": "Bloody Skeleton Guard",
			"name": "Bloody Skeleton Guard"
		},
		{
			"id": "Branwaen",
			"name": "Branwaen"
		},
		{
			"id": "Bugbear Tormentor (PFS 3-13)",
			"name": "Bugbear Tormentor (PFS 3-13)"
		},
		{
			"id": "Cairn Wight (PFS 3-09)",
			"name": "Cairn Wight (PFS 3-09)"
		},
		{
			"id": "Caliclotherax (11-12)",
			"name": "Caliclotherax (11-12)"
		},
		{
			"id": "Caliclotherax (9-10)",
			"name": "Caliclotherax (9-10)"
		},
		{
			"id": "Caustic Mud Pot",
			"name": "Caustic Mud Pot"
		},
		{
			"id": "Cinder Rat (Ashgrip)",
			"name": "Cinder Rat (Ashgrip)"
		},
		{
			"id": "Cinder Rat (Leadroar)",
			"name": "Cinder Rat (Leadroar)"
		},
		{
			"id": "Cleansing Cascade",
			"name": "Cleansing Cascade"
		},
		{
			"id": "Cleansing Torrent",
			"name": "Cleansing Torrent"
		},
		{
			"id": "Cole Farsen, Advisor",
			"name": "Cole Farsen, Advisor"
		},
		{
			"id": "Cole Farsen, Gang Leader",
			"name": "Cole Farsen, Gang Leader"
		},
		{
			"id": "Crushing Spirits (5-6)",
			"name": "Crushing Spirits (5-6)"
		},
		{
			"id": "Crushing Spirits (7-8)",
			"name": "Crushing Spirits (7-8)"
		},
		{
			"id": "Deadly Fetchling Sneak",
			"name": "Deadly Fetchling Sneak"
		},
		{
			"id": "Debased Relic",
			"name": "Debased Relic"
		},
		{
			"id": "Debris Storm",
			"name": "Debris Storm"
		},
		{
			"id": "Deep Mud",
			"name": "Deep Mud"
		},
		{
			"id": "Deep Shadow Guardian",
			"name": "Deep Shadow Guardian"
		},
		{
			"id": "Drakauthix (PFS 3-15)",
			"name": "Drakauthix (PFS 3-15)"
		},
		{
			"id": "Elite Hell Hound (PFS 3-07)",
			"name": "Elite Hell Hound (PFS 3-07)"
		},
		{
			"id": "Elite Hieracosphinx (PFS 3-14)",
			"name": "Elite Hieracosphinx (PFS 3-14)"
		},
		{
			"id": "Eloise's Ghost (1-2)",
			"name": "Eloise's Ghost (1-2)"
		},
		{
			"id": "Eloise's Ghost (3-4)",
			"name": "Eloise's Ghost (3-4)"
		},
		{
			"id": "Eloise's Last Gasp (1-2)",
			"name": "Eloise's Last Gasp (1-2)"
		},
		{
			"id": "Eloise's Last Gasp (3-4)",
			"name": "Eloise's Last Gasp (3-4)"
		},
		{
			"id": "Eloko (PFS 3-03)",
			"name": "Eloko (PFS 3-03)"
		},
		{
			"id": "Eltha Embercall (11-12, 28+ CP)",
			"name": "Eltha Embercall (11-12, 28+ CP)"
		},
		{
			"id": "Eltha Embercall (9-10)",
			"name": "Eltha Embercall (9-10)"
		},
		{
			"id": "Enduring Zombie Hulk",
			"name": "Enduring Zombie Hulk"
		},
		{
			"id": "Enraged Shrouded Bloodseeker",
			"name": "Enraged Shrouded Bloodseeker"
		},
		{
			"id": "Falling Tree",
			"name": "Falling Tree"
		},
		{
			"id": "Fasiel Ibn Sazadin (Tier 1-2)",
			"name": "Fasiel Ibn Sazadin (Tier 1-2)"
		},
		{
			"id": "Fasiel Ibn Sazadin (Tier 3-4)",
			"name": "Fasiel Ibn Sazadin (Tier 3-4)"
		},
		{
			"id": "Fast Shambler Troop",
			"name": "Fast Shambler Troop"
		},
		{
			"id": "Fast-Spinning Juice Fountain",
			"name": "Fast-Spinning Juice Fountain"
		},
		{
			"id": "Faulty Rockslide Trap",
			"name": "Faulty Rockslide Trap"
		},
		{
			"id": "Fetchling Sneak",
			"name": "Fetchling Sneak"
		},
		{
			"id": "Filth Fire (3-01)",
			"name": "Filth Fire (3-01)"
		},
		{
			"id": "Fire Sentry",
			"name": "Fire Sentry"
		},
		{
			"id": "Flaming Animated Armor (Ashgrip) (1-2)",
			"name": "Flaming Animated Armor (Ashgrip) (1-2)"
		},
		{
			"id": "Flaming Animated Armor (Firecutter) (1-2)",
			"name": "Flaming Animated Armor (Firecutter) (1-2)"
		},
		{
			"id": "Flaming Animated Armor (Holy Hand) (1-2)",
			"name": "Flaming Animated Armor (Holy Hand) (1-2)"
		},
		{
			"id": "Flaming Animated Armor (Leadroar) (1-2)",
			"name": "Flaming Animated Armor (Leadroar) (1-2)"
		},
		{
			"id": "Foot Pincer",
			"name": "Foot Pincer"
		},
		{
			"id": "Forged Bones",
			"name": "Forged Bones"
		},
		{
			"id": "Ghast (Arctic)",
			"name": "Ghast (Arctic)"
		},
		{
			"id": "Ghast (Heretical)",
			"name": "Ghast (Heretical)"
		},
		{
			"id": "Glurorchaes (7-8)",
			"name": "Glurorchaes (7-8)"
		},
		{
			"id": "Grimstalker (PFS 3-13)",
			"name": "Grimstalker (PFS 3-13)"
		},
		{
			"id": "Hellbound Jailer (3-4)",
			"name": "Hellbound Jailer (3-4)"
		},
		{
			"id": "Hellbound Jailer (5-6)",
			"name": "Hellbound Jailer (5-6)"
		},
		{
			"id": "Hellbound Robber",
			"name": "Hellbound Robber"
		},
		{
			"id": "Hellbound Rogue",
			"name": "Hellbound Rogue"
		},
		{
			"id": "Insolent's Castigation",
			"name": "Insolent's Castigation"
		},
		{
			"id": "Insolent's Retort",
			"name": "Insolent's Retort"
		},
		{
			"id": "Iron Ring Bosun",
			"name": "Iron Ring Bosun"
		},
		{
			"id": "Iron Ring Deckhand",
			"name": "Iron Ring Deckhand"
		},
		{
			"id": "Iron Ring Pirate",
			"name": "Iron Ring Pirate"
		},
		{
			"id": "Junior (1-2)",
			"name": "Junior (1-2)"
		},
		{
			"id": "Junior (3-4)",
			"name": "Junior (3-4)"
		},
		{
			"id": "Khisisi (5-6)",
			"name": "Khisisi (5-6)"
		},
		{
			"id": "Khisisi (7-8)",
			"name": "Khisisi (7-8)"
		},
		{
			"id": "Languid Isqulug",
			"name": "Languid Isqulug"
		},
		{
			"id": "Languid Purple Worm",
			"name": "Languid Purple Worm"
		},
		{
			"id": "Leopard (PFS 3-13)",
			"name": "Leopard (PFS 3-13)"
		},
		{
			"id": "Lightweight Animated Armor",
			"name": "Lightweight Animated Armor"
		},
		{
			"id": "Living Landslide (PFS 3-11)",
			"name": "Living Landslide (PFS 3-11)"
		},
		{
			"id": "Manipulator's Metronome (1-2)",
			"name": "Manipulator's Metronome (1-2)"
		},
		{
			"id": "Manipulator's Metronome (3-4)",
			"name": "Manipulator's Metronome (3-4)"
		},
		{
			"id": "Monastic Bodyguard (3-4)",
			"name": "Monastic Bodyguard (3-4)"
		},
		{
			"id": "Monastic Bodyguard (5-6)",
			"name": "Monastic Bodyguard (5-6)"
		},
		{
			"id": "Mud Pot",
			"name": "Mud Pot"
		},
		{
			"id": "Muesello's Best Summoning Rune",
			"name": "Muesello's Best Summoning Rune"
		},
		{
			"id": "Muesello's Elite Summoning Rune",
			"name": "Muesello's Elite Summoning Rune"
		},
		{
			"id": "Muesello's Greater Summoning Rune",
			"name": "Muesello's Greater Summoning Rune"
		},
		{
			"id": "Muesello's Summoning Rune",
			"name": "Muesello's Summoning Rune"
		},
		{
			"id": "Mummy Guardian (PFS 3-09)",
			"name": "Mummy Guardian (PFS 3-09)"
		},
		{
			"id": "Natron Eruption",
			"name": "Natron Eruption"
		},
		{
			"id": "Natron Explosion",
			"name": "Natron Explosion"
		},
		{
			"id": "Ninth Army Bodyguard",
			"name": "Ninth Army Bodyguard"
		},
		{
			"id": "Ninth Army Burglar",
			"name": "Ninth Army Burglar"
		},
		{
			"id": "Ninth Army Fence",
			"name": "Ninth Army Fence"
		},
		{
			"id": "Ninth Army Ruffian",
			"name": "Ninth Army Ruffian"
		},
		{
			"id": "Old Drakauthix (PFS 3-15)",
			"name": "Old Drakauthix (PFS 3-15)"
		},
		{
			"id": "Onyx Alliance Enforcer",
			"name": "Onyx Alliance Enforcer"
		},
		{
			"id": "Onyx Alliance Scout",
			"name": "Onyx Alliance Scout"
		},
		{
			"id": "Panicked Bat Swarm",
			"name": "Panicked Bat Swarm"
		},
		{
			"id": "Peryton (Arctic)",
			"name": "Peryton (Arctic)"
		},
		{
			"id": "Peryton (Heretical)",
			"name": "Peryton (Heretical)"
		},
		{
			"id": "Peryton (Rifle Mutation)",
			"name": "Peryton (Rifle Mutation)"
		},
		{
			"id": "Poltergeist (Holy Hand)",
			"name": "Poltergeist (Holy Hand)"
		},
		{
			"id": "Pontrius Tilasti (1-2)",
			"name": "Pontrius Tilasti (1-2)"
		},
		{
			"id": "Pontrius Tilasti (3-4)",
			"name": "Pontrius Tilasti (3-4)"
		},
		{
			"id": "Raging Debris Storm",
			"name": "Raging Debris Storm"
		},
		{
			"id": "Rampaging Roast (Medium Rare)",
			"name": "Rampaging Roast (Medium Rare)"
		},
		{
			"id": "Rampaging Roast (Well Done)",
			"name": "Rampaging Roast (Well Done)"
		},
		{
			"id": "Revinus (1-2)",
			"name": "Revinus (1-2)"
		},
		{
			"id": "Revinus (3-4)",
			"name": "Revinus (3-4)"
		},
		{
			"id": "Revinus's Guards (1-2)",
			"name": "Revinus's Guards (1-2)"
		},
		{
			"id": "Revinus's Guards (3-4)",
			"name": "Revinus's Guards (3-4)"
		},
		{
			"id": "Rockslide Trap",
			"name": "Rockslide Trap"
		},
		{
			"id": "Ruthless Fetchling Sneak",
			"name": "Ruthless Fetchling Sneak"
		},
		{
			"id": "Sandswept Statue",
			"name": "Sandswept Statue"
		},
		{
			"id": "Scalding Mephit",
			"name": "Scalding Mephit"
		},
		{
			"id": "Shadow Double Runes (1-2)",
			"name": "Shadow Double Runes (1-2)"
		},
		{
			"id": "Shadow Double Runes (3-4)",
			"name": "Shadow Double Runes (3-4)"
		},
		{
			"id": "Shadow Guardian",
			"name": "Shadow Guardian"
		},
		{
			"id": "Shanrigol Mound",
			"name": "Shanrigol Mound"
		},
		{
			"id": "Shrouded Bloodseeker",
			"name": "Shrouded Bloodseeker"
		},
		{
			"id": "Skulk (PFS 3-13)",
			"name": "Skulk (PFS 3-13)"
		},
		{
			"id": "Smiglen Daet",
			"name": "Smiglen Daet"
		},
		{
			"id": "Smilglen Daet",
			"name": "Smilglen Daet"
		},
		{
			"id": "Sparkles (11-12)",
			"name": "Sparkles (11-12)"
		},
		{
			"id": "Sparkles (9-10)",
			"name": "Sparkles (9-10)"
		},
		{
			"id": "Spinning Juice Fountain",
			"name": "Spinning Juice Fountain"
		},
		{
			"id": "Strong Electric Latch Rune",
			"name": "Strong Electric Latch Rune"
		},
		{
			"id": "Strong Fire Sentry",
			"name": "Strong Fire Sentry"
		},
		{
			"id": "Sulfuric Slime",
			"name": "Sulfuric Slime"
		},
		{
			"id": "Tadrun (1-2)",
			"name": "Tadrun (1-2)"
		},
		{
			"id": "Tadrun (3-4)",
			"name": "Tadrun (3-4)"
		},
		{
			"id": "Tascio Raetullus (3-4)",
			"name": "Tascio Raetullus (3-4)"
		},
		{
			"id": "Tascio Raetullus (5-6)",
			"name": "Tascio Raetullus (5-6)"
		},
		{
			"id": "Thundering Wihsaak",
			"name": "Thundering Wihsaak"
		},
		{
			"id": "Thundering Wihsaak (Arctic)",
			"name": "Thundering Wihsaak (Arctic)"
		},
		{
			"id": "Thundering Wihsaak (Heretical)",
			"name": "Thundering Wihsaak (Heretical)"
		},
		{
			"id": "Thundering Wihsaak (Rifle Mutation)",
			"name": "Thundering Wihsaak (Rifle Mutation)"
		},
		{
			"id": "Tyrannical Interrogator",
			"name": "Tyrannical Interrogator"
		},
		{
			"id": "Umbral Cu Sith",
			"name": "Umbral Cu Sith"
		},
		{
			"id": "Umbral Drake",
			"name": "Umbral Drake"
		},
		{
			"id": "Uncle Jeb (1-2)",
			"name": "Uncle Jeb (1-2)"
		},
		{
			"id": "Uncle Jeb (3-4)",
			"name": "Uncle Jeb (3-4)"
		},
		{
			"id": "Unstable Skeletal Champion",
			"name": "Unstable Skeletal Champion"
		},
		{
			"id": "Unstable Skeleton Guard",
			"name": "Unstable Skeleton Guard"
		},
		{
			"id": "Vaggas the Bosun",
			"name": "Vaggas the Bosun"
		},
		{
			"id": "Vaggas the Fanatic",
			"name": "Vaggas the Fanatic"
		},
		{
			"id": "Vengeful Ember Fox",
			"name": "Vengeful Ember Fox"
		},
		{
			"id": "Veteran Onyx Alliance Enforcer",
			"name": "Veteran Onyx Alliance Enforcer"
		},
		{
			"id": "Veteran Onyx Alliance Scout",
			"name": "Veteran Onyx Alliance Scout"
		},
		{
			"id": "Wasp Swarm (Arctic)",
			"name": "Wasp Swarm (Arctic)"
		},
		{
			"id": "Wasp Swarm (Heretical)",
			"name": "Wasp Swarm (Heretical)"
		},
		{
			"id": "Wasp Swarm (PFS 3-13)",
			"name": "Wasp Swarm (PFS 3-13)"
		},
		{
			"id": "Weak Hell Hound (PFS 3-07)",
			"name": "Weak Hell Hound (PFS 3-07)"
		},
		{
			"id": "Werebat (PFS 3-13)",
			"name": "Werebat (PFS 3-13)"
		},
		{
			"id": "Weretiger (PFS 3-13)",
			"name": "Weretiger (PFS 3-13)"
		},
		{
			"id": "Zebub (PFS)",
			"name": "Zebub (PFS)"
		}
	]
}