{
	"label": "Lost Omens: Monsters of Myth",
	"entries": [
		{
			"id": "Ainamuuren",
			"name": "Ainamuuren"
		},
		{
			"id": "Collapsing Structure",
			"name": "Collapsing Structure"
		},
		{
			"id": "Crystal Pin",
			"name": "Crystal Pin"
		},
		{
			"id": "Cuetzmonquali",
			"name": "Cuetzmonquali"
		},
		{
			"id": "Desert's Howl",
			"name": "Desert's Howl"
		},
		{
			"id": "Fafnheir",
			"name": "Fafnheir"
		},
		{
			"id": "Grisantian Lion",
			"name": "Grisantian Lion"
		},
		{
			"id": "Grogrisant",
			"name": "Grogrisant"
		},
		{
			"id": "Howling Spawn",
			"name": "Howling Spawn"
		},
		{
			"id": "Imperfect Automaton",
			"name": "Imperfect Automaton"
		},
		{
			"id": "Kallas Devil",
			"name": "Kallas Devil"
		},
		{
			"id": "Kothogaz, Dance Of Disharmony",
			"name": "Kothogaz, Dance Of Disharmony"
		},
		{
			"id": "Krampus (The Horned Miser)",
			"name": "Krampus (The Horned Miser)"
		},
		{
			"id": "Krampus Celebrant",
			"name": "Krampus Celebrant"
		},
		{
			"id": "Kuworsys",
			"name": "Kuworsys"
		},
		{
			"id": "Melfesh Monster",
			"name": "Melfesh Monster"
		},
		{
			"id": "Mosquito Witch",
			"name": "Mosquito Witch"
		},
		{
			"id": "Mosquito Witch (The Hemoprophet)",
			"name": "Mosquito Witch (The Hemoprophet)"
		},
		{
			"id": "Mosquito Witch (The Legion Leech)",
			"name": "Mosquito Witch (The Legion Leech)"
		},
		{
			"id": "Mosquito Witch (The Swarm Seer)",
			"name": "Mosquito Witch (The Swarm Seer)"
		},
		{
			"id": "Planar Tear",
			"name": "Planar Tear"
		},
		{
			"id": "Quaking Slither",
			"name": "Quaking Slither"
		},
		{
			"id": "Somnalu",
			"name": "Somnalu"
		},
		{
			"id": "Somnalu Oculus",
			"name": "Somnalu Oculus"
		},
		{
			"id": "Spawn Of Kothogaz",
			"name": "Spawn Of Kothogaz"
		},
		{
			"id": "Spectral Devil",
			"name": "Spectral Devil"
		},
		{
			"id": "Spring-Heeled Jack",
			"name": "Spring-Heeled Jack"
		},
		{
			"id": "Storm Discharge",
			"name": "Storm Discharge"
		},
		{
			"id": "Taljjae",
			"name": "Taljjae"
		},
		{
			"id": "Taljjae (The Beast)",
			"name": "Taljjae (The Beast)"
		},
		{
			"id": "Taljjae (The General)",
			"name": "Taljjae (The General)"
		},
		{
			"id": "Taljjae (The Grandmother)",
			"name": "Taljjae (The Grandmother)"
		},
		{
			"id": "Taljjae (The Hermit)",
			"name": "Taljjae (The Hermit)"
		},
		{
			"id": "Taljjae (The Hero)",
			"name": "Taljjae (The Hero)"
		},
		{
			"id": "Taljjae (The Nobleman)",
			"name": "Taljjae (The Nobleman)"
		},
		{
			"id": "Taljjae (The Wanderer)",
			"name": "Taljjae (The Wanderer)"
		},
		{
			"id": "Tehialai-Thief-of-Ships",
			"name": "Tehialai-Thief-of-Ships"
		},
		{
			"id": "Temteki",
			"name": "Temteki"
		},
		{
			"id": "Ulgrem-Axaan",
			"name": "Ulgrem-Axaan"
		},
		{
			"id": "Ulgrem-Lurann",
			"name": "Ulgrem-Lurann"
		},
		{
			"id": "Ulistul",
			"name": "Ulistul"
		},
		{
			"id": "Young Linnorm",
			"name": "Young Linnorm"
		}
	]
}