{
	"label": "Efectos de los Consumibles",
	"entries": [
		{
			"id": "Effect: Antidote (Greater)",
			"name": "Efecto: Antídoto (mayor)",
			"description": "<p>Otorgado por @Compendium[pf2e.equipment-srd.XWkeL34yJK6t5qUE]{Antídoto (mayor)}</p>\n<p>Efectos aplicados:</p>\n<ul>\n<li>+4 de bonificador por objeto a las salvaciones de Fortaleza contra venenos</li>\n</ul>"
		},
		{
			"id": "Effect: Antidote (Lesser)",
			"name": "Efecto: Antídoto (menor)",
			"description": "<p>Otorgado por @Compendium[pf2e.equipment-srd.ktjFOp3U0wQD9t0Z]{Antídoto (menor)}</p>\n<p>Efectos aplicados:</p>\n<ul>\n<li>+2 de bonificador por objeto a las salvaciones de Fortaleza contra venenos</li>\n</ul>"
		},
		{
			"id": "Effect: Antidote (Major)",
			"name": "Efecto: Antídoto (superior)",
			"description": "<p>Otorgado por @Compendium[pf2e.equipment-srd.ANzB9WzlGQXDn76G]{Antídoto (superior)}</p>\n<p>Efectos aplicados:</p>\n<ul>\n<li>+4 de bonificador por objeto a las salvaciones de Fortaleza contra venenos</li>\n</ul>\n<p>Efectos no aplicados:</p>\n<ul>\n<li><p>Cuando bebes el antídoto puedes hacer de inmediato una tirada de salvación contra un veneno de nivel 14º o menos que te esté afectando. Si tienes éxito, el veneno queda neutralizado.</p></li>\n</ul>"
		},
		{
			"id": "Effect: Antidote (Moderate)",
			"name": "Efecto: Antídoto (moderado)",
			"description": "<p>Otorgado por @Compendium[pf2e.equipment-srd.AJ1dC7EtTIfBey0M]{Antídoto (moderado)}</p>\n<p>Efectos aplicados:</p>\n<ul>\n<li>+3 de bonificador por objeto a las salvaciones de Fortaleza contra venenos</li>\n</ul>"
		},
		{
			"id": "Effect: Antiplague (Greater)",
			"name": "Efecto: Antiplaga (mayor)",
			"description": "<p>Otorgado por @Compendium[pf2e.equipment-srd.ORDaAzMZLrf6Hn8A]{Antiplaga (mayor)}</p>\n<p>Efectos aplicados:</p>\n<ul>\n<li>+4 de bonificador por objeto a las salvaciones de Fortaleza contra enfermedades</li>\n</ul>"
		},
		{
			"id": "Effect: Antiplague (Lesser)",
			"name": "Efecto: Antiplaga (menor)",
			"description": "<p>Otorgado por @Compendium[pf2e.equipment-srd.UqinuuCWePTYGhVO]{Antiplaga (menor)}</p>\n<p>Efectos aplicados:</p>\n<ul>\n<li>+2 de bonificador por objeto a las salvaciones de Fortaleza contra enfermedades</li>\n</ul>"
		},
		{
			"id": "Effect: Antiplague (Major)",
			"name": "Efecto: Antiplaga (superior)",
			"description": "<p>Otorgado por @Compendium[pf2e.equipment-srd.kajpTXg3oHIJStQa]{Antiplaga (superior)}</p>\n<p>Efectos aplicados:</p>\n<ul>\n<li>+4 de bonificador por objeto a las salvaciones de Fortaleza contra enfermedades</li>\n</ul>\n<p>Efectos no aplicados:</p>\n<ul>\n<li><p>Cuando bebes el antiplaga puedes hacer de inmediato una tirada de salvación contra una enfermedad de nivel 14º o menos que te esté afectando. Si tienes éxito, te curas de la enfermedad.</p></li>\n</ul>"
		},
		{
			"id": "Effect: Antiplague (Moderate)",
			"name": "Efecto: Antiplaga (moderado)",
			"description": "<p>Otorgado por @Compendium[pf2e.equipment-srd.biRbqKo2C97XLfQ0]{Antiplaga (moderado)}</p>\n<p>Efectos aplicados:</p>\n<ul>\n<li>+3 de bonificador por objeto a las salvaciones de Fortaleza contra enfermedades</li>\n</ul>"
		},
		{
			"id": "Effect: Applereed Mutagen (Greater)",
			"name": "Efecto: Mutágeno de Applereed (mayor)",
			"description": "<p>Otorgado por @Compendium[pf2e.equipment-srd.vTEWlRBUD4VzVwxK]{Mutágeno de Applereed (mayor)}</p>\n<p>Efectos aplicados:</p>\n<ul>\n<li>+4 de bonificador por objeto a las pruebas de Atletismo</li>\n<li>+20 pies de bonificador por estatus a la Velocidad</li>\n<li>Creces una categoría de tamaño</li>\n<li>-1 de penalización a la CA</li>\n<li>-2 de penalización a las salvaciones de Reflejos</li>\n</ul>"
		},
		{
			"id": "Effect: Applereed Mutagen (Lesser)",
			"name": "Efecto: Mutágeno de Applereed (menor)",
			"description": "<p>Otorgado por @Compendium[pf2e.equipment-srd.0RTsyWutvO42O0zK]{Mutágeno de Applereed (menor)}</p>\n<p>Efectos aplicados:</p>\n<ul>\n<li>+2 de bonificador por objeto a las pruebas de Atletismo</li>\n<li>+10 pies de bonificador por estatus a la Velocidad</li>\n<li>Creces una categoría de tamaño</li>\n<li>-1 de penalización a la CA</li>\n<li>-2 de penalización a las salvaciones de Reflejos</li>\n</ul>"
		},
		{
			"id": "Effect: Applereed Mutagen (Moderate)",
			"name": "Efecto: Mutágeno de Applereed (moderado)",
			"description": "<p>Otorgado por @Compendium[pf2e.equipment-srd.8e37h6HBr4ZyBSGt]{Mutágeno de Applereed (moderado)}</p>\n<p>Efectos aplicados:</p>\n<ul>\n<li>+3 de bonificador por objeto a las pruebas de Atletismo</li>\n<li>+15 pies de bonificador por estatus a la Velocidad</li>\n<li>Creces una categoría de tamaño</li>\n<li>-1 de penalización a la CA</li>\n<li>-2 de penalización a las salvaciones de Reflejos</li>\n</ul>"
		},
		{
			"id": "Effect: Bestial Mutagen (Greater)",
			"name": "Efecto: Mutágeno Bestial (mayor)",
			"description": "<p>Otorgado por @Compendium[pf2e.equipment-srd.gDheph8YteBtnyKp]{Mutágeno Bestial (mayor)}</p>\n<p>Efectos aplicados:</p>\n<ul>\n<li>+3 de bonificador por objeto a las pruebas de Atletismo</li>\n<li>+3 de bonificador por objeto a tiradas de ataque sin armas</li>\n<li>Ganas un ataque sin armas de garras</li>\n<li>Ganas un ataque sin armas de fauces</li>\n<li>-1 de penalizador a la CA</li>\n<li>-2 de penalizador a las salvaciones de Reflejos</li>\n</ul>"
		},
		{
			"id": "Effect: Bestial Mutagen (Lesser)",
			"name": "Efecto: Mutágeno Bestial (menor)",
			"description": "<p>Otorgado por @Compendium[pf2e.equipment-srd.IQK9N2mEOyAj3iWU]{Mutágeno Bestial (menor)}</p>\n<p>Efectos aplicados:</p>\n<ul>\n<li>+1 de bonificador por objeto a las pruebas de Atletismo</li>\n<li>+1 de bonificador por objeto a tiradas de ataque sin armas</li>\n<li>Ganas un ataque sin armas de garras</li>\n<li>Ganas un ataque sin armas de fauces</li>\n<li>-1 de penalizador a la CA</li>\n<li>-2 de penalizador a las salvaciones de Reflejos</li>\n</ul>"
		},
		{
			"id": "Effect: Bestial Mutagen (Major)",
			"name": "Efecto: Mutágeno Bestial (Major)",
			"description": "<p>Otorgado por @Compendium[pf2e.equipment-srd.nS75vsM3x5jxlUqn]{Mutágeno Bestial (Major)}</p>\n<p>Efectos aplicados:</p>\n<ul>\n<li>+4 de bonificador por objeto a las pruebas de Atletismo</li>\n<li>+4 de bonificador por objeto a tiradas de ataque sin armas</li>\n<li>Ganas un ataque sin armas de garras</li>\n<li>Ganas un ataque sin armas de fauces</li>\n<li>-1 de penalizador a la CA</li>\n<li>-2 de penalizador a las salvaciones de Reflejos</li>\n</ul>\n<p>Efectos no aplicados:</p>\n<ul>\n<li>Obtienes especialización con las garras y las fauces, o especialización mayor si ya tienes la especialización</li>\n</ul>"
		},
		{
			"id": "Effect: Bestial Mutagen (Moderate)",
			"name": "Efecto: Mutágeno Bestial (moderado)",
			"description": "<p>Otorgado por @Compendium[pf2e.equipment-srd.VISk5uLPVIvNWovB]{Mutágeno Bestial (moderado)}</p>\n<p>Efectos aplicados:</p>\n<ul>\n<li>+2 de bonificador por objeto a las pruebas de Atletismo</li>\n<li>+2 de bonificador por objeto a tiradas de ataque sin armas</li>\n<li>Ganas un ataque sin armas de garras</li>\n<li>Ganas un ataque sin armas de fauces</li>\n<li>-1 de penalizador a la CA</li>\n<li>-2 de penalizador a las salvaciones de Reflejos</li>\n</ul>"
		},
		{
			"id": "Effect: Bloodhound Mask (Greater)",
			"name": "Efecto: Máscara de Sabueso (mayor)",
			"description": "<p>Otorgado por @Compendium[pf2e.equipment-srd.2x8F5s3PyKzYsRrZ]{Máscara de Sabueso (mayor)}</p>\n<p>Efectos aplicados automáticamente:</p>\n<ul>\n<li>Gana olfato impreciso, con un rango de 60 pies</li>\n<li>+3 de bonificador por objeto a las pruebas de Supervivencia para rastrear por el olor</li>\n</ul>"
		},
		{
			"id": "Effect: Bloodhound Mask (Lesser)",
			"name": "Efecto: Máscara de Sabueso (menor)",
			"description": "<p>Otorgado por @Compendium[pf2e.equipment-srd.mDJSaarQsIMX7Opi]{Máscara de Sabueso (menor)}</p>\n<p>Efectos aplicados automáticamente:</p>\n<ul>\n<li>Gana olfato impreciso, con un rango de 15 pies</li>\n<li>+1 de bonificador por objeto a las pruebas de Supervivencia para rastrear por el olor</li>\n</ul>"
		},
		{
			"id": "Effect: Bloodhound Mask (Moderate)",
			"name": "Efecto: Máscara de Sabueso (moderado)",
			"description": "<p>Otorgado por @Compendium[pf2e.equipment-srd.qasFfdiZKIczoZ9p]{Máscara de Sabueso (moderado)}</p>\n<p>Efectos aplicados automáticamente:</p>\n<ul>\n<li>Gana olfato impreciso, con un rango de 30 pies</li>\n<li>+2 de bonificador por objeto a las pruebas de Supervivencia para rastrear por el olor</li>\n</ul>"
		},
		{
			"id": "Effect: Boulderhead Bock",
			"name": "Efecto: Bock de Boulderhead",
			"description": "<p>Otorgado por @Compendium[pf2e.equipment-srd.I0eUrgVGl8a2ZjFc]{Bock de Boulderhead}.</p>\n<p>Efectos aplicados automáticamente:</p>\n<ul>\n<li>+1 de bonificador por objeto a las salvaciones contra efectos que te dejarían aturdido o anonadado.</li>\n<li>-2 de penalizador a Percepción</li>\n</ul>"
		},
		{
			"id": "Effect: Bravo's Brew (Greater)",
			"name": "Efecto: Infusión del Bravo (mayor)",
			"description": "<p>Otorgado por @Compendium[pf2e.equipment-srd.sWPkbSlWAEAStBqD]{Infusión del Bravo (mayor)}</p>\n<p>Efectos aplicados:</p>\n<ul>\n<li>+3 de bonificador por objeto a las salvaciones de Sabiduría</li>\n<li>+4 de bonificador por objeto a las salvaciones de Sabiduría contra miedo</li>\n</ul>\n<p>Efectos no aplicados:</p>\n<ul>\n<li>Si obtienes un éxito en una salvación contra miedo, en su lugar obtienes un éxito crítico.</li>\n</ul>"
		},
		{
			"id": "Effect: Bravo's Brew (Lesser)",
			"name": "Efecto: Infusión del Bravo (menor)",
			"description": "<p>Otorgado por @Compendium[pf2e.equipment-srd.zM9VX3QwM81DzDUA]{Infusión del Bravo (menor)}</p>\n<p>Efectos aplicados:</p>\n<ul>\n<li>+1 de bonificador por objeto a las salvaciones de Sabiduría</li>\n<li>+2 de bonificador por objeto a las salvaciones de Sabiduría contra miedo</li>\n</ul>"
		},
		{
			"id": "Effect: Bravo's Brew (Moderate)",
			"name": "Efecto: Infusión del Bravo (moderado)",
			"description": "<p>Otorgado por @Compendium[pf2e.equipment-srd.oCuwJ9IUDAuzsUwa]{Infusión del Bravo (moderado)}</p>\n<p>Efectos aplicados:</p>\n<ul>\n<li>+2 de bonificador por objeto a las salvaciones de Sabiduría</li>\n<li>+3 de bonificador por objeto a las salvaciones de Sabiduría contra miedo</li>\n</ul>"
		},
		{
			"id": "Effect: Bronze Bull Pendant",
			"name": "Efecto: Colgante de Toro de Bronce",
			"description": "<p>Otorgado por @Compendium[pf2e.equipment-srd.nXStoLxPrrP2b6WB]{Colgante de Toro de Bronce}</p>\n<p>Efectos aplicados automáticamente:</p>\n<ul>\n<li>+2 de bonificador por estatus a las pruebas de Atletismo para Empujar</li>\n</ul>"
		},
		{
			"id": "Effect: Cheetah's Elixir (Greater)",
			"name": "Efecto: Elixir del Guepardo (mayor)",
			"description": "<p>Otorgado por @Compendium[pf2e.equipment-srd.t4X6GDybqLmt7UkN]{Elixir del Guepardo (mayor)}</p>\n<p>Efectos aplicados automáticamente:</p>\n<ul>\n<li>+10 pies de bonificador por estatus a la Velocidad</li>\n</ul>"
		},
		{
			"id": "Effect: Cheetah's Elixir (Lesser)",
			"name": "Efecto: Elixir del Guepardo (menor)",
			"description": "<p>Otorgado por @Compendium[pf2e.equipment-srd.tyt6rFtv32MZ4DT9]{Elixir del Guepardo (menor)}</p>\n<p>Efectos aplicados automáticamente:</p>\n<ul>\n<li>+5 pies de bonificador por estatus a la Velocidad</li>\n</ul>"
		},
		{
			"id": "Effect: Cheetah's Elixir (Moderate)",
			"name": "Efecto: Elixir del Guepardo (moderado)",
			"description": "<p>Otorgado por @Compendium[pf2e.equipment-srd.AqLxu3ir4UGzdOaz]{Elixir del Guepardo (moderado)}</p>\n<p>Efectos aplicados automáticamente:</p>\n<ul>\n<li>+10 pies de bonificador por estatus a la Velocidad</li>\n</ul>"
		},
		{
			"id": "Effect: Cognitive Mutagen (Greater)",
			"name": "Efecto: Mutágeno Cognitivo (mayor)",
			"description": "<p>Otorgado por @Compendium[pf2e.equipment-srd.ZGojRKG1yYiVWemR]{Mutágeno Cognitivo (mayor)}</p>\n<p><strong>Efectos aplicados</strong></p>\n<ul>\n<li>+3 de bonificador por objeto a las pruebas de Arcanos, Artesanía, Ocultismo y Sociedad</li>\n<li>+3 de bonificador por objeto a todas las pruebas de Recordar Conocimiento</li>\n<li>-2 de penalizador a las pruebas de Atetlismo y Acrobacias</li>\n<li>-2 de penalizador a los ataques con y sin armas</li>\n</ul>\n<p><strong>Efectos no aplicados</strong></p>\n<ul>\n<li>+3 de bonificador por objeto a las Pruebas de Saber</li>\n<li>Trata tus fallos críticos en Recordar Conocimiento como si fueran fallos</li>\n<li>La Impedimenta que puedes llevar antes de quedar impedido se reduce en 2</li>\n<li>Tu Impedimenta máxima se reducen en 4</li>\n</ul>"
		},
		{
			"id": "Effect: Cognitive Mutagen (Lesser)",
			"name": "Efecto: Mutágeno Cognitivo (menor)",
			"description": "<p>Otorgado por @Compendium[pf2e.equipment-srd.wbr6rkyaVYnDhdgV]{Mutágeno Cognitivo (menor)}</p>\n<p><strong>Efectos aplicados</strong></p>\n<ul>\n<li>+1 de bonificador por objeto a las pruebas de Arcanos, Artesanía, Ocultismo y Sociedad</li>\n<li>+1 de bonificador por objeto a todas las pruebas de Recordar Conocimiento</li>\n<li>-2 de penalizador a las pruebas de Atetlismo y Acrobacias</li>\n<li>-2 de penalizador a los ataques con y sin armas</li>\n</ul>\n<p><strong>Efectos no aplicados</strong></p>\n<ul>\n<li>+1 de bonificador por objeto a las Pruebas de Saber</li>\n<li>Trata tus fallos críticos en Recordar Conocimiento como si fueran fallos</li>\n<li>La Impedimenta que puedes llevar antes de quedar impedido se reduce en 2</li>\n<li>Tu Impedimenta máxima se reducen en 4</li>\n</ul>"
		},
		{
			"id": "Effect: Cognitive Mutagen (Major)",
			"name": "Efecto: Mutágeno Cognitivo (Major)",
			"description": "<p>Otorgado por @Compendium[pf2e.equipment-srd.VBK9i74dry8yf8f0]{Mutágeno Cognitivo (Major)}</p>\n<p><strong>Efectos aplicados</strong></p>\n<ul>\n<li>+4 de bonificador por objeto a las pruebas de Arcanos, Artesanía, Ocultismo y Sociedad</li>\n<li>+4 de bonificador por objeto a todas las pruebas de Recordar Conocimiento</li>\n<li>-2 de penalizador a las pruebas de Atetlismo y Acrobacias</li>\n<li>-2 de penalizador a los ataques con y sin armas</li>\n</ul>\n<p><strong>Efectos no aplicados</strong></p>\n<ul>\n<li>+4 de bonificador por objeto a las Pruebas de Saber</li>\n<li>Trata tus fallos críticos en Recordar Conocimiento como si fueran fallos</li>\n<li>La Impedimenta que puedes llevar antes de quedar impedido se reduce en 2</li>\n<li>Tu Impedimenta máxima se reducen en 4</li>\n</ul>"
		},
		{
			"id": "Effect: Cognitive Mutagen (Moderate)",
			"name": "Efecto: Mutágeno Cognitivo (moderado)",
			"description": "<p>Otorgado por @Compendium[pf2e.equipment-srd.qpzL9UnTi4cDhy6J]{Mutágeno Cognitivo (moderado)}</p>\n<p><strong>Efectos aplicados</strong></p>\n<ul>\n<li>+2 de bonificador por objeto a las pruebas de Arcanos, Artesanía, Ocultismo y Sociedad</li>\n<li>+2 de bonificador por objeto a todas las pruebas de Recordar Conocimiento</li>\n<li>-2 de penalizador a las pruebas de Atetlismo y Acrobacias</li>\n<li>-2 de penalizador a los ataques con y sin armas</li>\n</ul>\n<p><strong>Efectos no aplicados</strong></p>\n<ul>\n<li>+2 de bonificador por objeto a las Pruebas de Saber</li>\n<li>Trata tus fallos críticos en Recordar Conocimiento como si fueran fallos</li>\n<li>La Impedimenta que puedes llevar antes de quedar impedido se reduce en 2</li>\n<li>Tu Impedimenta máxima se reducen en 4</li>\n</ul>"
		},
		{
			"id": "Effect: Darkvision Elixir (Greater)",
			"name": "Efecto: Elixir de Visión en la Oscuridad (mayor)",
			"description": "<p>Otorgado por @Compendium[pf2e.equipment-srd.bz8Y8bVUe7QfBk9g]{Elixir de Visión en la Oscuridad (mayor)}</p>\n<p>Efectos aplicados:</p>\n<ul>\n<li>Ganas Visión en la Oscuridad</li>\n</ul>"
		},
		{
			"id": "Effect: Darkvision Elixir (Lesser)",
			"name": "Efecto: Elixir de Visión en la Oscuridad (menor)",
			"description": "<p>Otorgado por @Compendium[pf2e.equipment-srd.88pGCHV0uKMskTVO]{Elixir de Visión en la Oscuridad (menor)}</p>\n<p>Efectos aplicados:</p>\n<ul>\n<li>Ganas Visión en la Oscuridad</li>\n</ul>"
		},
		{
			"id": "Effect: Darkvision Elixir (Moderate)",
			"name": "Efecto: Elixir de Visión en la Oscuridad (moderado)",
			"description": "<p>Otorgado por @Compendium[pf2e.equipment-srd.Y8115p3cmQJBqk5d]{Elixir de Visión en la Oscuridad (moderado)}</p>\n<p>Efectos aplicados:</p>\n<ul>\n<li>Ganas Visión en la Oscuridad</li>\n</ul>"
		},
		{
			"id": "Effect: Dragon Turtle Scale",
			"name": "Efecto: Escama de Dragón Tortuga",
			"description": "<p>Otorgado por @Compendium[pf2e.equipment-srd.GnXKCkgZQG0UmuHz]{Escama de Dragón Tortuga}</p>\n<hr />\n<p>Efectos aplicados automáticamente:</p>\n<ul>\n<li>Ganas una velocidad de nado igual a la mitad de tu velocidad terrestre</li>\n</ul>"
		},
		{
			"id": "Effect: Drakeheart Mutagen (Greater)",
			"name": "Efecto: Mutágeno de Corazón de Draco (mayor)",
			"description": "<p>Otorgado por @Compendium[pf2e.equipment-srd.WuzLBK78DgIt8SsN]{Mutágeno de Corazón de Draco (mayor)}</p>\n<p><strong>Efectos aplicados</strong></p>\n<ul>\n<li>+6 de bonificador por objeto a la CA</li>\n<li>Tope de Destreza de +2</li>\n<li>+3 de bonificador por objeto a las pruebas de Percepción</li>\n<li>-1 de penalizador a las salvaciones de Sabiduría</li>\n<li>-1 de penalizador a las salvaciones de Reflejos</li>\n<li>-1 de penalizador a todas las pruebas de Recordar Conocimiento</li>\n</ul>\n<p><strong>Efectos no aplicados</strong></p>\n<ul>\n<li>Ganas la acción de Oleada Final</li>\n</ul>"
		},
		{
			"id": "Effect: Drakeheart Mutagen (Lesser)",
			"name": "Efecto: Mutágeno de Corazón de Draco (menor)",
			"description": "<p>Otorgado por @Compendium[pf2e.equipment-srd.GS4YvQieBS11JNYR]{Mutágeno de Corazón de Draco (menor)}</p>\n<p><strong>Efectos aplicados</strong></p>\n<ul>\n<li>+4 de bonificador por objeto a la CA</li>\n<li>Tope de Destreza de +2</li>\n<li>+1 de bonificador por objeto a las pruebas de Percepción</li>\n<li>-1 de penalizador a las salvaciones de Sabiduría</li>\n<li>-1 de penalizador a las salvaciones de Reflejos</li>\n<li>-1 de penalizador a todas las pruebas de Recordar Conocimiento</li>\n</ul>\n<p><strong>Efectos no aplicados</strong></p>\n<ul>\n<li>Ganas la acción de Oleada Final</li>\n</ul>"
		},
		{
			"id": "Effect: Drakeheart Mutagen (Major)",
			"name": "Efecto: Mutágeno de Corazón de Draco (superior)",
			"description": "<p>Otorgado por @Compendium[pf2e.equipment-srd.M4ZOHOlne43ArjOC]{Mutágeno de Corazón de Draco (superior)}</p>\n<p><strong>Efectos aplicados</strong></p>\n<ul>\n<li>+7 de bonificador por objeto a la CA</li>\n<li>Tope de Destreza de +2</li>\n<li>+4 de bonificador por objeto a las pruebas de Percepción</li>\n<li>-1 de penalizador a las salvaciones de Sabiduría</li>\n<li>-1 de penalizador a las salvaciones de Reflejos</li>\n<li>-1 de penalizador a todas las pruebas de Recordar Conocimiento</li>\n</ul>\n<p><strong>Efectos no aplicados</strong></p>\n<ul>\n<li>Ganas la acción de Oleada Final</li>\n</ul>"
		},
		{
			"id": "Effect: Drakeheart Mutagen (Moderate)",
			"name": "Efecto: Mutágeno de Corazón de Draco (moderado)",
			"description": "<p>Otorgado por @Compendium[pf2e.equipment-srd.xY2MogTwH9Fd8UPG]{Mutágeno de Corazón de Draco (moderado)}</p>\n<p><strong>Efectos aplicados</strong></p>\n<ul>\n<li>+5 de bonificador por objeto a la CA</li>\n<li>Tope de Destreza de +2</li>\n<li>+2 de bonificador por objeto a las pruebas de Percepción</li>\n<li>-1 de penalizador a las salvaciones de Sabiduría</li>\n<li>-1 de penalizador a las salvaciones de Reflejos</li>\n<li>-1 de penalizador a todas las pruebas de Recordar Conocimiento</li>\n</ul>\n<p><strong>Efectos no aplicados</strong></p>\n<ul>\n<li>Ganas la acción de Oleada Final</li>\n</ul>"
		},
		{
			"id": "Effect: Eagle Eye Elixir (Greater)",
			"name": "Efecto: Elixir de Ojo de Águila (mayor)",
			"description": "<p>Otorgado por @Compendium[pf2e.equipment-srd.xWCdsGSwLLTeX6tQ]{Elixir de Ojo de Águila (mayor)}</p>\n<p>Efectos aplicados:</p>\n<ul>\n<li>+3 de bonificador por objeto a las pruebas de Percepción</li>\n<li>+4 de bonificador por objeto a las pruebas de Percepción para encontrar puertas secretas y trampas</li>\n</ul>"
		},
		{
			"id": "Effect: Eagle Eye Elixir (Lesser)",
			"name": "Efecto: Elixir de Ojo de Águila (menor)",
			"description": "<p>Otorgado por @Compendium[pf2e.equipment-srd.7Y2yOr4ltpP2tyuL]{Elixir de Ojo de Águila (menor)}</p>\n<p>Efectos aplicados:</p>\n<ul>\n<li>+1 de bonificador por objeto a las pruebas de Percepción</li>\n<li>+2 de bonificador por objeto a las pruebas de Percepción para encontrar puertas secretas y trampas</li>\n</ul>"
		},
		{
			"id": "Effect: Eagle Eye Elixir (Major)",
			"name": "Efecto: Elixir de Ojo de Águila (superior)",
			"description": "<p>Otorgado por @Compendium[pf2e.equipment-srd.kicNrnZz1KjJYRVI]{Elixir de Ojo de Águila (superior)}</p>\n<p>Efectos aplicados:</p>\n<ul>\n<li>+3 de bonificador por objeto a las pruebas de Percepción</li>\n<li>+4 de bonificador por objeto a las pruebas de Percepción para encontrar puertas secretas y trampas</li>\n</ul>\n<p>Efectos no aplicados:</p>\n<ul>\n<li>Cada vez que pasas a 10 pies o menos de una puerta secreta o una trampa, el DJ hace una tirada secreta para ver si la encuentras</li>\n</ul>"
		},
		{
			"id": "Effect: Eagle Eye Elixir (Moderate)",
			"name": "Efecto: Elixir de Ojo de Águila (moderado)",
			"description": "<p>Otorgado por @Compendium[pf2e.equipment-srd.lPcnDlBGz5QwCMYw]{Elixir de Ojo de Águila (moderado)}</p>\n<p>Efectos aplicados:</p>\n<ul>\n<li>+2 de bonificador por objeto a las pruebas de Percepción</li>\n<li>+3 de bonificador por objeto a las pruebas de Percepción para encontrar puertas secretas y trampas</li>\n</ul>"
		},
		{
			"id": "Effect: Elixir of Life (Greater)",
			"name": "Efecto: Elixir de la Vida (mayor)",
			"description": "<p>Otorgado por @Compendium[pf2e.equipment-srd.mYozcVg9fQY6zO7C]{Elixir de la Vida (mayor)}</p>\n<p>Efectos aplicados:</p>\n<ul>\n<li>+2 de bonificador por objeto a las salvaciones contra enfermedades y venenos</li>\n</ul>\n<p>Efectos no aplicados:</p>\n<ul>\n<li>Cura [[/r {7d6+18}[curación]]]{7d6+18 Puntos de Golpe}</li>\n</ul>"
		},
		{
			"id": "Effect: Elixir of Life (Lesser)",
			"name": "Efecto: Elixir de la Vida (menor)",
			"description": "<p>Otorgado por @Compendium[pf2e.equipment-srd.TZUskLT7yvP7N2co]{Elixir de la Vida (menor)}</p>\n<p>Efectos aplicados:</p>\n<ul>\n<li>+1 de bonificador por objeto a las salvaciones contra enfermedades y venenos</li>\n</ul>\n<p>Efectos no aplicados:</p>\n<ul>\n<li>Cura [[/r {3d6+6}[curación]]]{3d6+6 Puntos de Golpe}</li>\n</ul>"
		},
		{
			"id": "Effect: Elixir of Life (Major)",
			"name": "Efecto: Elixir de la Vida (superior)",
			"description": "<p>Otorgado por @Compendium[pf2e.equipment-srd.AmxSqEoFhRLMYd1W]{Elixir de la Vida (superior)}</p>\n<p>Efectos aplicados:</p>\n<ul>\n<li>+3 de bonificador por objeto a las salvaciones contra enfermedades y venenos</li>\n</ul>\n<p>Efectos no aplicados:</p>\n<ul>\n<li>Cura [[/r {8d6+21}[curación]]]{8d6+21 Puntos de Golpe}</li>\n</ul>"
		},
		{
			"id": "Effect: Elixir of Life (Minor)",
			"name": "Efecto: Elixir de la Vida (inferior)",
			"description": "<p>Otorgado por @Compendium[pf2e.equipment-srd.hDLbR56Id2OtU318]{Elixir de la Vida (inferior)}</p>\n<p>Efectos aplicados:</p>\n<ul>\n<li>+1 de bonificador por objeto a las salvaciones contra enfermedades y venenos</li>\n</ul>\n<p>Efectos no aplicados:</p>\n<ul>\n<li>Cura [[/r {1d6}[curación]]]{1d6 Puntos de Golpe}</li>\n</ul>"
		},
		{
			"id": "Effect: Elixir of Life (Moderate)",
			"name": "Efecto: Elixir de la Vida (moderado)",
			"description": "<p>Otorgado por @Compendium[pf2e.equipment-srd.c21stU5rhN4F2fZl]{Elixir de la Vida (moderado)}</p>\n<p>Efectos aplicados:</p>\n<ul>\n<li>+2 de bonificador por objeto a las salvaciones contra enfermedades y venenos</li>\n</ul>\n<p>Efectos no aplicados:</p>\n<ul>\n<li>Cura [[/r {5d6+12}[curación]]]{5d6+12 Puntos de Golpe}</li>\n</ul>"
		},
		{
			"id": "Effect: Elixir of Life (True)",
			"name": "Efecto: Elixir de la Vida (verdadero)",
			"description": "<p>Otorgado por @Compendium[pf2e.equipment-srd.qK964kZz1ALcysOa]{Elixir de la Vida (verdadero)}</p>\n<p>Efectos aplicados:</p>\n<ul>\n<li>+4 de bonificador por objeto a las salvaciones contra enfermedades y venenos</li>\n</ul>\n<p>Efectos no aplicados:</p>\n<ul>\n<li>Cura [[/r {10d6+27}[curación]]]{10d6+27 Puntos de Golpe}</li>\n</ul>"
		},
		{
			"id": "Effect: Gecko Potion",
			"name": "Efecto: Poción de Geco",
			"description": "<p>Otorgado por @Compendium[pf2e.equipment-srd.hGw7Q1y2IEXRGAfv]{Poción de Geco}</p>\n<p>Efectos aplicados:</p>\n<ul>\n<li>+1 de bonificador por objeto a las pruebas de Atletismo a @Compendium[pf2e.actionspf2e.pprgrYQ1QnIDGZiy]{Trepar}</li>\n<li>+1 de bonificador por objeto a las pruebas de Latrocinio para @Compendium[pf2e.actionspf2e.ijZ0DDFpMkWqaShd]{Escamotear un Objeto}</li>\n<li>+1 de bonificador por objeto a la CD de Reflejos contra intentos de @Compendium[pf2e.actionspf2e.Dt6B1slsBy8ipJu9]{Desarmar}</li>\n</ul>"
		},
		{
			"id": "Effect: Juggernaut Mutagen (Greater)",
			"name": "Efecto: Mutágeno de Juggernaut (mayor)",
			"description": "<p>Otorgado por @Compendium[pf2e.equipment-srd.TMtQnY6yvIRCpK9v]{Mutágeno de Juggernaut (mayor)}</p>\n<p>Efectos aplicados:</p>\n<ul>\n<li>+3 de bonificador por objeto a las salvaciones de Fortaleza</li>\n<li>Gana 30 Puntos de Golpe temporales</li>\n<li>-2 de penalizador a las salvaciones de Sabiduría</li>\n<li>-2 de penalizador a las pruebas de Percepción</li>\n<li>-2 de penalizador a las tiradas de iniciativa</li>\n</ul>\n<p>Efectos no aplicados:</p>\n<ul>\n<li>Siempre que estés al máximo de Puntos de Golpe durante al menos 1 minuto completo, recuperas los Puntos de Golpe temporales</li>\n</ul>"
		},
		{
			"id": "Effect: Juggernaut Mutagen (Lesser)",
			"name": "Efecto: Mutágeno de Juggernaut (menor)",
			"description": "<p>Otorgado por @Compendium[pf2e.equipment-srd.xE0EdDrf734l2fQH]{Mutágeno de Juggernaut (menor)}</p>\n<p>Efectos aplicados:</p>\n<ul>\n<li>+1 de bonificador por objeto a las salvaciones de Fortaleza</li>\n<li>Gana 5 Puntos de Golpe temporales</li>\n<li>-2 de penalizador a las salvaciones de Sabiduría</li>\n<li>-2 de penalizador a las pruebas de Percepción</li>\n<li>-2 de penalizador a las tiradas de iniciativa</li>\n</ul>\n<p>Efectos no aplicados:</p>\n<ul>\n<li>Siempre que estés al máximo de Puntos de Golpe durante al menos 1 minuto completo, recuperas los Puntos de Golpe temporales</li>\n</ul>"
		},
		{
			"id": "Effect: Juggernaut Mutagen (Major)",
			"name": "Efecto: Mutágeno de Juggernaut (superior)",
			"description": "<p>Otorgado por @Compendium[pf2e.equipment-srd.1kNp6yOS0aZPBPzZ]{Mutágeno de Juggernaut (superior)}</p>\n<p>Efectos aplicados:</p>\n<ul>\n<li>+4 de bonificador por objeto a las salvaciones de Fortaleza</li>\n<li>Gana 45 Puntos de Golpe temporales</li>\n<li>-2 de penalizador a las salvaciones de Sabiduría</li>\n<li>-2 de penalizador a las pruebas de Percepción</li>\n<li>-2 de penalizador a las tiradas de iniciativa</li>\n</ul>\n<p>Efectos no aplicados:</p>\n<ul>\n<li>Siempre que estés al máximo de Puntos de Golpe durante al menos 1 minuto completo, recuperas los Puntos de Golpe temporales</li>\n</ul>"
		},
		{
			"id": "Effect: Juggernaut Mutagen (Moderate)",
			"name": "Efecto: Mutágeno de Juggernaut (moderado)",
			"description": "<p>Otorgado por @Compendium[pf2e.equipment-srd.mj9i9GeQTADByNPZ]{Mutágeno de Juggernaut (moderado)}</p>\n<p>Efectos aplicados:</p>\n<ul>\n<li>+2 de bonificador por objeto a las salvaciones de Fortaleza</li>\n<li>Gana 10 Puntos de Golpe temporales</li>\n<li>-2 de penalizador a las salvaciones de Sabiduría</li>\n<li>-2 de penalizador a las pruebas de Percepción</li>\n<li>-2 de penalizador a las tiradas de iniciativa</li>\n</ul>\n<p>Efectos no aplicados:</p>\n<ul>\n<li>Siempre que estés al máximo de Puntos de Golpe durante al menos 1 minuto completo, recuperas los Puntos de Golpe temporales</li>\n</ul>"
		},
		{
			"id": "Effect: Lastwall Soup",
			"name": "Efecto: Sopa de Última Muralla",
			"description": "<p>Otorgado por @Compendium[pf2e.equipment-srd.VeCNWhvEr82ZNoSV]{Sopa de Última Muralla}</p>\n<p>Efectos aplicados:</p>\n<ul>\n<li>+2 de bonificador por objeto a las pruebas de Sigilo contra muertos vivientes</li>\n</ul>\n<p>Efectos no aplicados:</p>\n<ul>\n<li>+2 de bonificador por objeto a la CD de Sigilo contra muertos vivientes</li>\n</ul>"
		},
		{
			"id": "Effect: Potion of Flying (Greater)",
			"name": "Efecto: Poción de Volar (mayor)",
			"description": "<p>Otorgado por @Compendium[pf2e.equipment-srd.E999hL7XlAlfZhjK]{Poción de Volar (mayor)}</p>\n<p>Efectos aplicados automáticamente:</p>\n<ul>\n<li>Ganas una velocidad de Vuelo de 40 pies</li>\n</ul>"
		},
		{
			"id": "Effect: Potion of Flying (Standard)",
			"name": "Efecto: Poción de Volar (normal)",
			"description": "<p>Otorgado por @Compendium[pf2e.equipment-srd.KlJSw919hpN6V9oK]{Poción de Volar (normal)}.</p>\n<p>Efectos aplicados automáticamente:</p>\n<ul>\n<li>Ganas una velocidad de Vuelo de 40 pies</li>\n</ul>"
		},
		{
			"id": "Effect: Potion of Swimming (Greater)",
			"name": "Efecto: Poción de Nadar (mayor)",
			"description": "<p>Otorgado por @Compendium[pf2e.equipment-srd.OMJgFmy3jut79Iaj]{Poción de Nadar (mayor)}</p>\n<p>Efectos aplicados automáticamente:</p>\n<ul>\n<li>Ganas una velocidad de Nado igual a tu velocidad Terrestre</li>\n</ul>"
		},
		{
			"id": "Effect: Potion of Swimming (Moderate)",
			"name": "Efecto: Poción de Nadar (moderado)",
			"description": "<p>Otorgado por @Compendium[pf2e.equipment-srd.Eb4dEuV22QVlMumS]{Poción de Nadar (moderado)}</p>\n<p>Efectos aplicados automáticamente:</p>\n<ul>\n<li>Ganas una velocidad de Nado igual a tu velocidad Terrestre</li>\n</ul>"
		},
		{
			"id": "Effect: Quicksilver Mutagen (Greater)",
			"name": "Efecto: Mutágeno de Mercurio (mayor)",
			"description": "<p>Otorgado por @Compendium[pf2e.equipment-srd.eQDTsetadI8u8Kc0]{Mutágeno de Mercurio (mayor)}</p>\n<p>Efectos aplicados:</p>\n<ul>\n<li>+3 de bonificador por objeto a las pruebas de Acrobacias, Sigilo y Latrocinio</li>\n<li>+3 de bonificador por objeto a las salvaciones de Reflejos</li>\n<li>+3 de bonificador por objeto a las tiradas de ataque basadas en Destreza</li>\n<li>+15 pies de bonificador por estatus a la Velocidad</li>\n<li>-2 de penalizador a las salvaciones de Fortaleza</li>\n</ul>\n<p>Efectos no aplicados:</p>\n<ul>\n<li>Sufres tanto daño como el doble de tu nivel; no puedes recuperar los Puntos de Golpe perdidos de esta forma en modo alguno mientras dura el mutágeno</li>\n</ul>"
		},
		{
			"id": "Effect: Quicksilver Mutagen (Lesser)",
			"name": "Efecto: Mutágeno de Mercurio (menor)",
			"description": "<p>Otorgado por @Compendium[pf2e.equipment-srd.5MKBwpE401uz4kNN]{Mutágeno de Mercurio (menor)}</p>\n<p>Efectos aplicados:</p>\n<ul>\n<li>+1 de bonificador por objeto a las pruebas de Acrobacias, Sigilo y Latrocinio</li>\n<li>+1 de bonificador por objeto a las salvaciones de Reflejos</li>\n<li>+1 de bonificador por objeto a las tiradas de ataque basadas en Destreza</li>\n<li>+5 pies de bonificador por estatus a la Velocidad</li>\n<li>-2 de penalizador a las salvaciones de Fortaleza</li>\n</ul>\n<p>Efectos no aplicados:</p>\n<ul>\n<li>Sufres tanto daño como el doble de tu nivel; no puedes recuperar los Puntos de Golpe perdidos de esta forma en modo alguno mientras dura el mutágeno</li>\n</ul>"
		},
		{
			"id": "Effect: Quicksilver Mutagen (Major)",
			"name": "Efecto: Mutágeno de Mercurio (superior)",
			"description": "<p>Otorgado por @Compendium[pf2e.equipment-srd.4GXzTN6iSDGfYEAi]{Mutágeno de Mercurio (superior)}</p>\n<p>Efectos aplicados:</p>\n<ul>\n<li>+4 de bonificador por objeto a las pruebas de Acrobacias, Sigilo y Latrocinio</li>\n<li>+4 de bonificador por objeto a las salvaciones de Reflejos</li>\n<li>+4 de bonificador por objeto a las tiradas de ataque basadas en Destreza</li>\n<li>+20 pies de bonificador por estatus a la Velocidad</li>\n<li>-2 de penalizador a las salvaciones de Fortaleza</li>\n</ul>\n<p>Efectos no aplicados:</p>\n<ul>\n<li>Sufres tanto daño como el doble de tu nivel; no puedes recuperar los Puntos de Golpe perdidos de esta forma en modo alguno mientras dura el mutágeno</li>\n</ul>"
		},
		{
			"id": "Effect: Quicksilver Mutagen (Moderate)",
			"name": "Efecto: Mutágeno de Mercurio (moderado)",
			"description": "<p>Otorgado por @Compendium[pf2e.equipment-srd.n52BSbZsnx4Vmt2p]{Mutágeno de Mercurio (moderado)}</p>\n<p>Efectos aplicados:</p>\n<ul>\n<li>+2 de bonificador por objeto a las pruebas de Acrobacias, Sigilo y Latrocinio</li>\n<li>+2 de bonificador por objeto a las salvaciones de Reflejos</li>\n<li>+2 de bonificador por objeto a las tiradas de ataque basadas en Destreza</li>\n<li>+10 pies de bonificador por estatus a la Velocidad</li>\n<li>-2 de penalizador a las salvaciones de Fortaleza</li>\n</ul>\n<p>Efectos no aplicados:</p>\n<ul>\n<li>Sufres tanto daño como el doble de tu nivel; no puedes recuperar los Puntos de Golpe perdidos de esta forma en modo alguno mientras dura el mutágeno</li>\n</ul>"
		},
		{
			"id": "Effect: Salve of Slipperiness",
			"name": "Efecto: Ungüento de Resbalamiento",
			"description": "<p>Otorgado por @Compendium[pf2e.equipment-srd.MobYbxEL4KgxVi63]{Ungüento de Resbalamiento}</p>\n<hr />\n<p>Efectos aplicados automáticamente:</p>\n<ul>\n<li>+2 de bonificador por objeto a las pruebas de Acrobacias para Huir o Escurrirse</li>\n</ul>"
		},
		{
			"id": "Effect: Sea Touch Elixir (Greater)",
			"name": "Efecto: Elixir de Toque del Mar (mayor)",
			"description": "<p>Otorgado por @Compendium[pf2e.equipment-srd.i4D4B7tpYv9vMvQY]{Elixir de Toque del Mar (mayor)}</p>\n<hr />\n<p>Efectos aplicados automáticamente:</p>\n<ul>\n<li>Gana una velocidad de Nado de 20 pies</li>\n</ul>"
		},
		{
			"id": "Effect: Sea Touch Elixir (Lesser)",
			"name": "Efecto: Elixir de Toque del Mar (menor)",
			"description": "<p>Otorgado por @Compendium[pf2e.equipment-srd.zcJgT5RS8p2MEbOB]{Elixir de Toque del Mar (menor)}</p>\n<hr />\n<p>Efectos aplicados automáticamente:</p>\n<ul>\n<li>Gana una velocidad de Nado de 20 pies</li>\n</ul>"
		},
		{
			"id": "Effect: Sea Touch Elixir (Moderate)",
			"name": "Efecto: Elixir de Toque del Mar (moderado)",
			"description": "<p>Otorgado por @Compendium[pf2e.equipment-srd.2hc1EEcb3pfr7Hac]{Elixir de Toque del Mar (moderado)}</p>\n<hr />\n<p>Efectos aplicados automáticamente:</p>\n<ul>\n<li>Gana una velocidad de Nado de 20 pies</li>\n</ul>"
		},
		{
			"id": "Effect: Serene Mutagen (Greater)",
			"name": "Efecto: Mutágeno Sereno (mayor)",
			"description": "<p>Otorgado por @Compendium[pf2e.equipment-srd.Yej7lnnDYDZybGqo]{Mutágeno Sereno (mayor)}</p>\n<p>Efectos aplicados:</p>\n<ul>\n<li>+3 de bonificador por objeto a las salvaciones de Sabiduría</li>\n<li>+4 de bonificador por objeto a las salvaciones de Sabiduría contra efectos mentales</li>\n<li>+3 de bonificador por objeto a las pruebas de Percepción</li>\n<li>+3 de bonificador por objeto a las pruebas de Medicina, Naturaleza, Religión y Supervivencia</li>\n<li>-1 de penalizador a las tiradas de ataque</li>\n</ul>\n<p>Efectos no aplicados:</p>\n<ul>\n<li>-1 de penalizador a las CD de las salvaciones contra conjuros ofensivos</li>\n<li>-1 de penalizador por dado de daño a todo el daño hecho con armas, ataques sin armas y conjuros</li>\n</ul>"
		},
		{
			"id": "Effect: Serene Mutagen (Lesser)",
			"name": "Efecto: Mutágeno Sereno (menor)",
			"description": "<p>Otorgado por @Compendium[pf2e.equipment-srd.bOPQDM54W8ZDoULY]{Mutágeno Sereno (menor)}</p>\n<p>Efectos aplicados:</p>\n<ul>\n<li>+1 de bonificador por objeto a las salvaciones de Sabiduría</li>\n<li>+2 de bonificador por objeto a las salvaciones de Sabiduría contra efectos mentales</li>\n<li>+1 de bonificador por objeto a las pruebas de Percepción</li>\n<li>+1 de bonificador por objeto a las pruebas de Medicina, Naturaleza, Religión y Supervivencia</li>\n<li>-1 de penalizador a las tiradas de ataque</li>\n</ul>\n<p>Efectos no aplicados:</p>\n<ul>\n<li>-1 de penalizador a las CD de las salvaciones contra conjuros ofensivos</li>\n<li>-1 de penalizador por dado de daño a todo el daño hecho con armas, ataques sin armas y conjuros</li>\n</ul>"
		},
		{
			"id": "Effect: Serene Mutagen (Major)",
			"name": "Efecto: Mutágeno Sereno (superior)",
			"description": "<p>Otorgado por @Compendium[pf2e.equipment-srd.ccrdVliTNBh2mNZf]{Mutágeno Sereno (superior)}</p>\n<p>Efectos aplicados:</p>\n<ul>\n<li>+4 de bonificador por objeto a las salvaciones de Sabiduría</li>\n<li>+5 de bonificador por objeto a las salvaciones de Sabiduría contra efectos mentales</li>\n<li>+4 de bonificador por objeto a las pruebas de Percepción</li>\n<li>+4 de bonificador por objeto a las pruebas de Medicina, Naturaleza, Religión y Supervivencia</li>\n<li>-1 de penalizador a las tiradas de ataque</li>\n</ul>\n<p>Efectos no aplicados:</p>\n<ul>\n<li>-1 de penalizador a las CD de las salvaciones contra conjuros ofensivos</li>\n<li>-1 de penalizador por dado de daño a todo el daño hecho con armas, ataques sin armas y conjuros</li>\n</ul>"
		},
		{
			"id": "Effect: Serene Mutagen (Moderate)",
			"name": "Efecto: Mutágeno Sereno (moderado)",
			"description": "<p>Otorgado por @Compendium[pf2e.equipment-srd.XEYveTvLH1lJ4jeI]{Mutágeno Sereno (moderado)}</p>\n<p>Efectos aplicados:</p>\n<ul>\n<li>+2 de bonificador por objeto a las salvaciones de Sabiduría</li>\n<li>+3 de bonificador por objeto a las salvaciones de Sabiduría contra efectos mentales</li>\n<li>+2 de bonificador por objeto a las pruebas de Percepción</li>\n<li>+2 de bonificador por objeto a las pruebas de Medicina, Naturaleza, Religión y Supervivencia</li>\n<li>-1 de penalizador a las tiradas de ataque</li>\n</ul>\n<p>Efectos no aplicados:</p>\n<ul>\n<li>-1 de penalizador a las CD de las salvaciones contra conjuros ofensivos</li>\n<li>-1 de penalizador por dado de daño a todo el daño hecho con armas, ataques sin armas y conjuros</li>\n</ul>"
		},
		{
			"id": "Effect: Shielding Salve",
			"name": "Efecto: Ungüento de Protección",
			"description": "<p>Otorgado por @Compendium[pf2e.equipment-srd.EWujUs3YmlBu2jhm]{Ungüento de Protección}</p>\n<hr />\n<p>Efectos aplicados automáticamente:</p>\n<ul>\n<li>Gana un +1 de bono por circunstancia a la CA</li>\n</ul>"
		},
		{
			"id": "Effect: Shrinking Potion (Greater)",
			"name": "Efecto: Poción de Disminución (mayor)",
			"description": "<p>Otorgado por @Compendium[pf2e.equipment-srd.5xsfj30uXMKINxnk]{Poción de Disminución (mayor)}</p>\n<hr />\n<p>Efectos aplicados automáticamente:</p>\n<ul>\n<li>Gana un +2 de bonificador por objeto a las pruebas de Sigilo mientras estés encogido</li>\n</ul>"
		},
		{
			"id": "Effect: Silvertongue Mutagen (Greater)",
			"name": "Efecto: Mutágeno de Pico de Oro (mayor)",
			"description": "<p>Otorgado por @Compendium[pf2e.equipment-srd.uggpIk6vguWFXVli]{Mutágeno de Pico de Oro (mayor)}</p>\n<p>Efectos aplicados:</p>\n<ul>\n<li>+3 de bonificador por objeto a las pruebas de Diplomacia, Engaño, Interpretación e Intimidación</li>\n<li>-2 de penalizador por objeto a las pruebas de Arcanos, Artesanía, Ocultismo y Sociedad</li>\n</ul>\n<p>Efectos no aplicados:</p>\n<ul>\n<li>Los fallos críticos en Diplomacia, Engaño, Interpretación e Intimidación se convierten en fallos simples</li>\n<li>-2 de penalizador por objeto a las pruebas de Arcanos, Artesanía, Ocultismo, Saber y Sociedad</li>\n<li>Mientras dure el mutágeno, una habilidad a tu elección en la que estés entrenado, cuenta como no entrenada</li>\n<li>Todos los fallos en las pruebas de Recordar Conocimiento se convierten en fallos críticos</li>\n</ul>"
		},
		{
			"id": "Effect: Silvertongue Mutagen (Lesser)",
			"name": "Efecto: Mutágeno de Pico de Oro (menor)",
			"description": "<p>Otorgado por @Compendium[pf2e.equipment-srd.YwRAHWW8yUI07sy9]{Mutágeno de Pico de Oro (menor)}</p>\n<p>Efectos aplicados:</p>\n<ul>\n<li>+1 de bonificador por objeto a las pruebas de Diplomacia, Engaño, Interpretación e Intimidación</li>\n<li>-2 de penalizador por objeto a las pruebas de Arcanos, Artesanía, Ocultismo y Sociedad</li>\n</ul>\n<p>Efectos no aplicados:</p>\n<ul>\n<li>Los fallos críticos en Diplomacia, Engaño, Interpretación e Intimidación se convierten en fallos simples</li>\n<li>-2 de penalizador por objeto a las pruebas de Arcanos, Artesanía, Ocultismo, Saber y Sociedad</li>\n<li>Mientras dure el mutágeno, una habilidad en la que estés entrenado, cuenta como no entrenada</li>\n<li>Todos los fallos en las pruebas de Recordar Conocimiento se convierten en fallos críticos</li>\n</ul>"
		},
		{
			"id": "Effect: Silvertongue Mutagen (Major)",
			"name": "Efecto: Mutágeno de Pico de Oro (superior)",
			"description": "<p>Otorgado por @Compendium[pf2e.equipment-srd.uD5vRYVOXNJ53sEE]{Mutágeno de Pico de Oro (superior)}</p>\n<p>Efectos aplicados:</p>\n<ul>\n<li>+4 de bonificador por objeto a las pruebas de Diplomacia, Engaño, Interpretación e Intimidación</li>\n<li>-2 de penalizador por objeto a las pruebas de Arcanos, Artesanía, Ocultismo y Sociedad</li>\n</ul>\n<p>Efectos no aplicados:</p>\n<ul>\n<li>Los fallos críticos en Diplomacia, Engaño, Interpretación e Intimidación se convierten en fallos simples</li>\n<li>-2 de penalizador por objeto a las pruebas de Arcanos, Artesanía, Ocultismo, Saber y Sociedad</li>\n<li>Mientras dure el mutágeno, una habilidad en la que estés entrenado, cuenta como no entrenada</li>\n<li>Todos los fallos en las pruebas de Recordar Conocimiento se convierten en fallos críticos</li>\n</ul>"
		},
		{
			"id": "Effect: Silvertongue Mutagen (Moderate)",
			"name": "Efecto: Mutágeno de Pico de Oro (moderado)",
			"description": "<p>Otorgado por @Compendium[pf2e.equipment-srd.lIExlUFBKvBue8hb]{Mutágeno de Pico de Oro (moderado)}</p>\n<p>Efectos aplicados:</p>\n<ul>\n<li>+2 de bonificador por objeto a las pruebas de Diplomacia, Engaño, Interpretación e Intimidación</li>\n<li>-2 de penalizador por objeto a las pruebas de Arcanos, Artesanía, Ocultismo y Sociedad</li>\n</ul>\n<p>Efectos no aplicados:</p>\n<ul>\n<li>Los fallos críticos en Diplomacia, Engaño, Interpretación e Intimidación se convierten en fallos simples</li>\n<li>-2 de penalizador por objeto a las pruebas de Arcanos, Artesanía, Ocultismo, Saber y Sociedad</li>\n<li>Mientras dure el mutágeno, una habilidad en la que estés entrenado, cuenta como no entrenada</li>\n<li>Todos los fallos en las pruebas de Recordar Conocimiento se convierten en fallos críticos</li>\n</ul>"
		},
		{
			"id": "Effect: Sixfingers Elixir (Greater)",
			"name": "Efecto: Elixir de Seis Dedos (mayor)",
			"description": "<p>Otorgado por @Compendium[pf2e.equipment-srd.6odVabL0WL2H89Ic]{Elixir de Seis Dedos (mayor)}</p>\n<hr />\n<p>Efectos aplicados automáticamente:</p>\n<ul>\n<li>Ganas una velocidad de Trepar de 20 pies</li>\n</ul>"
		},
		{
			"id": "Effect: Sixfingers Elixir (Lesser)",
			"name": "Efecto: Elixir de Seis Dedos (menor)",
			"description": "<p>Otorgado por @Compendium[pf2e.equipment-srd.JAOWw2GhupaYoYg9]{Elixir de Seis Dedos (menor)}</p>\n<hr />\n<p>Efectos aplicados automáticamente:</p>\n<ul>\n<li>Ganas una velocidad de Trepar de 20 pies</li>\n</ul>"
		},
		{
			"id": "Effect: Sixfingers Elixir (Moderate)",
			"name": "Efecto: Elixir de Seis Dedos (moderado)",
			"description": "<p>Otorgado por @Compendium[pf2e.equipment-srd.ieVRS2BjiWqauly6]{Elixir de Seis Dedos (moderado)}</p>\n<hr />\n<p>Efectos aplicados automáticamente:</p>\n<ul>\n<li>Ganas una velocidad de Trepar de 20 pies</li>\n</ul>"
		},
		{
			"id": "Effect: Skeptic's Elixir (Greater)",
			"name": "Efecto: Elixir del Escéptico (mayor)",
			"description": "<p>Otorgado por @Compendium[pf2e.equipment-srd.SjbenbdzV4rgGxZP]{Elixir del Escéptico (mayor)}</p>\n<p>Efectos aplicados:</p>\n<ul>\n<li>+3 de bonificador por objeto a las pruebas de Percepción</li>\n<li>+3 de bonificador por objeto a las CD de Percepción para detectar falsedades, sean habladas o escritas</li>\n<li>+3 de bonificador por objeto a las salvaciones de Voluntad</li>\n</ul>"
		},
		{
			"id": "Effect: Skeptic's Elixir (Lesser)",
			"name": "Efecto: Elixir del Escéptico (menor)",
			"description": "<p>Otorgado por @Compendium[pf2e.equipment-srd.eHVZBmtzEcnsHSk8]{Elixir del Escéptico (menor)}</p>\n<p>Efectos aplicados:</p>\n<ul>\n<li>+1 de bonificador por objeto a las pruebas de Percepción</li>\n<li>+1 de bonificador por objeto a las CD de Percepción para detectar falsedades, sean habladas o escritas</li>\n<li>+1 de bonificador por objeto a las salvaciones de Voluntad</li>\n</ul>"
		},
		{
			"id": "Effect: Skeptic's Elixir (Moderate)",
			"name": "Efecto: Elixir del Escéptico (moderado)",
			"description": "<p>Otorgado por @Compendium[pf2e.equipment-srd.xGmX6Vuuhivyal8v]{Elixir del Escéptico (moderado)}</p>\n<p>Efectos aplicados:</p>\n<ul>\n<li>+2 de bonificador por objeto a las pruebas de Percepción</li>\n<li>+2 de bonificador por objeto a las CD de Percepción para detectar falsedades, sean habladas o escritas</li>\n<li>+2 de bonificador por objeto a las salvaciones de Voluntad</li>\n</ul>"
		},
		{
			"id": "Effect: Skinstitch Salve",
			"name": "Efecto: Ungüento para Coser Carne",
			"description": "<p>Otorgado por @Compendium[pf2e.equipment-srd.FgAPV0iLE6R1QMJ5]{Ungüento para Coser Carne}</p>\n<hr />\n<p>Efectos aplicados automáticamente:</p>\n<ul>\n<li>Gana un +2 de bonificador por objeto a las pruebas de Medicina</li>\n</ul>"
		},
		{
			"id": "Effect: Stone Body Mutagen (Greater)",
			"name": "Efecto: Mutágeno de Cuerpo Pétreo (mayor)",
			"description": "<p>Otorgado por @Compendium[pf2e.equipment-srd.cqTCg6C0lvYUKQmx]{Mutágeno de Cuerpo Pétreo (mayor)}</p>\n<p>Efectos aplicados:</p>\n<ul>\n<li>-2 de penalizador a las salvaciones de Reflejos</li>\n<li>-10 pies de penalizador a la velocidad</li>\n</ul>\n<p>Efectos no aplicados:</p>\n<ul>\n<li>Resistencia 10 al daño físico (excepto contundente)</li>\n</ul>"
		},
		{
			"id": "Effect: Stone Body Mutagen (Lesser)",
			"name": "Efecto: Mutágeno de Cuerpo Pétreo (menor)",
			"description": "<p>Otorgado por @Compendium[pf2e.equipment-srd.5ftFTiKY0BMvhzL9]{Mutágeno de Cuerpo Pétreo (menor)}</p>\n<p>Efectos aplicados:</p>\n<ul>\n<li>-2 de penalizador a las salvaciones de Reflejos</li>\n<li>-10 pies de penalizador a la velocidad</li>\n</ul>\n<p>Efectos no aplicados:</p>\n<ul>\n<li>Resistencia 5 al daño físico (excepto contundente)</li>\n</ul>"
		},
		{
			"id": "Effect: Stone Body Mutagen (Moderate)",
			"name": "Efecto: Mutágeno de Cuerpo Pétreo (moderado)",
			"description": "<p>Otorgado por @Compendium[pf2e.equipment-srd.FZ6SMwiei6NnEp3e]{Mutágeno de Cuerpo Pétreo (moderado)}</p>\n<p>Efectos aplicados:</p>\n<ul>\n<li>-2 de penalizador a las salvaciones de Reflejos</li>\n<li>-10 pies de penalizador a la velocidad</li>\n</ul>\n<p>Efectos no aplicados:</p>\n<ul>\n<li>Resistencia 5 al daño físico (excepto contundente)</li>\n</ul>"
		},
		{
			"id": "Effect: Stone Fist Elixir",
			"name": "Efecto: Elixir de Puño de Piedra",
			"description": "<p>Otorgado por @Compendium[pf2e.equipment-srd.YcvSw7Zn3oyqlJaw]{Elixir de Puño de Piedra}</p>\n<hr />\n<p>Efectos aplicados automáticamente:</p>\n<ul>\n<li>Tus puños hacen 1d6 de daño contundente y pierden el rasgo no letal</li>\n</ul>"
		},
		{
			"id": "Effect: Sun Orchid Poultice",
			"name": "Efecto: Cataplasma de Orquídea Solar",
			"description": "<p>Otorgado por @Compendium[pf2e.equipment-srd.1LKJvK9ofzIIkQX3]{Cataplasma de Orquídea Solar}</p>\n<hr />\n<p>Efectos aplicados automáticamente:</p>\n<ul>\n<li>+3 de bonificador por objeto a las salvaciones</li>\n<li>Gana 20 Puntos de Golpe temporales</li>\n</ul>"
		},
		{
			"id": "Effect: Vermin Repellent Agent (Greater)",
			"name": "Efecto: Agente Repelente de Bichos (mayor)",
			"description": "<p>Otorgado por @Compendium[pf2e.equipment-srd.CReWZjAd3szYQ6Mx]{Agente Repelente de Bichos (mayor)}</p>\n<hr />\n<p>Efectos aplicados automáticamente:</p>\n<ul>\n<li>Gana un +3 de bonificador por objeto a las salvaciones de Fortaleza contra venenos</li>\n</ul>"
		},
		{
			"id": "Effect: Vermin Repellent Agent (Lesser)",
			"name": "Efecto: Agente Repelente de Bichos (menor)",
			"description": "<p>Otorgado por @Compendium[pf2e.equipment-srd.lgqyRmQ3GZbbxQsD]{Agente Repelente de Bichos (menor)}</p>\n<hr />\n<p>Efectos aplicados automáticamente:</p>\n<ul>\n<li>Gana un +1 de bonificador por objeto a las salvaciones de Fortaleza contra venenos</li>\n</ul>"
		},
		{
			"id": "Effect: Vermin Repellent Agent (Major)",
			"name": "Efecto: Agente Repelente de Bichos (superior)",
			"description": "<p>Otorgado por @Compendium[pf2e.equipment-srd.C6v5p0ZtIUroYlU2]{Agente Repelente de Bichos (superior)}</p>\n<hr />\n<p>Efectos aplicados automáticamente:</p>\n<ul>\n<li>Gana un +4 de bonificador por objeto a las salvaciones de Fortaleza contra venenos</li>\n</ul>"
		},
		{
			"id": "Effect: Vermin Repellent Agent (Moderate)",
			"name": "Efecto: Agente Repelente de Bichos (moderado)",
			"description": "<p>Otorgado por @Compendium[pf2e.equipment-srd.WGbE7qAGw8O5yH07]{Agente Repelente de Bichos (moderado)}</p>\n<hr />\n<p>Efectos aplicados automáticamente:</p>\n<ul>\n<li>Gana un +2 de bonificador por objeto a las salvaciones de Fortaleza contra venenos</li>\n</ul>"
		}
	]
}