{
	"label": "Glosario de aptitudes del Bestiario",
	"entries": [
		{
			"id": "+1 Status to All Saves vs Magic",
			"name": "+1 por estatus a las salvaciones contra la magia",
			"description": ""
		},
		{
			"id": "All-Around Vision",
			"name": "Visión periférica total",
			"description": "<p>@Localize[PF2E.NPC.Abilities.Glossary.AllAroundVision]</p>"
		},
		{
			"id": "Aquatic Ambush",
			"name": "Emboscada acuática",
			"description": "<p>@Localize[PF2E.NPC.Abilities.Glossary.AquaticAmbush]</p>"
		},
		{
			"id": "At-Will Spells",
			"name": "Conjuros a voluntad",
			"description": "<p>@Localize[PF2E.NPC.Abilities.Glossary.AtWillSpells]</p>"
		},
		{
			"id": "Attack of Opportunity",
			"name": "Ataque de oportunidad",
			"description": "<p>@Localize[PF2E.NPC.Abilities.Glossary.AttackOfOpportunity]</p>"
		},
		{
			"id": "Aura",
			"name": "Aura",
			"description": "<p>@Localize[PF2E.NPC.Abilities.Glossary.Aura]</p>"
		},
		{
			"id": "Buck",
			"name": "Encabritarse",
			"description": "<p>@Check[type:reflex]</p>\n<p>@Localize[PF2E.NPC.Abilities.Glossary.Buck]</p>"
		},
		{
			"id": "Catch Rock",
			"name": "Atrapar roca",
			"description": "<p>@Localize[PF2E.NPC.Abilities.Glossary.CatchRock]</p>"
		},
		{
			"id": "Change Shape",
			"name": "Cambiar de forma",
			"description": "<p>@Localize[PF2E.NPC.Abilities.Glossary.ChangeShape]</p>"
		},
		{
			"id": "Constant Spells",
			"name": "Conjuros constantes",
			"description": "<p>@Localize[PF2E.NPC.Abilities.Glossary.ConstantSpells]</p>"
		},
		{
			"id": "Constrict",
			"name": "Constreñir",
			"description": "<p>@Localize[PF2E.NPC.Abilities.Glossary.Constrict]</p>"
		},
		{
			"id": "Coven",
			"name": "Aquelarre",
			"description": "<p>@Localize[PF2E.NPC.Abilities.Glossary.Coven]</p>"
		},
		{
			"id": "Darkvision",
			"name": "Visión en la oscuridad",
			"description": "<p>@Localize[PF2E.NPC.Abilities.Glossary.Darkvision]</p>"
		},
		{
			"id": "Disease",
			"name": "Enfermedad",
			"description": "<p>@Localize[PF2E.NPC.Abilities.Glossary.Disease]</p>"
		},
		{
			"id": "Engulf",
			"name": "Envolver",
			"description": "<p>@Localize[PF2E.NPC.Abilities.Glossary.Engulf]</p>"
		},
		{
			"id": "Fast Healing",
			"name": "Curación rápida",
			"description": "<p>@Localize[PF2E.NPC.Abilities.Glossary.FastHealing]</p>"
		},
		{
			"id": "Ferocity",
			"name": "Ferocidad",
			"description": "<p>@Localize[PF2E.NPC.Abilities.Glossary.Ferocity]</p>"
		},
		{
			"id": "Form Up",
			"name": "Formación",
			"description": "<p>@Localize[PF2E.NPC.Abilities.Glossary.FormUp]</p>"
		},
		{
			"id": "Frightful Presence",
			"name": "Presencia temible",
			"description": "<p>@Template[type:emanation|distance:0]{0 feet} @Compendium[pf2e.bestiary-ability-glossary-srd.v61oEQaDdcRpaZ9X]{Aura} @Check[type:will]</p>\n<hr />\n<p>@Localize[PF2E.NPC.Abilities.Glossary.FrightfulPresence]</p>"
		},
		{
			"id": "Grab",
			"name": "Agarrón",
			"description": "<p>@Localize[PF2E.NPC.Abilities.Glossary.Grab]</p>"
		},
		{
			"id": "Greater Constrict",
			"name": "Constreñir mayor",
			"description": "<p>@Localize[PF2E.NPC.Abilities.Glossary.GreaterConstrict]</p>"
		},
		{
			"id": "Greater Darkvision",
			"name": "Visión en la oscuridad mayor",
			"description": "<p>@Localize[PF2E.NPC.Abilities.Glossary.GreaterDarkvision]</p>"
		},
		{
			"id": "Improved Grab",
			"name": "Agarrón mejorado",
			"description": "<p>@Localize[PF2E.NPC.Abilities.Glossary.ImprovedGrab]</p>"
		},
		{
			"id": "Improved Knockdown",
			"name": "Derribar mejorado",
			"description": "<p>@Localize[PF2E.NPC.Abilities.Glossary.ImprovedKnockdown]</p>"
		},
		{
			"id": "Improved Push",
			"name": "Empujar mejorado",
			"description": "<p>@Localize[PF2E.NPC.Abilities.Glossary.ImprovedPush]</p>"
		},
		{
			"id": "Knockdown",
			"name": "Derribar",
			"description": "<p>@Localize[PF2E.NPC.Abilities.Glossary.Knockdown]</p>"
		},
		{
			"id": "Lifesense",
			"name": "Sentir vida",
			"description": "<p>@Localize[PF2E.NPC.Abilities.Glossary.Lifesense]</p>"
		},
		{
			"id": "Light Blindness",
			"name": "Ceguera ante la luz",
			"description": "<p>@Localize[PF2E.NPC.Abilities.Glossary.LightBlindness]</p>"
		},
		{
			"id": "Low-Light Vision",
			"name": "Visión en la penumbra",
			"description": "<p>@Localize[PF2E.NPC.Abilities.Glossary.LowLightVision]</p>"
		},
		{
			"id": "Negative Healing",
			"name": "Curación negativa",
			"description": "<p>@Localize[PF2E.NPC.Abilities.Glossary.NegativeHealing]</p>"
		},
		{
			"id": "Nimble Dodge",
			"name": "Esquiva ágil",
			"description": "<p><strong>Desencadenante</strong> Una criatura te designa como objetivo de un ataque y puedes ver al atacante.</p>\n<p><strong>Requisitos</strong> No estar impedido.</p>\n<hr />\n<p>Haces una hábil esquiva, obteniendo un bonificador +2 por circunstancia a la CA contra el ataque desencadenante.</p>"
		},
		{
			"id": "Poison",
			"name": "Veneno",
			"description": "<p>@Localize[PF2E.NPC.Abilities.Glossary.Poison]</p>"
		},
		{
			"id": "Power Attack",
			"name": "Ataque poderoso",
			"description": "<p>@Localize[PF2E.NPC.Abilities.Glossary.PowerAttack]</p>"
		},
		{
			"id": "Push",
			"name": "Empujar",
			"description": "<p>@Localize[PF2E.NPC.Abilities.Glossary.Push]</p>"
		},
		{
			"id": "Regeneration",
			"name": "Regeneración",
			"description": "<p>@Localize[PF2E.NPC.Abilities.Glossary.Regeneration]</p>"
		},
		{
			"id": "Rend",
			"name": "Rasgadura",
			"description": "<p>@Localize[PF2E.NPC.Abilities.Glossary.Rend]</p>"
		},
		{
			"id": "Retributive Strike",
			"name": "Impacto retributivo",
			"description": "<p>@Localize[PF2E.NPC.Abilities.Glossary.RetributiveStrike]</p>"
		},
		{
			"id": "Scent",
			"name": "Olfato",
			"description": "<p>@Localize[PF2E.NPC.Abilities.Glossary.Scent]</p>"
		},
		{
			"id": "Shield Block",
			"name": "Bloquear con el escudo",
			"description": "<p>@Localize[PF2E.NPC.Abilities.Glossary.ShieldBlock]</p>"
		},
		{
			"id": "Sneak Attack",
			"name": "Ataque furtivo",
			"description": "<p>@Localize[PF2E.NPC.Abilities.Glossary.SneakAttack]</p>"
		},
		{
			"id": "Swallow Whole",
			"name": "Engullir",
			"description": "<p>@Localize[PF2E.NPC.Abilities.Glossary.SwallowWhole]</p>"
		},
		{
			"id": "Swarm Mind",
			"name": "Mente de plaga",
			"description": "<p>@Localize[PF2E.NPC.Abilities.Glossary.SwarmMind]</p>"
		},
		{
			"id": "Telepathy",
			"name": "Telepatía",
			"description": "<p>@Localize[PF2E.NPC.Abilities.Glossary.Telepathy]</p>"
		},
		{
			"id": "Thoughtsense",
			"name": "Sentir pensamientos",
			"description": "<p>@Localize[PF2E.NPC.Abilities.Glossary.Thoughtsense]</p>"
		},
		{
			"id": "Throw Rock",
			"name": "Arrojar roca",
			"description": "<p>@Localize[PF2E.NPC.Abilities.Glossary.ThrowRock]</p>"
		},
		{
			"id": "Trample",
			"name": "Pisotear",
			"description": "<p>@Localize[PF2E.NPC.Abilities.Glossary.Trample]</p>"
		},
		{
			"id": "Tremorsense",
			"name": "Sentido de la vibración",
			"description": "<p>@Localize[PF2E.NPC.Abilities.Glossary.Tremorsense]</p>"
		},
		{
			"id": "Troop Defenses",
			"name": "Defensas de tropa",
			"description": "<p>@Localize[PF2E.NPC.Abilities.Glossary.TroopDefenses]</p>"
		},
		{
			"id": "Wavesense",
			"name": "Sentir ondulaciones",
			"description": "<p>@Localize[PF2E.NPC.Abilities.Glossary.Wavesense]</p>"
		}
	]
}