{
	"label": "NPC Gallery",
	"entries": [
		{
			"id": "Acolyte of Nethys",
			"name": "Acolyte of Nethys"
		},
		{
			"id": "Acrobat",
			"name": "Acrobat"
		},
		{
			"id": "Adept",
			"name": "Adept"
		},
		{
			"id": "Advisor",
			"name": "Advisor"
		},
		{
			"id": "Antipaladin",
			"name": "Antipaladin"
		},
		{
			"id": "Apothecary",
			"name": "Apothecary"
		},
		{
			"id": "Apprentice",
			"name": "Apprentice"
		},
		{
			"id": "Archer Sentry",
			"name": "Archer Sentry"
		},
		{
			"id": "Assassin",
			"name": "Assassin"
		},
		{
			"id": "Astronomer",
			"name": "Astronomer"
		},
		{
			"id": "Azarketi Crab Catcher",
			"name": "Azarketi Crab Catcher"
		},
		{
			"id": "Azarketi Sailor",
			"name": "Azarketi Sailor"
		},
		{
			"id": "Azarketi Tide Tamer",
			"name": "Azarketi Tide Tamer"
		},
		{
			"id": "Bandit",
			"name": "Bandit"
		},
		{
			"id": "Barkeep",
			"name": "Barkeep"
		},
		{
			"id": "Barrister",
			"name": "Barrister"
		},
		{
			"id": "Beast Tamer",
			"name": "Beast Tamer"
		},
		{
			"id": "Beggar",
			"name": "Beggar"
		},
		{
			"id": "Bodyguard",
			"name": "Bodyguard"
		},
		{
			"id": "Bosun",
			"name": "Bosun"
		},
		{
			"id": "Bounty Hunter",
			"name": "Bounty Hunter"
		},
		{
			"id": "Burglar",
			"name": "Burglar"
		},
		{
			"id": "Captain Of The Guard",
			"name": "Captain Of The Guard"
		},
		{
			"id": "Changeling Hellknight",
			"name": "Changeling Hellknight"
		},
		{
			"id": "Charlatan",
			"name": "Charlatan"
		},
		{
			"id": "Charming Scoundrel",
			"name": "Charming Scoundrel"
		},
		{
			"id": "Chronicler",
			"name": "Chronicler"
		},
		{
			"id": "Commoner",
			"name": "Commoner"
		},
		{
			"id": "Cult Leader",
			"name": "Cult Leader"
		},
		{
			"id": "Cultist",
			"name": "Cultist"
		},
		{
			"id": "Dancer",
			"name": "Dancer"
		},
		{
			"id": "Demonologist",
			"name": "Demonologist"
		},
		{
			"id": "Despot",
			"name": "Despot"
		},
		{
			"id": "Dockhand",
			"name": "Dockhand"
		},
		{
			"id": "Drunkard",
			"name": "Drunkard"
		},
		{
			"id": "Ethereal Sailor",
			"name": "Ethereal Sailor"
		},
		{
			"id": "Executioner",
			"name": "Executioner"
		},
		{
			"id": "False Priest",
			"name": "False Priest"
		},
		{
			"id": "Farmer",
			"name": "Farmer"
		},
		{
			"id": "Fence",
			"name": "Fence"
		},
		{
			"id": "Gang Leader",
			"name": "Gang Leader"
		},
		{
			"id": "Grave Robber",
			"name": "Grave Robber"
		},
		{
			"id": "Gravedigger",
			"name": "Gravedigger"
		},
		{
			"id": "Guard",
			"name": "Guard"
		},
		{
			"id": "Guide",
			"name": "Guide"
		},
		{
			"id": "Guildmaster",
			"name": "Guildmaster"
		},
		{
			"id": "Harbormaster",
			"name": "Harbormaster"
		},
		{
			"id": "Harrow Reader",
			"name": "Harrow Reader"
		},
		{
			"id": "Hellknight Armiger",
			"name": "Hellknight Armiger"
		},
		{
			"id": "Hellknight Paravicar",
			"name": "Hellknight Paravicar"
		},
		{
			"id": "Hunter",
			"name": "Hunter"
		},
		{
			"id": "Innkeeper",
			"name": "Innkeeper"
		},
		{
			"id": "Jailer",
			"name": "Jailer"
		},
		{
			"id": "Judge",
			"name": "Judge"
		},
		{
			"id": "Librarian",
			"name": "Librarian"
		},
		{
			"id": "Mage For Hire",
			"name": "Mage For Hire"
		},
		{
			"id": "Mastermind",
			"name": "Mastermind"
		},
		{
			"id": "Merchant",
			"name": "Merchant"
		},
		{
			"id": "Miner",
			"name": "Miner"
		},
		{
			"id": "Monster Hunter",
			"name": "Monster Hunter"
		},
		{
			"id": "Navigator",
			"name": "Navigator"
		},
		{
			"id": "Necromancer",
			"name": "Necromancer"
		},
		{
			"id": "Noble",
			"name": "Noble"
		},
		{
			"id": "Palace Guard",
			"name": "Palace Guard"
		},
		{
			"id": "Pathfinder Field Agent",
			"name": "Pathfinder Field Agent"
		},
		{
			"id": "Pathfinder Venture-Captain",
			"name": "Pathfinder Venture-Captain"
		},
		{
			"id": "Physician",
			"name": "Physician"
		},
		{
			"id": "Pirate",
			"name": "Pirate"
		},
		{
			"id": "Plague Doctor",
			"name": "Plague Doctor"
		},
		{
			"id": "Poacher",
			"name": "Poacher"
		},
		{
			"id": "Priest of Pharasma",
			"name": "Priest of Pharasma"
		},
		{
			"id": "Prisoner",
			"name": "Prisoner"
		},
		{
			"id": "Privateer Captain",
			"name": "Privateer Captain"
		},
		{
			"id": "Prophet",
			"name": "Prophet"
		},
		{
			"id": "Rain-Scribe",
			"name": "Rain-Scribe"
		},
		{
			"id": "Reckless Scientist",
			"name": "Reckless Scientist"
		},
		{
			"id": "Ruffian",
			"name": "Ruffian"
		},
		{
			"id": "Saboteur",
			"name": "Saboteur"
		},
		{
			"id": "Sage",
			"name": "Sage"
		},
		{
			"id": "Servant",
			"name": "Servant"
		},
		{
			"id": "Server",
			"name": "Server"
		},
		{
			"id": "Ship Captain",
			"name": "Ship Captain"
		},
		{
			"id": "Smith",
			"name": "Smith"
		},
		{
			"id": "Spy",
			"name": "Spy"
		},
		{
			"id": "Stone Giant Monk",
			"name": "Stone Giant Monk"
		},
		{
			"id": "Surgeon",
			"name": "Surgeon"
		},
		{
			"id": "Tax Collector",
			"name": "Tax Collector"
		},
		{
			"id": "Teacher",
			"name": "Teacher"
		},
		{
			"id": "Tempest-Sun Mage",
			"name": "Tempest-Sun Mage"
		},
		{
			"id": "Tomb Raider",
			"name": "Tomb Raider"
		},
		{
			"id": "Torchbearer",
			"name": "Torchbearer"
		},
		{
			"id": "Tracker",
			"name": "Tracker"
		},
		{
			"id": "Troubadour",
			"name": "Troubadour"
		},
		{
			"id": "Urchin",
			"name": "Urchin"
		},
		{
			"id": "Veteran Reclaimer",
			"name": "Veteran Reclaimer"
		},
		{
			"id": "Virtuous Defender",
			"name": "Virtuous Defender"
		},
		{
			"id": "Warden",
			"name": "Warden"
		},
		{
			"id": "Watch Officer",
			"name": "Watch Officer"
		},
		{
			"id": "Zealot of Asmodeus",
			"name": "Zealot of Asmodeus"
		}
	]
}