{
	"label": "Bestiary Ability Glossary",
	"entries": [
		{
			"id": "+1 Status to All Saves vs Magic",
			"name": "+1 Status to All Saves vs Magic",
			"description": ""
		},
		{
			"id": "All-Around Vision",
			"name": "All-Around Vision",
			"description": "<p>@Localize[PF2E.NPC.Abilities.Glossary.AllAroundVision]</p>"
		},
		{
			"id": "Aquatic Ambush",
			"name": "Aquatic Ambush",
			"description": "<p>@Localize[PF2E.NPC.Abilities.Glossary.AquaticAmbush]</p>"
		},
		{
			"id": "At-Will Spells",
			"name": "At-Will Spells",
			"description": "<p>@Localize[PF2E.NPC.Abilities.Glossary.AtWillSpells]</p>"
		},
		{
			"id": "Attack of Opportunity",
			"name": "Attack of Opportunity",
			"description": "<p>@Localize[PF2E.NPC.Abilities.Glossary.AttackOfOpportunity]</p>"
		},
		{
			"id": "Aura",
			"name": "Aura",
			"description": "<p>@Localize[PF2E.NPC.Abilities.Glossary.Aura]</p>"
		},
		{
			"id": "Buck",
			"name": "Buck",
			"description": "<p>@Check[type:reflex]</p>\n<p>@Localize[PF2E.NPC.Abilities.Glossary.Buck]</p>"
		},
		{
			"id": "Catch Rock",
			"name": "Catch Rock",
			"description": "<p>@Localize[PF2E.NPC.Abilities.Glossary.CatchRock]</p>"
		},
		{
			"id": "Change Shape",
			"name": "Change Shape",
			"description": "<p>@Localize[PF2E.NPC.Abilities.Glossary.ChangeShape]</p>"
		},
		{
			"id": "Constant Spells",
			"name": "Constant Spells",
			"description": "<p>@Localize[PF2E.NPC.Abilities.Glossary.ConstantSpells]</p>"
		},
		{
			"id": "Constrict",
			"name": "Constrict",
			"description": "<p>@Localize[PF2E.NPC.Abilities.Glossary.Constrict]</p>"
		},
		{
			"id": "Coven",
			"name": "Coven",
			"description": "<p>@Localize[PF2E.NPC.Abilities.Glossary.Coven]</p>"
		},
		{
			"id": "Darkvision",
			"name": "Darkvision",
			"description": "<p>@Localize[PF2E.NPC.Abilities.Glossary.Darkvision]</p>"
		},
		{
			"id": "Disease",
			"name": "Disease",
			"description": "<p>@Localize[PF2E.NPC.Abilities.Glossary.Disease]</p>"
		},
		{
			"id": "Engulf",
			"name": "Engulf",
			"description": "<p>@Localize[PF2E.NPC.Abilities.Glossary.Engulf]</p>"
		},
		{
			"id": "Fast Healing",
			"name": "Fast Healing",
			"description": "<p>@Localize[PF2E.NPC.Abilities.Glossary.FastHealing]</p>"
		},
		{
			"id": "Ferocity",
			"name": "Ferocity",
			"description": "<p>@Localize[PF2E.NPC.Abilities.Glossary.Ferocity]</p>"
		},
		{
			"id": "Form Up",
			"name": "Form Up",
			"description": "<p>@Localize[PF2E.NPC.Abilities.Glossary.FormUp]</p>"
		},
		{
			"id": "Frightful Presence",
			"name": "Frightful Presence",
			"description": "<p>@Template[type:emanation|distance:0]{0 feet} @Compendium[pf2e.bestiary-ability-glossary-srd.v61oEQaDdcRpaZ9X]{Aura} @Check[type:will]</p>\n<hr />\n<p>@Localize[PF2E.NPC.Abilities.Glossary.FrightfulPresence]</p>"
		},
		{
			"id": "Grab",
			"name": "Grab",
			"description": "<p>@Localize[PF2E.NPC.Abilities.Glossary.Grab]</p>"
		},
		{
			"id": "Greater Constrict",
			"name": "Greater Constrict",
			"description": "<p>@Localize[PF2E.NPC.Abilities.Glossary.GreaterConstrict]</p>"
		},
		{
			"id": "Greater Darkvision",
			"name": "Greater Darkvision",
			"description": "<p>@Localize[PF2E.NPC.Abilities.Glossary.GreaterDarkvision]</p>"
		},
		{
			"id": "Improved Grab",
			"name": "Improved Grab",
			"description": "<p>@Localize[PF2E.NPC.Abilities.Glossary.ImprovedGrab]</p>"
		},
		{
			"id": "Improved Knockdown",
			"name": "Improved Knockdown",
			"description": "<p>@Localize[PF2E.NPC.Abilities.Glossary.ImprovedKnockdown]</p>"
		},
		{
			"id": "Improved Push",
			"name": "Improved Push",
			"description": "<p>@Localize[PF2E.NPC.Abilities.Glossary.ImprovedPush]</p>"
		},
		{
			"id": "Knockdown",
			"name": "Knockdown",
			"description": "<p>@Localize[PF2E.NPC.Abilities.Glossary.Knockdown]</p>"
		},
		{
			"id": "Lifesense",
			"name": "Lifesense",
			"description": "<p>@Localize[PF2E.NPC.Abilities.Glossary.Lifesense]</p>"
		},
		{
			"id": "Light Blindness",
			"name": "Light Blindness",
			"description": "<p>@Localize[PF2E.NPC.Abilities.Glossary.LightBlindness]</p>"
		},
		{
			"id": "Low-Light Vision",
			"name": "Low-Light Vision",
			"description": "<p>@Localize[PF2E.NPC.Abilities.Glossary.LowLightVision]</p>"
		},
		{
			"id": "Negative Healing",
			"name": "Negative Healing",
			"description": "<p>@Localize[PF2E.NPC.Abilities.Glossary.NegativeHealing]</p>"
		},
		{
			"id": "Nimble Dodge",
			"name": "Nimble Dodge",
			"description": "<p><strong>Trigger</strong> A creature targets you with an attack and you can see the attacker.</p>\n<p><strong>Requirements</strong> You are not encumbered</p>\n<hr />\n<p>You deftly dodge out of the way, gaining a +2 circumstance bonus to AC against the triggering attack.</p>"
		},
		{
			"id": "Poison",
			"name": "Poison",
			"description": "<p>@Localize[PF2E.NPC.Abilities.Glossary.Poison]</p>"
		},
		{
			"id": "Power Attack",
			"name": "Power Attack",
			"description": "<p>@Localize[PF2E.NPC.Abilities.Glossary.PowerAttack]</p>"
		},
		{
			"id": "Push",
			"name": "Push",
			"description": "<p>@Localize[PF2E.NPC.Abilities.Glossary.Push]</p>"
		},
		{
			"id": "Regeneration",
			"name": "Regeneration",
			"description": "<p>@Localize[PF2E.NPC.Abilities.Glossary.Regeneration]</p>"
		},
		{
			"id": "Rend",
			"name": "Rend",
			"description": "<p>@Localize[PF2E.NPC.Abilities.Glossary.Rend]</p>"
		},
		{
			"id": "Retributive Strike",
			"name": "Retributive Strike",
			"description": "<p>@Localize[PF2E.NPC.Abilities.Glossary.RetributiveStrike]</p>"
		},
		{
			"id": "Scent",
			"name": "Scent",
			"description": "<p>@Localize[PF2E.NPC.Abilities.Glossary.Scent]</p>"
		},
		{
			"id": "Shield Block",
			"name": "Shield Block",
			"description": "<p>@Localize[PF2E.NPC.Abilities.Glossary.ShieldBlock]</p>"
		},
		{
			"id": "Sneak Attack",
			"name": "Sneak Attack",
			"description": "<p>@Localize[PF2E.NPC.Abilities.Glossary.SneakAttack]</p>"
		},
		{
			"id": "Swallow Whole",
			"name": "Swallow Whole",
			"description": "<p>@Localize[PF2E.NPC.Abilities.Glossary.SwallowWhole]</p>"
		},
		{
			"id": "Swarm Mind",
			"name": "Swarm Mind",
			"description": "<p>@Localize[PF2E.NPC.Abilities.Glossary.SwarmMind]</p>"
		},
		{
			"id": "Telepathy",
			"name": "Telepathy",
			"description": "<p>@Localize[PF2E.NPC.Abilities.Glossary.Telepathy]</p>"
		},
		{
			"id": "Thoughtsense",
			"name": "Thoughtsense",
			"description": "<p>@Localize[PF2E.NPC.Abilities.Glossary.Thoughtsense]</p>"
		},
		{
			"id": "Throw Rock",
			"name": "Throw Rock",
			"description": "<p>@Localize[PF2E.NPC.Abilities.Glossary.ThrowRock]</p>"
		},
		{
			"id": "Trample",
			"name": "Trample",
			"description": "<p>@Localize[PF2E.NPC.Abilities.Glossary.Trample]</p>"
		},
		{
			"id": "Tremorsense",
			"name": "Tremorsense",
			"description": "<p>@Localize[PF2E.NPC.Abilities.Glossary.Tremorsense]</p>"
		},
		{
			"id": "Troop Defenses",
			"name": "Troop Defenses",
			"description": "<p>@Localize[PF2E.NPC.Abilities.Glossary.TroopDefenses]</p>"
		},
		{
			"id": "Wavesense",
			"name": "Wavesense",
			"description": "<p>@Localize[PF2E.NPC.Abilities.Glossary.Wavesense]</p>"
		}
	]
}