{
	"label": "Malevolence",
	"entries": [
		{
			"id": "Algea",
			"name": "Algea"
		},
		{
			"id": "Anitoli Nostraema",
			"name": "Anitoli Nostraema"
		},
		{
			"id": "Architect and Hunter",
			"name": "Architect and Hunter"
		},
		{
			"id": "Carrion Vortex",
			"name": "Carrion Vortex"
		},
		{
			"id": "Corrupted Nosoi",
			"name": "Corrupted Nosoi"
		},
		{
			"id": "Esobok Ghoul",
			"name": "Esobok Ghoul"
		},
		{
			"id": "Haunted Nosoi",
			"name": "Haunted Nosoi"
		},
		{
			"id": "Ioseff Xarwin",
			"name": "Ioseff Xarwin"
		},
		{
			"id": "Ixirizmid",
			"name": "Ixirizmid"
		},
		{
			"id": "Lured to Ashes",
			"name": "Lured to Ashes"
		},
		{
			"id": "Mouth of Tchekuth",
			"name": "Mouth of Tchekuth"
		},
		{
			"id": "Nils Kelveken",
			"name": "Nils Kelveken"
		},
		{
			"id": "Tanglebones",
			"name": "Tanglebones"
		},
		{
			"id": "Undead Brain Collector",
			"name": "Undead Brain Collector"
		},
		{
			"id": "Wrathful Hatchet",
			"name": "Wrathful Hatchet"
		},
		{
			"id": "Xarwin Caul",
			"name": "Xarwin Caul"
		},
		{
			"id": "Xarwin Manor Phantasm",
			"name": "Xarwin Manor Phantasm"
		},
		{
			"id": "Xarwin Portraits",
			"name": "Xarwin Portraits"
		},
		{
			"id": "Xarwin's Manifestation",
			"name": "Xarwin's Manifestation"
		},
		{
			"id": "Yianyin",
			"name": "Yianyin"
		}
	]
}