{
	"label": "The Slithering",
	"entries": [
		{
			"id": "Ahvothian",
			"name": "Ahvothian"
		},
		{
			"id": "Alchemical Golem (Slithering)",
			"name": "Alchemical Golem (Slithering)"
		},
		{
			"id": "Angazhan's Rake Trap",
			"name": "Angazhan's Rake Trap"
		},
		{
			"id": "Angazhani Cultist",
			"name": "Angazhani Cultist"
		},
		{
			"id": "Aspis Guard",
			"name": "Aspis Guard"
		},
		{
			"id": "Aspis Technician",
			"name": "Aspis Technician"
		},
		{
			"id": "Croakchief Globblit Skink-eater",
			"name": "Croakchief Globblit Skink-eater"
		},
		{
			"id": "Cursebreaker",
			"name": "Cursebreaker"
		},
		{
			"id": "Fiendripping Blast Trap",
			"name": "Fiendripping Blast Trap"
		},
		{
			"id": "Fuming Sludge",
			"name": "Fuming Sludge"
		},
		{
			"id": "Nyamat Mshwe",
			"name": "Nyamat Mshwe"
		},
		{
			"id": "Paga Nikohian",
			"name": "Paga Nikohian"
		},
		{
			"id": "Scroll Shock Trap",
			"name": "Scroll Shock Trap"
		},
		{
			"id": "Stalker Summoning Rune",
			"name": "Stalker Summoning Rune"
		}
	]
}