{
	"label": "Outlaws of Alkenstar Bestiary",
	"entries": [
		{
			"id": "\"Lucky\" Lanks",
			"name": "\"Lucky\" Lanks"
		},
		{
			"id": "Akrida",
			"name": "Akrida"
		},
		{
			"id": "Ambrost Mugland",
			"name": "Ambrost Mugland"
		},
		{
			"id": "Brighite Herexen",
			"name": "Brighite Herexen"
		},
		{
			"id": "Bristlebane",
			"name": "Bristlebane"
		},
		{
			"id": "Chimeric Manticore",
			"name": "Chimeric Manticore"
		},
		{
			"id": "Clearwater Cleaner",
			"name": "Clearwater Cleaner"
		},
		{
			"id": "Clockwork Brewer",
			"name": "Clockwork Brewer"
		},
		{
			"id": "Clockwork Disposer",
			"name": "Clockwork Disposer"
		},
		{
			"id": "Clockwork Door Warden",
			"name": "Clockwork Door Warden"
		},
		{
			"id": "Clockwork Fabricator",
			"name": "Clockwork Fabricator"
		},
		{
			"id": "Clockwork Gunner",
			"name": "Clockwork Gunner"
		},
		{
			"id": "Clockwork Handler",
			"name": "Clockwork Handler"
		},
		{
			"id": "Clockwork Hunter",
			"name": "Clockwork Hunter"
		},
		{
			"id": "Clockwork Sphinx",
			"name": "Clockwork Sphinx"
		},
		{
			"id": "Color Spray Trap",
			"name": "Color Spray Trap"
		},
		{
			"id": "Compromised Door Warden",
			"name": "Compromised Door Warden"
		},
		{
			"id": "Daelum",
			"name": "Daelum"
		},
		{
			"id": "Dewey Daystar",
			"name": "Dewey Daystar"
		},
		{
			"id": "Drela",
			"name": "Drela"
		},
		{
			"id": "Explosive Steam Trap",
			"name": "Explosive Steam Trap"
		},
		{
			"id": "Falling Portcullis Trap",
			"name": "Falling Portcullis Trap"
		},
		{
			"id": "False Door Trap",
			"name": "False Door Trap"
		},
		{
			"id": "Follower of Shumfallow",
			"name": "Follower of Shumfallow"
		},
		{
			"id": "Gilded Gunner Assassin",
			"name": "Gilded Gunner Assassin"
		},
		{
			"id": "Gilded Gunner Goon",
			"name": "Gilded Gunner Goon"
		},
		{
			"id": "Gilded Gunner Safecracker",
			"name": "Gilded Gunner Safecracker"
		},
		{
			"id": "Glaz Nixbrix",
			"name": "Glaz Nixbrix"
		},
		{
			"id": "Gold Tank Broker",
			"name": "Gold Tank Broker"
		},
		{
			"id": "Gold Tank Investor",
			"name": "Gold Tank Investor"
		},
		{
			"id": "Gunmarshal",
			"name": "Gunmarshal"
		},
		{
			"id": "Hansin",
			"name": "Hansin"
		},
		{
			"id": "I",
			"name": "I"
		},
		{
			"id": "Ioton (F6)",
			"name": "Ioton (F6)"
		},
		{
			"id": "Irkem Dresh",
			"name": "Irkem Dresh"
		},
		{
			"id": "Iron Dart Launcher",
			"name": "Iron Dart Launcher"
		},
		{
			"id": "Kreeth-Ni",
			"name": "Kreeth-Ni"
		},
		{
			"id": "Lonely Machine Spirit",
			"name": "Lonely Machine Spirit"
		},
		{
			"id": "Lyzerium Bottles",
			"name": "Lyzerium Bottles"
		},
		{
			"id": "Masu",
			"name": "Masu"
		},
		{
			"id": "Mutant Desert Drake",
			"name": "Mutant Desert Drake"
		},
		{
			"id": "Mutant Giant Toad",
			"name": "Mutant Giant Toad"
		},
		{
			"id": "Palzu",
			"name": "Palzu"
		},
		{
			"id": "Powderkeg Punk Bombardier",
			"name": "Powderkeg Punk Bombardier"
		},
		{
			"id": "Powderkeg Punk Gunner",
			"name": "Powderkeg Punk Gunner"
		},
		{
			"id": "Prairie Drake",
			"name": "Prairie Drake"
		},
		{
			"id": "Precarious Thunderstone Trap",
			"name": "Precarious Thunderstone Trap"
		},
		{
			"id": "Purple Dye Trap",
			"name": "Purple Dye Trap"
		},
		{
			"id": "Repeater Crossbow Trap",
			"name": "Repeater Crossbow Trap"
		},
		{
			"id": "Roxy",
			"name": "Roxy"
		},
		{
			"id": "Rust Ooze",
			"name": "Rust Ooze"
		},
		{
			"id": "Sabora Sharkosa",
			"name": "Sabora Sharkosa"
		},
		{
			"id": "Scarecophagus",
			"name": "Scarecophagus"
		},
		{
			"id": "Second Kiss Engine",
			"name": "Second Kiss Engine"
		},
		{
			"id": "Shoma Lyzerius",
			"name": "Shoma Lyzerius"
		},
		{
			"id": "Slick",
			"name": "Slick"
		},
		{
			"id": "Sludgespine Killer",
			"name": "Sludgespine Killer"
		},
		{
			"id": "Smog Giant",
			"name": "Smog Giant"
		},
		{
			"id": "Spellscar Sky Marauder",
			"name": "Spellscar Sky Marauder"
		},
		{
			"id": "Steaming Kingdom Bartender",
			"name": "Steaming Kingdom Bartender"
		},
		{
			"id": "Stink-Sap Trap",
			"name": "Stink-Sap Trap"
		},
		{
			"id": "Subduing Gas Chamber",
			"name": "Subduing Gas Chamber"
		},
		{
			"id": "Swee Pup",
			"name": "Swee Pup"
		},
		{
			"id": "The Claws of Time",
			"name": "The Claws of Time"
		},
		{
			"id": "Trapjaw Tangle",
			"name": "Trapjaw Tangle"
		},
		{
			"id": "Volatile Reagents",
			"name": "Volatile Reagents"
		},
		{
			"id": "Wooden Bullets Trap",
			"name": "Wooden Bullets Trap"
		},
		{
			"id": "Yeast Ooze",
			"name": "Yeast Ooze"
		}
	]
}