{
	"label": "One Shot Unique Bestiary",
	"entries": [
		{
			"id": "Auldegrund Grimcarver",
			"name": "Auldegrund Grimcarver"
		},
		{
			"id": "Boreal Rage Trap",
			"name": "Boreal Rage Trap"
		},
		{
			"id": "Cultist of Alocer",
			"name": "Cultist of Alocer"
		},
		{
			"id": "Doatara the Poisoner",
			"name": "Doatara the Poisoner"
		},
		{
			"id": "Doatara the Priest",
			"name": "Doatara the Priest"
		},
		{
			"id": "Giant Pirate Skeleton",
			"name": "Giant Pirate Skeleton"
		},
		{
			"id": "Hail of Darts",
			"name": "Hail of Darts"
		},
		{
			"id": "Kelorbeyan Guard",
			"name": "Kelorbeyan Guard"
		},
		{
			"id": "Lawn Crawfish",
			"name": "Lawn Crawfish"
		},
		{
			"id": "Pairaka (One-Shot #4)",
			"name": "Pairaka (One-Shot #4)"
		},
		{
			"id": "Poisoned Lock (Lionlodge)",
			"name": "Poisoned Lock (Lionlodge)"
		},
		{
			"id": "Precarious Pile",
			"name": "Precarious Pile"
		},
		{
			"id": "Princess Sunset",
			"name": "Princess Sunset"
		},
		{
			"id": "Simulacrum",
			"name": "Simulacrum"
		},
		{
			"id": "Taxidermic Dog",
			"name": "Taxidermic Dog"
		}
	]
}